cpf,nome,nascimento
08438524740,Ana Oliveira,11/04/1967
20946869010,Mariana Almeida,12/04/1974
17597149634,Ana Oliveira,18/11/1953
54225759829,Gabriel Rodrigues,27/09/1976
92159865605,Lucas Pereira,07/02/1975
04463731699,Mariana Almeida,11/02/1993
05143644723,Pedro Santos,31/03/1995
39778090123,Ana Oliveira,22/09/1990
78442863830,Lucas Pereira,25/01/2001
75565253028,Pedro Santos,23/11/1975
69902273674,Gabriel Rodrigues,18/07/1988
29040561394,Julia Costa,16/04/1959
92005197388,Ana Oliveira,12/02/1974
87342479645,Rafael Ferreira,25/09/1962
52039137479,Lucas Pereira,29/04/1990
52472616063,Lucas Pereira,29/11/1958
34319079365,Lucas Pereira,14/06/1987
45910197377,Maria Souza,12/07/1972
14829777299,Pedro Santos,14/03/2005
26256495099,Rafael Ferreira,03/08/2005
39713481001,Ana Oliveira,17/08/1953
44267887926,Pedro Santos,25/08/1994
07869915993,Beatriz Lima,05/03/1985
79757046037,Julia Costa,22/03/1989
84321824735,Pedro Santos,13/11/1996
20595464263,Ana Oliveira,18/07/1972
18149840448,Pedro Santos,25/02/1968
95250165239,Beatriz Lima,16/11/1994
96705333828,Maria Souza,30/05/1958
79559598337,Julia Costa,12/02/1970
06657138216,Lucas Pereira,01/03/1962
63581690309,Joao Silva,06/08/1985
38849376983,Mariana Almeida,08/12/1967
11104388689,Joao Silva,25/04/1980
35779634539,Ana Oliveira,05/05/1976
42419434279,Joao Silva,04/09/1980
68596389186,Gabriel Rodrigues,07/06/1975
88961899773,Gabriel Rodrigues,21/12/1995
99692448005,Pedro Santos,06/08/2004
80502592100,Rafael Ferreira,02/09/1991
00043445106,Ana Oliveira,25/01/1956
71196016368,Gabriel Rodrigues,21/10/1956
12617611931,Ana Oliveira,05/07/1986
53606390654,Rafael Ferreira,24/02/2004
25719751924,Julia Costa,02/07/2003
91711578534,Gabriel Rodrigues,03/02/1955
70122672258,Beatriz Lima,06/02/2005
51622085853,Mariana Almeida,01/06/1955
44841407257,Ana Oliveira,08/04/1999
99974202707,Beatriz Lima,23/08/1961
45860229864,Beatriz Lima,22/04/1955
11138260830,Julia Costa,03/03/1997
43264660447,Mariana Almeida,03/03/1980
16465196810,Mariana Almeida,06/07/1958
28479015273,Pedro Santos,12/07/1989
58534462270,Mariana Almeida,15/11/2002
34912254161,Lucas Pereira,26/08/1988
37303590302,Maria Souza,11/09/1960
65082020110,Ana Oliveira,30/03/1999
49280516625,Gabriel Rodrigues,27/02/1986
41452309710,Beatriz Lima,05/06/1997
47133811949,Ana Oliveira,20/07/1980
38505908825,Pedro Santos,07/04/1971
62750075769,Lucas Pereira,08/12/1975
84125300416,Lucas Pereira,02/11/1964
02439836430,Lucas Pereira,11/08/1992
56655005755,Lucas Pereira,27/12/1952
17921785511,Ana Oliveira,05/10/1983
76224243829,Ana Oliveira,11/01/1988
73212079105,Rafael Ferreira,13/06/1996
53699074245,Beatriz Lima,09/10/1967
90287589645,Julia Costa,30/09/1955
03226277060,Julia Costa,25/06/2001
19174215457,Joao Silva,19/08/1982
82852476414,Joao Silva,07/03/1950
34282745687,Julia Costa,28/11/1972
52184057939,Julia Costa,18/04/1986
78162098065,Maria Souza,12/01/1991
67853689323,Rafael Ferreira,31/07/1989
73141011593,Mariana Almeida,03/11/1950
09387128362,Rafael Ferreira,21/12/1973
13840659986,Joao Silva,19/08/1988
08826067525,Pedro Santos,09/10/1957
94525170678,Mariana Almeida,27/09/1956
27207087886,Ana Oliveira,01/04/1994
29904793104,Rafael Ferreira,02/09/1998
49869649979,Joao Silva,15/03/1981
86502065983,Rafael Ferreira,12/08/1959
46919422675,Julia Costa,30/06/1985
24925528798,Maria Souza,21/11/1978
33620075266,Beatriz Lima,11/09/1975
07619027356,Ana Oliveira,28/12/1982
20350823879,Pedro Santos,27/07/1996
93510880902,Julia Costa,11/06/1986
15216240925,Lucas Pereira,18/05/1978
11698458477,Mariana Almeida,02/07/2002
22701315059,Joao Silva,13/10/1988
82128176548,Beatriz Lima,12/12/1991
30878289809,Gabriel Rodrigues,06/07/1995
58783252907,Rafael Ferreira,12/08/1950
85656190565,Lucas Pereira,14/08/1958
65840652503,Pedro Santos,25/07/1962
10059583999,Lucas Pereira,27/06/1953
25813798103,Gabriel Rodrigues,18/08/1958
83411170885,Joao Silva,21/01/2004
71078230185,Pedro Santos,25/07/2005
93920157632,Mariana Almeida,16/03/1985
02350691544,Gabriel Rodrigues,02/09/1994
20831451655,Maria Souza,11/01/1960
79613461080,Mariana Almeida,25/03/1987
08423519507,Lucas Pereira,07/10/2003
74569962523,Julia Costa,27/01/1995
98518331868,Beatriz Lima,19/11/1999
37196389482,Joao Silva,11/04/1998
41047348416,Joao Silva,06/07/1981
58944777029,Joao Silva,10/11/2001
01136790892,Joao Silva,07/07/2000
74044897710,Pedro Santos,30/08/1958
00980529945,Joao Silva,22/12/1968
88957965639,Pedro Santos,19/05/1957
03125129257,Rafael Ferreira,09/01/1994
71666227526,Rafael Ferreira,14/06/1967
10262272822,Gabriel Rodrigues,19/09/1965
63448291958,Maria Souza,16/07/1999
46295367103,Joao Silva,01/12/1977
21249726587,Maria Souza,31/12/1990
08540156743,Lucas Pereira,28/05/1967
04716072487,Beatriz Lima,09/03/1958
73439495240,Rafael Ferreira,23/05/1964
41441441759,Pedro Santos,28/09/1993
46079113661,Ana Oliveira,22/05/1982
97889398754,Ana Oliveira,30/03/1988
33306865071,Gabriel Rodrigues,09/01/1990
09901779797,Mariana Almeida,28/08/1995
33142700799,Julia Costa,25/01/1974
00169253975,Julia Costa,11/05/1966
91329381894,Pedro Santos,06/04/1980
43245937190,Mariana Almeida,08/10/1972
68284954784,Beatriz Lima,19/07/1984
48722179479,Maria Souza,13/06/2000
58722567024,Joao Silva,15/08/1951
49342843316,Lucas Pereira,11/03/1994
17354598932,Maria Souza,21/12/1974
30761038012,Joao Silva,02/12/1954
87487725265,Pedro Santos,24/08/1958
67125768095,Julia Costa,10/03/1978
55021098613,Pedro Santos,22/06/1954
28779050076,Joao Silva,30/07/1983
54585742310,Lucas Pereira,07/11/2004
59623908720,Ana Oliveira,29/03/1988
42672123378,Mariana Almeida,13/08/1975
35765885145,Ana Oliveira,02/05/1954
70103037815,Mariana Almeida,24/05/1971
67394658320,Pedro Santos,14/07/1979
48200175475,Pedro Santos,27/11/1986
66047850017,Julia Costa,14/09/1962
56842974213,Julia Costa,10/04/1996
25938547293,Mariana Almeida,15/05/1978
61818102231,Pedro Santos,28/02/1994
47637631284,Beatriz Lima,08/12/1969
83868373086,Gabriel Rodrigues,04/10/1968
96369155856,Julia Costa,07/07/1999
79208656785,Pedro Santos,16/12/1975
54827189468,Mariana Almeida,18/10/1967
28076896346,Lucas Pereira,24/03/1961
42758604047,Lucas Pereira,25/04/1954
82296510324,Mariana Almeida,20/10/1995
23704756697,Pedro Santos,09/07/1993
15173773106,Joao Silva,12/11/1955
49985886599,Rafael Ferreira,22/10/1981
20482518178,Joao Silva,19/10/1952
23201458609,Ana Oliveira,18/05/1950
79416677108,Rafael Ferreira,08/10/1999
09927696045,Pedro Santos,04/05/1985
07239566374,Ana Oliveira,18/06/1983
25161668084,Gabriel Rodrigues,11/11/1975
96406565182,Gabriel Rodrigues,27/07/1984
81926038658,Gabriel Rodrigues,20/12/1970
98954769651,Gabriel Rodrigues,30/10/1982
28866735512,Mariana Almeida,04/10/1980
95689156920,Ana Oliveira,18/11/1985
64663113402,Rafael Ferreira,19/07/1981
27351271527,Ana Oliveira,30/03/1986
95324729419,Julia Costa,24/10/1967
58131255563,Joao Silva,29/02/1968
75710998133,Maria Souza,26/04/1967
96939327307,Gabriel Rodrigues,26/05/1960
27648897722,Beatriz Lima,30/06/1990
30646879225,Beatriz Lima,20/09/1992
28366321295,Beatriz Lima,07/10/1961
88848142638,Rafael Ferreira,27/03/1967
16391083199,Beatriz Lima,07/06/1951
96429307398,Pedro Santos,20/09/1978
58648452420,Pedro Santos,23/05/1958
75687542753,Joao Silva,08/05/1990
51398557513,Ana Oliveira,22/07/1964
61084657253,Mariana Almeida,11/10/1976
36072015820,Beatriz Lima,13/08/2004
51555869969,Ana Oliveira,08/05/2000
99136709351,Mariana Almeida,18/01/1964
68967305153,Mariana Almeida,22/10/1990
75838895951,Pedro Santos,09/02/1962
31280733983,Pedro Santos,02/11/1976
75386909081,Pedro Santos,27/02/1959
42927663198,Lucas Pereira,26/10/2002
05860383988,Mariana Almeida,11/03/1959
85736777906,Ana Oliveira,04/05/1990
97492494212,Beatriz Lima,15/02/1957
24412390661,Rafael Ferreira,13/04/1967
22173202398,Rafael Ferreira,24/04/2003
47345927320,Ana Oliveira,17/07/1997
62463885761,Ana Oliveira,23/05/1981
73129985882,Gabriel Rodrigues,19/01/1996
22632523238,Lucas Pereira,12/01/2003
83234781260,Beatriz Lima,21/07/1975
54206129537,Beatriz Lima,10/11/1978
45385414758,Pedro Santos,10/08/1967
79840424420,Pedro Santos,12/02/1981
18149004688,Joao Silva,25/06/1998
68949165233,Pedro Santos,20/10/1995
00351713130,Ana Oliveira,20/05/1956
17102422455,Lucas Pereira,15/10/1966
10764460942,Julia Costa,30/12/1994
06517144681,Joao Silva,26/02/1974
05643089333,Mariana Almeida,24/03/1959
00734562937,Ana Oliveira,16/12/1963
18512465971,Mariana Almeida,23/02/1978
66676879285,Joao Silva,14/06/1972
24684168416,Ana Oliveira,05/09/2003
22039859236,Julia Costa,01/01/1992
25820437284,Ana Oliveira,17/11/1959
39089752543,Mariana Almeida,16/08/1997
36041083714,Rafael Ferreira,29/08/1994
52088382053,Rafael Ferreira,07/05/1978
44193441096,Joao Silva,01/05/1972
73059753804,Ana Oliveira,10/05/1967
33870195800,Gabriel Rodrigues,19/06/1985
74977559196,Mariana Almeida,27/12/1987
03768189968,Lucas Pereira,31/12/1955
47723015069,Lucas Pereira,06/10/1953
08096671829,Maria Souza,31/12/1993
59830968485,Maria Souza,28/07/2000
52812906352,Julia Costa,05/02/2000
43380286303,Joao Silva,14/06/1997
84417071523,Lucas Pereira,04/03/1998
79900435454,Maria Souza,27/09/1991
69514612498,Lucas Pereira,12/01/1984
15136011907,Mariana Almeida,11/02/1965
94380710166,Joao Silva,18/08/1964
18680828129,Julia Costa,13/10/1994
34840357341,Julia Costa,24/07/1954
64604479188,Mariana Almeida,03/08/1970
25810413525,Rafael Ferreira,22/04/1974
04345721947,Beatriz Lima,15/01/1954
05714522594,Lucas Pereira,09/08/1988
85304230243,Beatriz Lima,22/07/1958
46807366348,Pedro Santos,08/05/1976
84495470648,Rafael Ferreira,28/08/1991
59071765235,Rafael Ferreira,20/08/1978
50727313449,Gabriel Rodrigues,09/08/1968
93991235763,Julia Costa,22/08/1991
35214257691,Rafael Ferreira,17/07/1978
35289604736,Pedro Santos,19/07/1992
53314941807,Mariana Almeida,15/10/1954
08979253050,Pedro Santos,06/06/1991
71480452402,Pedro Santos,20/04/1951
46211745357,Julia Costa,07/04/1999
24632918994,Ana Oliveira,18/05/1971
63409595314,Maria Souza,05/02/1967
75690177722,Julia Costa,07/04/2000
39565043451,Pedro Santos,30/11/1955
20902413546,Rafael Ferreira,03/09/1987
52658662294,Mariana Almeida,26/05/1979
06517704041,Pedro Santos,31/12/1988
08748070453,Maria Souza,17/05/1984
64553997060,Ana Oliveira,29/05/1968
18130054823,Mariana Almeida,13/03/1999
34548867509,Joao Silva,31/07/1993
64408824204,Joao Silva,16/02/2004
26126255562,Maria Souza,04/08/1994
99336486955,Lucas Pereira,15/09/1980
21138177241,Maria Souza,03/04/1987
10894367596,Ana Oliveira,03/06/1963
44689952238,Beatriz Lima,24/05/1991
75855192387,Maria Souza,22/01/1978
99867128003,Ana Oliveira,03/05/1982
60336376324,Gabriel Rodrigues,25/05/1965
12309646189,Ana Oliveira,21/02/1969
78795688070,Gabriel Rodrigues,11/01/2003
29772015430,Beatriz Lima,07/01/1960
36085457499,Ana Oliveira,13/06/1963
01862927226,Lucas Pereira,12/03/1988
66236993735,Joao Silva,15/09/1996
26423621920,Pedro Santos,23/03/1977
16047797047,Lucas Pereira,09/11/1995
62165754319,Mariana Almeida,17/01/1978
20333832298,Joao Silva,21/05/1992
08237258563,Maria Souza,08/12/1967
43576360857,Lucas Pereira,15/04/1998
40192450871,Mariana Almeida,05/03/1996
32618703228,Gabriel Rodrigues,28/02/2003
09009002137,Julia Costa,21/12/1998
62475559539,Mariana Almeida,03/03/1989
53525228678,Ana Oliveira,18/06/1968
92080225731,Mariana Almeida,05/05/1969
57484403711,Pedro Santos,02/08/1996
11537656341,Rafael Ferreira,23/02/1979
68162715272,Julia Costa,26/08/1989
71271669688,Mariana Almeida,07/11/1979
81723220073,Rafael Ferreira,14/10/2002
65034505771,Mariana Almeida,07/04/1987
16005881738,Rafael Ferreira,28/05/1997
16114888452,Gabriel Rodrigues,15/08/2003
87210950310,Beatriz Lima,27/05/1987
55943326614,Pedro Santos,25/02/1985
56918607667,Julia Costa,13/09/1992
00478885868,Ana Oliveira,30/03/1954
66577350288,Pedro Santos,20/10/1976
47675789520,Mariana Almeida,04/05/1973
18729666754,Maria Souza,05/05/1987
53548464147,Mariana Almeida,25/05/2000
00538856274,Beatriz Lima,25/02/1968
24316433162,Joao Silva,09/04/1969
88668388895,Mariana Almeida,14/07/1972
36396059176,Maria Souza,08/05/1981
49301958332,Gabriel Rodrigues,07/04/1994
58109696994,Maria Souza,19/12/1972
74872177719,Gabriel Rodrigues,21/10/1981
93287689495,Joao Silva,09/11/1982
30844271282,Julia Costa,29/12/1991
51909983551,Julia Costa,17/11/2002
27873730617,Maria Souza,25/01/1964
52386624698,Julia Costa,10/07/1986
09758407190,Julia Costa,11/10/1995
33941922861,Pedro Santos,14/08/2001
26544688258,Pedro Santos,21/03/1989
00035138879,Julia Costa,02/07/2001
36349055865,Mariana Almeida,13/04/1998
42456579906,Rafael Ferreira,19/04/1995
61396620136,Lucas Pereira,10/02/1967
86114628922,Pedro Santos,07/02/1978
78220995208,Gabriel Rodrigues,17/08/1975
66028584686,Lucas Pereira,01/08/1989
08867220355,Joao Silva,30/01/1956
31210176201,Pedro Santos,01/02/2004
76112154855,Mariana Almeida,23/02/1979
58611678380,Lucas Pereira,29/12/1960
25927591219,Beatriz Lima,23/12/1994
32271642384,Rafael Ferreira,02/03/2002
90875241081,Maria Souza,01/02/1997
81443947459,Julia Costa,30/07/1973
85517644385,Maria Souza,16/10/1957
01262943653,Lucas Pereira,15/07/1969
20540724849,Ana Oliveira,29/01/1952
91382793802,Ana Oliveira,26/09/1964
51955187785,Rafael Ferreira,04/12/1954
90244493395,Pedro Santos,21/06/1963
39665627607,Rafael Ferreira,01/12/1970
31903574421,Ana Oliveira,06/11/1959
65554588048,Pedro Santos,23/05/2004
85760131501,Gabriel Rodrigues,17/05/1993
10118054746,Julia Costa,10/11/1985
58190676003,Mariana Almeida,17/05/1954
18933464415,Beatriz Lima,14/03/1991
20759527622,Ana Oliveira,17/11/1994
97288423631,Lucas Pereira,02/11/2001
66470430142,Julia Costa,05/02/1961
43653913918,Pedro Santos,29/09/2004
74868653220,Rafael Ferreira,11/06/1983
20258977062,Rafael Ferreira,28/07/1956
10689523828,Beatriz Lima,31/10/2004
89930791688,Pedro Santos,23/05/2003
15368929735,Beatriz Lima,15/09/1967
67433217240,Maria Souza,04/03/1976
67164749902,Lucas Pereira,24/07/1957
30748769959,Pedro Santos,28/04/1982
06111007438,Gabriel Rodrigues,03/04/1969
48477716912,Maria Souza,15/06/1966
18787019927,Rafael Ferreira,05/01/1950
48965178107,Maria Souza,26/12/1998
98569787440,Gabriel Rodrigues,26/04/1971
48676059192,Gabriel Rodrigues,22/07/1955
49192393061,Julia Costa,10/02/1959
11829359746,Gabriel Rodrigues,30/07/1969
24613617504,Maria Souza,24/02/1981
51899526687,Rafael Ferreira,06/09/1994
87291440935,Joao Silva,06/12/1965
64852523770,Lucas Pereira,26/03/1998
34786244440,Lucas Pereira,22/05/1985
85304920701,Rafael Ferreira,20/04/1972
61902342671,Lucas Pereira,22/11/1963
51381659541,Joao Silva,21/07/1972
29734113462,Ana Oliveira,16/11/1953
13235667085,Rafael Ferreira,10/09/1984
79176585967,Mariana Almeida,05/01/1964
26290670739,Beatriz Lima,10/07/1998
81874015394,Rafael Ferreira,01/06/1975
62850597322,Rafael Ferreira,14/06/1983
22842512799,Joao Silva,31/01/1953
90594697988,Maria Souza,27/08/1997
22954156691,Ana Oliveira,30/10/1960
93141420711,Beatriz Lima,26/08/1951
60310402433,Maria Souza,09/01/2003
96366602546,Mariana Almeida,11/03/1966
92017616955,Beatriz Lima,10/11/1985
02610246257,Gabriel Rodrigues,23/05/1950
30483879867,Maria Souza,19/10/2002
01423785511,Maria Souza,28/12/1985
31251100963,Joao Silva,25/07/1965
18985726647,Pedro Santos,20/12/1961
07148347216,Gabriel Rodrigues,13/01/2004
61120512905,Rafael Ferreira,01/02/1987
09476650297,Joao Silva,06/07/1965
10101658896,Joao Silva,19/08/1962
68411549986,Rafael Ferreira,26/11/1976
19433413841,Joao Silva,29/07/1972
26425510074,Maria Souza,13/10/1989
63491869603,Julia Costa,10/12/1993
38251020131,Ana Oliveira,12/01/1986
49880613053,Rafael Ferreira,20/03/1964
78590382715,Mariana Almeida,26/04/1994
66836764863,Beatriz Lima,29/01/1978
06489386102,Lucas Pereira,31/12/1994
08838485377,Julia Costa,14/06/1977
15759288043,Pedro Santos,20/07/1986
01024077873,Beatriz Lima,24/09/1973
28628589810,Gabriel Rodrigues,09/09/1965
14467274013,Gabriel Rodrigues,02/07/1985
68727562213,Gabriel Rodrigues,30/01/1972
76228230397,Ana Oliveira,03/03/1991
86698992457,Joao Silva,18/08/1961
95352950810,Gabriel Rodrigues,12/12/1975
33517065904,Rafael Ferreira,07/12/1999
16661149388,Julia Costa,27/08/1996
63918047447,Beatriz Lima,29/12/1961
96857983538,Gabriel Rodrigues,21/07/2000
81497801589,Joao Silva,04/02/1978
87865203214,Rafael Ferreira,21/04/1986
43763424483,Pedro Santos,01/11/2004
50069774847,Mariana Almeida,25/04/1968
53980522560,Beatriz Lima,29/11/1950
97425362541,Ana Oliveira,09/06/1950
25949108016,Mariana Almeida,16/03/1987
85009261865,Pedro Santos,29/12/1965
75548827269,Beatriz Lima,06/04/1969
48409452010,Lucas Pereira,14/01/1972
15143363378,Lucas Pereira,08/02/2005
98931319585,Beatriz Lima,26/03/1963
43828423059,Maria Souza,25/09/1982
54883850499,Beatriz Lima,09/11/1961
25188989531,Julia Costa,27/06/1966
22051525343,Maria Souza,17/12/1973
49016099171,Pedro Santos,15/12/1980
28025774056,Julia Costa,26/07/1971
65362950392,Ana Oliveira,19/08/1996
23330718604,Ana Oliveira,06/09/1994
35886951125,Beatriz Lima,13/04/1952
34694142203,Beatriz Lima,17/07/2003
77903676595,Maria Souza,29/08/1990
24660777481,Maria Souza,21/10/1989
51079272420,Julia Costa,26/04/1960
04780387941,Maria Souza,05/11/2001
70029605083,Rafael Ferreira,16/12/1963
45573112581,Lucas Pereira,17/12/1961
18246946392,Maria Souza,04/09/1967
33482665186,Rafael Ferreira,28/02/1998
94763531137,Lucas Pereira,02/01/1966
65013088688,Maria Souza,29/01/1952
64412194827,Maria Souza,04/08/1953
87158375083,Beatriz Lima,17/10/2004
50536810159,Maria Souza,05/01/1990
94487884219,Ana Oliveira,15/03/1982
19072816168,Rafael Ferreira,29/02/1952
00347043445,Ana Oliveira,01/09/2004
36331665762,Maria Souza,26/12/1955
94129405026,Julia Costa,27/09/1988
52199607914,Julia Costa,22/11/1965
30193892842,Julia Costa,20/12/1977
07541241285,Rafael Ferreira,27/04/1972
53554995620,Julia Costa,25/01/1975
32549414315,Ana Oliveira,14/04/1995
28995495278,Pedro Santos,29/08/1996
76569037257,Maria Souza,11/05/1957
03567011441,Lucas Pereira,19/12/1960
26411877824,Pedro Santos,16/10/1999
74207168683,Pedro Santos,01/09/1997
08503809828,Pedro Santos,22/12/1954
42320925487,Pedro Santos,03/02/1996
31226825869,Ana Oliveira,18/09/1988
43565364956,Joao Silva,20/03/1965
40886751171,Gabriel Rodrigues,05/02/1991
24833609084,Maria Souza,30/12/1990
90319412258,Mariana Almeida,15/01/1954
59770480601,Ana Oliveira,26/03/2001
95533359638,Rafael Ferreira,14/02/1986
76156992583,Pedro Santos,30/03/1953
89491656659,Joao Silva,22/04/1969
49565712717,Joao Silva,02/08/2001
09314718411,Maria Souza,26/11/1980
66158898179,Joao Silva,20/05/1953
76142100239,Pedro Santos,25/07/1982
52121100531,Beatriz Lima,11/03/1953
98029643961,Rafael Ferreira,04/11/1979
62942211408,Gabriel Rodrigues,10/09/1970
01325599694,Maria Souza,05/05/1961
54483112989,Gabriel Rodrigues,23/04/1957
95583820931,Lucas Pereira,12/02/1978
59818665355,Pedro Santos,09/05/1979
29167678559,Ana Oliveira,06/04/1990
26580914864,Joao Silva,24/05/1987
71131732716,Joao Silva,30/11/2001
03888500313,Mariana Almeida,09/07/1955
07290456291,Mariana Almeida,26/04/1964
86752585563,Mariana Almeida,28/12/1995
55643108296,Rafael Ferreira,09/01/1973
95574985670,Pedro Santos,01/10/1955
73696236047,Rafael Ferreira,28/01/1950
42168262804,Pedro Santos,16/03/1993
61271686384,Julia Costa,04/11/1998
92683020647,Joao Silva,10/11/1966
26617357821,Gabriel Rodrigues,09/06/2004
45608092728,Lucas Pereira,02/10/1980
48636898804,Joao Silva,07/01/1984
58724482692,Julia Costa,16/05/1950
34673871892,Maria Souza,14/12/1970
50926223957,Maria Souza,07/07/1969
09981655330,Ana Oliveira,11/04/1971
67529330680,Joao Silva,20/01/1991
95247649578,Lucas Pereira,07/07/1991
99782274854,Ana Oliveira,02/07/1951
54461918119,Gabriel Rodrigues,13/12/1968
23854015523,Mariana Almeida,26/07/1990
42713545470,Ana Oliveira,29/01/1974
55826568856,Julia Costa,01/03/1970
03946300148,Gabriel Rodrigues,21/07/1969
46116064347,Julia Costa,22/09/1966
46976359636,Lucas Pereira,12/06/1962
72079341290,Beatriz Lima,15/04/2003
73890740565,Rafael Ferreira,23/11/1993
17073216728,Maria Souza,16/12/1998
77403259068,Joao Silva,04/06/1988
62852908649,Joao Silva,14/08/1950
20580179702,Gabriel Rodrigues,07/04/1976
42116894843,Mariana Almeida,29/02/1976
03674002037,Gabriel Rodrigues,07/11/1957
23528610731,Beatriz Lima,12/04/1966
91386309155,Maria Souza,21/05/1991
99631993031,Pedro Santos,08/08/1953
10377675600,Gabriel Rodrigues,28/01/1993
86970846573,Gabriel Rodrigues,15/12/1961
15929724268,Rafael Ferreira,25/01/1959
48679645104,Gabriel Rodrigues,28/02/1976
21178220694,Gabriel Rodrigues,01/07/1991
01262229572,Julia Costa,30/05/1969
31502245512,Ana Oliveira,04/07/1950
93383920630,Lucas Pereira,02/10/1981
44449848297,Lucas Pereira,13/06/1980
02444771526,Maria Souza,26/05/1980
99223454594,Lucas Pereira,30/04/1996
64575297453,Ana Oliveira,25/12/1966
81966407083,Gabriel Rodrigues,06/04/1966
55182206395,Mariana Almeida,18/05/1977
96953387392,Mariana Almeida,09/01/1997
81607055721,Rafael Ferreira,20/10/1954
43279298318,Rafael Ferreira,13/01/1969
72130027898,Maria Souza,23/01/1961
98190380314,Ana Oliveira,05/11/1967
77211602975,Joao Silva,11/09/1958
50719995309,Joao Silva,13/06/1968
11385616830,Lucas Pereira,20/04/2005
00000128591,Ana Oliveira,26/03/1968
43861578843,Maria Souza,26/03/1968
14721884754,Joao Silva,23/02/1955
22362866065,Joao Silva,27/05/1983
23734256732,Beatriz Lima,18/10/1996
21715516575,Gabriel Rodrigues,09/10/2001
76352724620,Beatriz Lima,23/08/1979
97132050313,Julia Costa,10/12/1985
36167958941,Rafael Ferreira,17/01/1972
54767200987,Julia Costa,11/04/1996
21046416318,Joao Silva,21/03/1965
17973190848,Mariana Almeida,02/06/1984
05187005206,Maria Souza,18/02/1958
50234778484,Julia Costa,10/10/1986
34469117390,Ana Oliveira,13/12/1968
46336138831,Maria Souza,17/10/1985
55886627162,Mariana Almeida,11/05/1976
04276399922,Gabriel Rodrigues,30/05/1982
91747468866,Lucas Pereira,27/07/2005
02758648212,Ana Oliveira,01/08/1950
26921807174,Julia Costa,17/07/1987
09418178193,Mariana Almeida,21/10/1985
80275084970,Beatriz Lima,19/08/1955
37104699542,Mariana Almeida,06/01/1955
08139801638,Pedro Santos,04/10/1998
23648574068,Julia Costa,09/03/2000
25546830694,Rafael Ferreira,22/02/1963
71419766824,Maria Souza,05/10/1996
45000809184,Julia Costa,11/02/1963
66357813133,Joao Silva,09/03/1984
07147144833,Mariana Almeida,16/04/1980
35786502607,Maria Souza,06/07/1976
89977386440,Rafael Ferreira,30/09/1955
42568316509,Lucas Pereira,05/07/1979
46217595760,Ana Oliveira,16/10/1983
17403354116,Julia Costa,16/01/1979
88387723017,Rafael Ferreira,06/03/1952
35883811536,Gabriel Rodrigues,27/12/1998
57709380476,Joao Silva,21/08/1984
25614273903,Julia Costa,19/09/1958
36773792163,Rafael Ferreira,10/11/1991
46000021522,Rafael Ferreira,30/03/1979
06861336105,Joao Silva,11/07/2003
65449232470,Rafael Ferreira,29/06/1965
74714601702,Ana Oliveira,05/04/1957
56631539034,Lucas Pereira,08/06/1951
70587814356,Maria Souza,16/07/1961
87290242627,Pedro Santos,07/02/1957
28418213457,Julia Costa,11/02/1961
67199649679,Rafael Ferreira,11/01/2005
93310765637,Mariana Almeida,06/03/1995
20597127914,Beatriz Lima,22/03/1989
10892536071,Gabriel Rodrigues,04/04/1999
10150862237,Gabriel Rodrigues,16/02/2005
77351498260,Mariana Almeida,02/05/1964
84180297628,Beatriz Lima,14/03/1988
55144776513,Lucas Pereira,08/10/1996
27929817842,Gabriel Rodrigues,30/08/1968
85823724356,Ana Oliveira,01/12/1963
18263891393,Gabriel Rodrigues,15/06/1981
58580629480,Lucas Pereira,23/02/1995
67103607225,Beatriz Lima,06/09/1967
24469116098,Pedro Santos,16/07/1981
78424515244,Joao Silva,23/08/2004
62834610153,Gabriel Rodrigues,23/09/1991
24954535176,Joao Silva,16/09/1971
36479771245,Beatriz Lima,24/06/2004
11845257915,Julia Costa,28/07/1993
13303062567,Ana Oliveira,12/06/1974
73479600202,Lucas Pereira,23/10/1969
00529434934,Pedro Santos,01/04/1984
51782503165,Maria Souza,03/01/1958
03427848308,Julia Costa,21/04/1967
31140098946,Joao Silva,29/11/1977
18022017781,Ana Oliveira,18/11/1968
06773114311,Joao Silva,27/11/1966
43577565268,Mariana Almeida,20/04/2003
25974711116,Ana Oliveira,23/07/1974
53769726100,Maria Souza,08/03/1972
58215694322,Gabriel Rodrigues,16/05/1972
76370470513,Julia Costa,13/01/1969
29210376908,Gabriel Rodrigues,16/12/2005
87762324477,Mariana Almeida,26/02/1992
28133201227,Beatriz Lima,20/12/1975
42690004350,Lucas Pereira,25/09/1977
05190287304,Rafael Ferreira,30/07/2003
42566136234,Ana Oliveira,19/11/1956
60388888781,Maria Souza,27/01/1991
53034079159,Rafael Ferreira,05/02/1988
16771953895,Julia Costa,20/09/1988
30838102369,Mariana Almeida,24/12/1972
20941210592,Mariana Almeida,24/05/1970
81367607780,Beatriz Lima,21/03/2002
69126740165,Mariana Almeida,13/12/1966
72767192904,Julia Costa,08/03/1953
26402741612,Joao Silva,25/10/1989
14015247805,Lucas Pereira,21/10/1999
45552101502,Maria Souza,09/04/1996
48125759185,Beatriz Lima,04/03/1956
18710275189,Rafael Ferreira,31/05/1959
77494469461,Mariana Almeida,03/06/1982
89891617324,Gabriel Rodrigues,08/11/1996
87209985100,Julia Costa,13/10/1999
18999144824,Julia Costa,29/09/1956
22552952409,Pedro Santos,30/03/1963
16604198885,Maria Souza,07/05/1986
83306496435,Julia Costa,16/10/2003
30061910586,Julia Costa,21/06/1995
16975432858,Pedro Santos,20/04/2004
82705366147,Pedro Santos,03/02/1982
01254547338,Maria Souza,28/10/1989
14011298092,Lucas Pereira,22/10/1977
18878350543,Julia Costa,10/08/1990
66100124988,Ana Oliveira,23/08/1962
16013184508,Rafael Ferreira,10/06/1983
56605404759,Rafael Ferreira,24/08/1991
14452998856,Mariana Almeida,06/02/1980
09340861204,Lucas Pereira,26/08/1958
63609013959,Joao Silva,01/07/1967
65887246903,Mariana Almeida,17/04/1957
07204057825,Lucas Pereira,15/04/1982
62059935135,Gabriel Rodrigues,06/05/1977
44310202082,Mariana Almeida,10/05/1950
65806152526,Mariana Almeida,22/11/2005
14299074084,Ana Oliveira,08/04/1994
30808728223,Ana Oliveira,13/06/1978
31431540767,Gabriel Rodrigues,15/07/1972
55735666401,Maria Souza,14/05/1978
37691700626,Lucas Pereira,02/09/1950
66874237785,Maria Souza,05/02/1971
74780460857,Julia Costa,10/12/1987
33031275498,Maria Souza,25/08/1951
16448974505,Maria Souza,05/05/1974
04724978475,Maria Souza,29/12/1966
04024700862,Joao Silva,25/02/1983
53576990979,Beatriz Lima,26/03/1976
18133793296,Ana Oliveira,29/03/1991
73360258748,Lucas Pereira,30/01/1987
63692616191,Maria Souza,21/01/1982
40087024715,Mariana Almeida,30/05/1980
33618803318,Rafael Ferreira,22/08/1996
63899124004,Mariana Almeida,14/10/1954
98039903999,Maria Souza,02/07/1999
35161070827,Pedro Santos,29/07/1997
89264927322,Gabriel Rodrigues,10/12/1972
21467703712,Julia Costa,21/08/1958
88893412330,Gabriel Rodrigues,16/03/1966
34741090168,Mariana Almeida,09/12/1993
19768662929,Pedro Santos,25/08/1998
03236555255,Joao Silva,25/09/1958
81503599913,Julia Costa,29/12/1996
79322533479,Pedro Santos,29/01/1970
94200087715,Lucas Pereira,01/08/1989
00423943363,Ana Oliveira,08/07/1996
06473034332,Beatriz Lima,23/02/2000
50018704543,Julia Costa,15/08/1983
90409478573,Ana Oliveira,02/07/1965
83284845807,Lucas Pereira,20/06/1998
82675673812,Lucas Pereira,17/11/1995
68165563073,Julia Costa,27/09/1995
48060561189,Rafael Ferreira,03/12/1984
25451198488,Rafael Ferreira,19/10/1989
65940811976,Pedro Santos,04/09/1970
85697379688,Beatriz Lima,20/05/1954
80326711339,Ana Oliveira,09/06/1978
14554886124,Maria Souza,17/04/1954
29926644467,Beatriz Lima,16/06/1977
83268883852,Pedro Santos,05/02/1980
47134661099,Julia Costa,19/07/1983
94682607486,Ana Oliveira,28/01/1990
87636312793,Rafael Ferreira,15/12/1981
48386723761,Beatriz Lima,09/12/1978
52643360589,Maria Souza,22/07/1995
47180854902,Mariana Almeida,27/12/1952
03490597050,Pedro Santos,22/02/1984
94258085833,Gabriel Rodrigues,13/01/1960
54245891351,Lucas Pereira,29/11/1968
06353682090,Ana Oliveira,20/02/1982
97013164178,Ana Oliveira,26/12/1994
26172499061,Mariana Almeida,17/01/2005
82715399519,Pedro Santos,12/03/1985
79336453102,Gabriel Rodrigues,07/04/1996
51022954854,Beatriz Lima,28/01/1980
37862222406,Gabriel Rodrigues,18/02/1952
34910453817,Mariana Almeida,08/02/1992
77449403202,Rafael Ferreira,08/08/1976
43109970922,Maria Souza,21/07/1969
23009594970,Mariana Almeida,30/08/1976
06285025520,Rafael Ferreira,04/07/1983
25040822591,Gabriel Rodrigues,19/05/2005
32268662643,Pedro Santos,21/02/1956
05414975967,Lucas Pereira,12/04/1998
42042079299,Julia Costa,15/03/1950
07004607774,Rafael Ferreira,19/12/1990
65138908675,Joao Silva,20/09/1998
67415193888,Mariana Almeida,12/05/1961
86647508719,Pedro Santos,10/07/1955
78751183271,Joao Silva,07/10/1991
11108117945,Lucas Pereira,13/04/1973
17879336498,Ana Oliveira,04/08/1957
90913088918,Gabriel Rodrigues,24/09/1967
32995726589,Julia Costa,16/05/1958
43194672879,Mariana Almeida,04/12/1993
62999716136,Rafael Ferreira,17/01/1955
29965341002,Gabriel Rodrigues,19/03/1998
89374928738,Rafael Ferreira,01/03/2005
34923632578,Joao Silva,10/05/1978
52043074074,Rafael Ferreira,19/09/1975
76960065396,Mariana Almeida,21/01/1976
55824688154,Julia Costa,03/08/1975
25819657297,Mariana Almeida,26/12/1976
66834731375,Gabriel Rodrigues,15/04/1955
06371759934,Ana Oliveira,27/03/2000
59507579688,Pedro Santos,27/09/1993
23760085145,Maria Souza,29/01/1985
10235630800,Ana Oliveira,04/11/1991
97778880728,Julia Costa,17/02/1989
96371134499,Lucas Pereira,24/04/1992
04447499315,Beatriz Lima,12/06/1983
61227491553,Ana Oliveira,02/10/1959
53070249411,Julia Costa,19/02/1977
95714170548,Gabriel Rodrigues,04/05/1973
68907494400,Gabriel Rodrigues,04/03/1952
59025472153,Gabriel Rodrigues,10/08/1953
94960765327,Mariana Almeida,17/09/1991
25002903250,Maria Souza,18/09/2002
49145891380,Joao Silva,26/06/1984
63405807571,Beatriz Lima,11/11/1993
56023908165,Maria Souza,03/08/1965
90050758214,Rafael Ferreira,23/05/1972
87484472329,Beatriz Lima,07/06/1975
32965842789,Gabriel Rodrigues,09/02/1995
71104027083,Mariana Almeida,04/09/1967
94262266674,Beatriz Lima,05/02/1973
79611477132,Ana Oliveira,23/01/1980
00003927174,Ana Oliveira,21/12/1979
00463840383,Julia Costa,21/05/1981
00087361830,Mariana Almeida,25/01/1985
64710229063,Pedro Santos,15/01/1990
80137000328,Julia Costa,02/12/2003
69672813680,Maria Souza,30/08/1968
97500433168,Beatriz Lima,15/02/1987
15739865842,Rafael Ferreira,19/11/1960
28432430366,Beatriz Lima,21/09/2005
19702246208,Maria Souza,03/03/1958
27946612908,Beatriz Lima,15/09/1995
96317225730,Rafael Ferreira,03/05/1960
66048624741,Beatriz Lima,06/01/1999
21684985819,Beatriz Lima,19/04/1992
92434725949,Ana Oliveira,01/04/1992
12393610797,Gabriel Rodrigues,23/11/1986
93139633808,Gabriel Rodrigues,17/02/1983
72996720535,Lucas Pereira,20/08/1995
10386711013,Mariana Almeida,31/05/1972
41235648009,Ana Oliveira,14/04/1974
16942245514,Pedro Santos,10/05/1975
09543657572,Mariana Almeida,02/08/1974
49807063862,Pedro Santos,03/03/1978
00376164396,Pedro Santos,29/05/1987
41232156924,Mariana Almeida,01/11/1992
39266749593,Mariana Almeida,29/05/2005
27836523473,Maria Souza,26/05/1984
25779670595,Mariana Almeida,12/08/1953
80601740448,Gabriel Rodrigues,12/08/1984
58677567716,Mariana Almeida,21/08/1996
03112954410,Pedro Santos,12/07/1950
37676828033,Rafael Ferreira,22/09/1968
23641908307,Rafael Ferreira,10/12/1990
79250928658,Julia Costa,22/02/1998
52074773181,Beatriz Lima,25/09/1987
95129169010,Julia Costa,19/01/2000
62494008155,Joao Silva,28/09/1973
79048686775,Ana Oliveira,10/12/2002
12586851164,Mariana Almeida,27/06/1991
39586718675,Maria Souza,22/02/1968
24118016865,Maria Souza,15/09/1951
39578981295,Maria Souza,04/02/1950
10726145181,Joao Silva,15/09/1980
18644103785,Gabriel Rodrigues,08/03/1994
29500143610,Ana Oliveira,13/01/1982
33433981845,Joao Silva,16/11/2001
45773368269,Rafael Ferreira,25/06/1959
25796499943,Beatriz Lima,26/04/1990
42999611995,Rafael Ferreira,19/08/2005
59893630447,Joao Silva,23/03/1984
94768019252,Gabriel Rodrigues,04/01/1985
29446437571,Beatriz Lima,11/03/1995
60602972238,Gabriel Rodrigues,09/05/1993
87617072699,Ana Oliveira,26/03/1973
18693357663,Rafael Ferreira,09/09/1961
23859108902,Mariana Almeida,18/12/1971
79005187235,Gabriel Rodrigues,10/10/2004
49675775484,Mariana Almeida,21/01/1963
66837163411,Joao Silva,01/03/1978
11919943304,Pedro Santos,16/05/1986
91153007895,Mariana Almeida,17/12/1995
16192473097,Joao Silva,13/12/1997
76561977759,Julia Costa,20/09/2004
41261133609,Rafael Ferreira,27/07/1955
70790220939,Mariana Almeida,18/07/1965
27898841107,Maria Souza,30/07/2000
22073495433,Lucas Pereira,05/06/1990
73577037839,Mariana Almeida,01/05/1987
21144271990,Ana Oliveira,16/02/1957
90375588522,Lucas Pereira,14/06/1960
54292321724,Pedro Santos,21/06/1993
01620829028,Lucas Pereira,12/08/1972
25403333741,Gabriel Rodrigues,13/10/1980
57532129343,Joao Silva,22/01/1959
10991226146,Gabriel Rodrigues,08/01/1955
59323353027,Mariana Almeida,28/11/1960
85317643082,Lucas Pereira,13/06/1989
06977635476,Julia Costa,03/08/1967
48161518187,Mariana Almeida,10/10/1972
29334681681,Ana Oliveira,18/08/1951
41872606025,Pedro Santos,24/09/1995
83096360264,Maria Souza,17/04/1969
95138036692,Maria Souza,27/10/1954
87671860581,Gabriel Rodrigues,04/12/1952
87123817101,Gabriel Rodrigues,04/05/2000
95218127072,Ana Oliveira,08/06/1966
53172156117,Rafael Ferreira,05/02/1952
22349469363,Beatriz Lima,14/02/1966
42590382909,Beatriz Lima,07/12/1985
68979799880,Joao Silva,22/12/1991
27979178663,Maria Souza,05/05/1990
98633504514,Beatriz Lima,12/09/1969
06955998250,Maria Souza,09/10/1968
79704877074,Rafael Ferreira,17/01/1977
68712003956,Maria Souza,10/02/1992
67381604251,Gabriel Rodrigues,19/11/1977
51400723046,Joao Silva,14/07/1981
56330879273,Julia Costa,02/11/2004
95339687683,Pedro Santos,15/07/1958
97267520851,Maria Souza,06/11/1983
18056091594,Ana Oliveira,27/11/1963
59976595931,Beatriz Lima,19/11/1952
17218940228,Maria Souza,12/01/1973
04859793836,Joao Silva,30/09/1953
55286800819,Mariana Almeida,01/07/1986
36625313701,Maria Souza,16/01/2002
84186366387,Mariana Almeida,25/10/1978
51744915239,Maria Souza,06/11/1954
44747553332,Rafael Ferreira,31/10/1966
12323184222,Joao Silva,10/10/1987
91972179858,Julia Costa,08/05/1980
46471368016,Gabriel Rodrigues,13/07/1992
92523810854,Beatriz Lima,12/02/1984
77494671413,Gabriel Rodrigues,20/12/1998
54530922845,Ana Oliveira,04/07/2005
76292427058,Lucas Pereira,06/10/1977
71245209402,Ana Oliveira,28/12/1989
43541901402,Ana Oliveira,22/06/1977
15253296905,Julia Costa,13/01/2002
43627950718,Ana Oliveira,23/12/1957
55325815094,Maria Souza,24/02/1954
70503012269,Joao Silva,03/08/1996
14493925977,Ana Oliveira,14/11/1987
04591171068,Mariana Almeida,08/11/1999
48992368800,Lucas Pereira,23/04/1987
06992371657,Julia Costa,17/06/1977
75397654856,Mariana Almeida,01/01/1997
05811009327,Rafael Ferreira,20/02/1969
82366001378,Joao Silva,24/10/1980
24387277262,Beatriz Lima,27/08/1996
73226294777,Gabriel Rodrigues,13/06/1971
40851885428,Pedro Santos,08/06/1996
21386102906,Julia Costa,13/06/2001
95231885954,Beatriz Lima,26/04/1997
57753504612,Rafael Ferreira,31/05/1980
53969707044,Gabriel Rodrigues,23/08/1958
67169269772,Julia Costa,17/04/2001
43925860147,Mariana Almeida,25/08/1966
23532530089,Pedro Santos,23/02/1953
68301138687,Maria Souza,16/01/1997
84281184882,Lucas Pereira,04/05/1957
73964033785,Beatriz Lima,06/10/1956
03567290240,Julia Costa,19/10/1970
85045613263,Ana Oliveira,17/09/1999
07067213966,Rafael Ferreira,28/12/1957
16768497565,Julia Costa,16/06/1956
43058395362,Julia Costa,02/12/1950
78819260757,Gabriel Rodrigues,25/02/1960
10565219370,Gabriel Rodrigues,22/01/1998
86253195054,Ana Oliveira,30/07/1958
56457656579,Beatriz Lima,24/04/2002
59766270480,Rafael Ferreira,08/04/1972
19343619522,Ana Oliveira,17/10/1961
42572889241,Rafael Ferreira,05/10/1990
80908189634,Beatriz Lima,19/01/1958
70504904158,Mariana Almeida,28/10/1975
07260496531,Lucas Pereira,27/05/1991
87249590530,Gabriel Rodrigues,08/05/1977
68828478845,Julia Costa,10/04/1999
79816570539,Maria Souza,22/07/1989
50301124641,Gabriel Rodrigues,14/12/1976
91649914157,Joao Silva,05/03/1984
10013727130,Gabriel Rodrigues,06/04/1984
20495728994,Ana Oliveira,20/10/1957
09232828734,Pedro Santos,25/07/1979
70167195535,Pedro Santos,07/12/1980
72543457138,Rafael Ferreira,06/03/1984
48465505168,Beatriz Lima,04/05/1955
15841489661,Lucas Pereira,16/05/1970
58018130082,Julia Costa,13/10/1969
42433463055,Ana Oliveira,16/04/2000
78165938963,Lucas Pereira,16/10/2005
94706733955,Mariana Almeida,04/12/1955
39186512330,Gabriel Rodrigues,13/11/2000
53291365264,Joao Silva,03/07/1967
85658770309,Joao Silva,23/11/1989
04950792850,Maria Souza,11/05/1959
42543665293,Lucas Pereira,04/12/1977
03505843246,Julia Costa,01/04/1962
07726116044,Joao Silva,30/04/1990
58295182267,Gabriel Rodrigues,16/11/1966
16910273430,Rafael Ferreira,25/11/1995
74245599433,Rafael Ferreira,11/10/1999
10001968925,Rafael Ferreira,04/12/2001
27253956068,Rafael Ferreira,08/01/1962
53543552574,Mariana Almeida,06/04/1997
00384925333,Ana Oliveira,31/10/1967
01518918943,Joao Silva,22/05/1996
70641448268,Joao Silva,22/05/1953
38043637716,Maria Souza,10/12/1960
85654317491,Ana Oliveira,02/05/1960
12414343475,Beatriz Lima,11/11/1965
56725307230,Mariana Almeida,19/09/1973
16402336221,Mariana Almeida,09/02/1996
39629513296,Mariana Almeida,21/12/1989
09429133337,Julia Costa,22/06/1994
50918360275,Maria Souza,16/06/1961
79180546310,Beatriz Lima,16/07/2003
12454804042,Mariana Almeida,11/11/1953
83109021535,Gabriel Rodrigues,11/08/1995
34532970433,Gabriel Rodrigues,06/02/1967
55460755346,Julia Costa,17/03/1965
22982722452,Maria Souza,08/06/1992
57488273949,Maria Souza,14/04/1972
31686634223,Joao Silva,10/10/1955
19945658126,Ana Oliveira,27/07/1978
63323172529,Ana Oliveira,26/10/1955
56591157058,Mariana Almeida,15/09/2000
75506990636,Ana Oliveira,18/08/1983
17100068920,Ana Oliveira,18/01/1990
53937387133,Mariana Almeida,26/04/1965
52611511690,Pedro Santos,16/02/1970
49256209470,Pedro Santos,13/05/2000
85424582529,Maria Souza,13/02/1983
01183045642,Joao Silva,10/07/2000
59847931410,Pedro Santos,01/12/1975
15624826758,Rafael Ferreira,15/03/2000
14924186029,Rafael Ferreira,24/12/1959
18127530633,Joao Silva,15/09/1957
04607309206,Gabriel Rodrigues,30/06/1987
93840720191,Rafael Ferreira,13/07/1986
28065223039,Ana Oliveira,27/03/1998
32404187336,Beatriz Lima,07/04/1978
12477149850,Pedro Santos,18/11/2005
66928920811,Ana Oliveira,30/01/1998
39942796760,Ana Oliveira,09/04/1976
17273117432,Beatriz Lima,22/06/1993
07751935727,Julia Costa,26/03/1973
73766422683,Julia Costa,15/08/2004
38586008735,Mariana Almeida,05/02/1979
19669277685,Mariana Almeida,21/04/1954
72315904034,Joao Silva,28/10/1976
57079994159,Julia Costa,25/07/1998
08088919188,Julia Costa,18/02/1963
50437241036,Lucas Pereira,06/12/1972
15575531993,Mariana Almeida,03/10/1964
88449976693,Lucas Pereira,14/11/1999
77507717475,Maria Souza,11/04/1977
66612234610,Lucas Pereira,07/02/1967
07976046284,Pedro Santos,31/07/1983
73580505584,Lucas Pereira,21/06/1998
59287558662,Ana Oliveira,24/03/1968
19394462531,Maria Souza,05/10/1977
76208197914,Julia Costa,26/10/1985
03411645701,Julia Costa,13/08/2003
07132328578,Mariana Almeida,08/12/1951
55681038946,Joao Silva,19/05/1983
84684543579,Beatriz Lima,28/02/2001
56640673348,Lucas Pereira,17/09/1991
28848646118,Ana Oliveira,15/09/1997
13846775879,Lucas Pereira,12/09/2004
64037867305,Gabriel Rodrigues,09/07/1960
80057095723,Gabriel Rodrigues,12/03/1961
02229343759,Beatriz Lima,16/11/1982
86485982326,Mariana Almeida,07/05/1996
31398394616,Ana Oliveira,26/02/1993
88749315788,Beatriz Lima,25/02/2000
75625710943,Mariana Almeida,18/04/1979
43067848571,Julia Costa,15/02/1959
80649187042,Joao Silva,05/05/1988
82786435600,Gabriel Rodrigues,01/07/1964
95633247946,Julia Costa,17/08/1987
76339474469,Ana Oliveira,30/03/1970
08368215841,Gabriel Rodrigues,16/05/1995
58147749303,Lucas Pereira,05/06/2001
46649039113,Lucas Pereira,10/07/1975
14062047147,Julia Costa,20/07/1987
85574068842,Julia Costa,07/02/1974
42985237635,Julia Costa,10/09/1967
90305753981,Rafael Ferreira,14/10/1963
61261328288,Mariana Almeida,21/01/1977
62434326520,Julia Costa,23/11/1952
90735738717,Joao Silva,28/12/1997
70814355312,Gabriel Rodrigues,26/06/1981
06791341670,Maria Souza,24/09/1988
12366410847,Joao Silva,15/10/1979
17990142637,Lucas Pereira,17/03/1950
32497842727,Julia Costa,08/01/2002
63423390767,Ana Oliveira,29/10/1991
63015169780,Joao Silva,10/09/1991
01812940407,Gabriel Rodrigues,08/04/1979
95865410131,Maria Souza,09/06/1967
99094751045,Mariana Almeida,22/09/1986
24426471752,Rafael Ferreira,09/09/1966
34645541440,Mariana Almeida,28/08/1976
83497419681,Gabriel Rodrigues,31/08/1982
81320664560,Lucas Pereira,11/03/1980
72000793497,Julia Costa,13/08/1976
48930240893,Maria Souza,25/09/1978
22265293318,Gabriel Rodrigues,25/09/1975
15992788331,Gabriel Rodrigues,25/01/1959
29629617717,Joao Silva,12/03/1987
83598288336,Rafael Ferreira,19/05/1951
33759187736,Ana Oliveira,29/06/1965
48061935907,Lucas Pereira,06/12/1980
54099535003,Pedro Santos,04/12/2001
04238234932,Pedro Santos,27/03/2004
51270663284,Gabriel Rodrigues,20/04/1996
24347730735,Julia Costa,01/09/1959
23279365915,Pedro Santos,01/10/1961
16924230947,Pedro Santos,03/04/1966
42651303922,Lucas Pereira,24/08/1991
88163264417,Maria Souza,25/06/1950
03669902090,Beatriz Lima,08/10/1961
45126228786,Mariana Almeida,08/08/2005
67495700670,Beatriz Lima,26/07/1965
73501778171,Julia Costa,21/01/1958
37485386107,Maria Souza,23/12/2003
63467423884,Mariana Almeida,15/11/1984
60621608221,Beatriz Lima,16/04/1974
33012937096,Rafael Ferreira,12/12/1993
91377515768,Gabriel Rodrigues,08/09/1963
77417829805,Maria Souza,06/09/1976
20873250539,Julia Costa,04/12/1977
78655850516,Julia Costa,23/05/2002
81668755645,Joao Silva,18/08/1951
78214891002,Gabriel Rodrigues,01/10/1981
26980737587,Pedro Santos,06/04/1979
34130911609,Maria Souza,01/10/1975
99155535082,Maria Souza,12/12/1994
51891279605,Lucas Pereira,04/05/2003
05344337393,Rafael Ferreira,14/04/1971
96872809620,Ana Oliveira,26/02/1986
02118723440,Lucas Pereira,23/02/1961
78049463371,Mariana Almeida,05/08/1959
27175144888,Ana Oliveira,22/06/1973
14110579896,Maria Souza,18/01/2002
27611475979,Maria Souza,03/07/1998
99119663725,Ana Oliveira,27/11/1967
66379152993,Mariana Almeida,11/03/2000
44904742571,Rafael Ferreira,25/09/1950
25352314220,Mariana Almeida,07/09/1971
33460844582,Maria Souza,19/04/2001
74916229324,Ana Oliveira,01/10/1952
49747195772,Beatriz Lima,22/04/2000
17199897489,Gabriel Rodrigues,22/05/1961
80082328495,Gabriel Rodrigues,14/07/1996
19440866771,Beatriz Lima,14/07/1988
56409430371,Ana Oliveira,18/06/1975
54290414358,Beatriz Lima,10/04/1981
14873026039,Mariana Almeida,16/08/1990
42760210738,Beatriz Lima,11/08/1977
73889114592,Mariana Almeida,17/08/1977
28441982646,Maria Souza,29/01/1986
77745500415,Lucas Pereira,27/12/1990
26372480301,Beatriz Lima,17/05/1979
76084803576,Joao Silva,24/02/1950
33461279144,Maria Souza,15/05/1996
52154664635,Rafael Ferreira,09/01/1974
11921115953,Pedro Santos,09/04/1961
69556056555,Lucas Pereira,07/12/1976
31528429289,Gabriel Rodrigues,01/07/1982
96699836111,Maria Souza,04/05/1994
93343157177,Pedro Santos,03/09/1997
11463023062,Beatriz Lima,22/12/2002
17656792072,Gabriel Rodrigues,13/12/1999
66064977083,Rafael Ferreira,10/05/1950
55267896541,Ana Oliveira,25/09/1952
11953567774,Rafael Ferreira,13/11/1950
00836255575,Lucas Pereira,29/09/1975
83371061752,Beatriz Lima,06/07/1974
49166634033,Mariana Almeida,28/06/1979
96277564965,Maria Souza,25/01/1971
09539305405,Pedro Santos,18/09/1957
08165189758,Julia Costa,02/06/1972
25153602322,Mariana Almeida,24/07/1950
27558388531,Pedro Santos,19/05/1973
54530447714,Gabriel Rodrigues,16/07/1960
09744786877,Lucas Pereira,11/03/1986
65564351870,Ana Oliveira,27/10/2001
51630660111,Rafael Ferreira,08/10/1952
52697340745,Maria Souza,31/03/1988
95442609903,Mariana Almeida,01/10/1952
23165053136,Pedro Santos,25/05/1979
27656247042,Joao Silva,25/12/1973
26003458381,Julia Costa,21/02/1977
56066290038,Rafael Ferreira,06/05/1983
02919986486,Ana Oliveira,14/12/1970
36443672002,Rafael Ferreira,05/01/1982
19531080452,Lucas Pereira,23/11/1995
46431610422,Julia Costa,12/10/1993
94981566319,Pedro Santos,30/10/1951
71517931635,Julia Costa,18/08/2001
80709429802,Rafael Ferreira,28/03/1982
62379247605,Julia Costa,12/04/1984
04959528562,Maria Souza,09/04/1987
85029389311,Mariana Almeida,13/08/1999
12663745479,Julia Costa,11/06/1994
14908773470,Ana Oliveira,27/09/1972
95872898283,Maria Souza,19/06/1992
30050830260,Pedro Santos,26/09/1978
64483312416,Lucas Pereira,13/12/2001
59580054617,Rafael Ferreira,20/04/1996
93365513076,Lucas Pereira,09/08/1957
23014494660,Joao Silva,05/07/1994
04921787512,Mariana Almeida,12/12/1991
02452055215,Beatriz Lima,21/03/1982
32611729261,Ana Oliveira,02/04/1979
16466497550,Lucas Pereira,20/09/1967
88438596276,Rafael Ferreira,27/02/1952
57173516672,Maria Souza,01/03/2000
00454023586,Rafael Ferreira,04/08/1996
54624088172,Maria Souza,11/12/1996
01223033621,Mariana Almeida,25/06/1995
80562649222,Ana Oliveira,12/01/1951
89015926485,Maria Souza,18/03/2001
56722631794,Rafael Ferreira,03/05/1958
17662851811,Gabriel Rodrigues,19/04/2005
95483061667,Maria Souza,01/10/2000
26571088978,Gabriel Rodrigues,16/12/1999
83159613764,Lucas Pereira,29/05/1996
14057050255,Julia Costa,06/06/1953
74907141264,Joao Silva,06/08/1992
54538830832,Joao Silva,26/12/1991
52623529201,Pedro Santos,01/03/1976
88519992137,Gabriel Rodrigues,27/04/1990
18849836187,Maria Souza,16/07/1973
82292744992,Maria Souza,20/08/1981
91599017648,Ana Oliveira,21/03/1968
67081761415,Pedro Santos,27/12/2004
35444749832,Pedro Santos,24/02/1980
59692527396,Mariana Almeida,28/06/1955
34389267710,Joao Silva,26/01/1984
29083399992,Rafael Ferreira,05/06/1992
47004428127,Rafael Ferreira,12/06/2003
29065286954,Mariana Almeida,30/04/1962
84923615604,Pedro Santos,13/06/1973
39973832589,Maria Souza,07/07/1957
24702912047,Pedro Santos,17/03/1989
04148879975,Pedro Santos,15/07/1964
00083001604,Mariana Almeida,16/10/1996
63034950296,Pedro Santos,21/04/1964
28329500068,Pedro Santos,02/05/1977
74651286391,Rafael Ferreira,08/10/2005
57413244500,Julia Costa,23/05/1993
08705140956,Lucas Pereira,22/06/1979
69231349885,Lucas Pereira,23/03/1972
71991637437,Pedro Santos,06/02/1953
72239154929,Maria Souza,25/07/1998
99978212725,Pedro Santos,10/06/1957
05793416040,Gabriel Rodrigues,27/09/1994
30058324350,Joao Silva,20/05/1982
61558184190,Maria Souza,03/01/1962
11077122305,Lucas Pereira,16/09/1972
27110777009,Julia Costa,16/08/1988
05887204084,Julia Costa,01/06/1980
88899791227,Rafael Ferreira,28/09/1950
53643588645,Ana Oliveira,23/02/1983
93241805794,Beatriz Lima,05/03/1966
78206975473,Maria Souza,28/04/2003
42749181294,Julia Costa,03/06/1958
95782143206,Joao Silva,28/01/2003
24301479929,Pedro Santos,10/12/1988
90875427458,Mariana Almeida,10/03/1964
67531412025,Mariana Almeida,04/06/1969
63704808075,Pedro Santos,01/02/1953
85558600717,Maria Souza,10/11/2001
66358723136,Beatriz Lima,05/02/2000
60081387303,Rafael Ferreira,05/07/1982
17432249023,Pedro Santos,23/09/1955
09577288872,Ana Oliveira,14/12/1967
28777974277,Joao Silva,06/11/1983
78524190328,Beatriz Lima,02/03/1969
35618402321,Joao Silva,30/08/1959
55704083808,Ana Oliveira,10/08/1982
71408755836,Gabriel Rodrigues,12/08/1997
51443832771,Pedro Santos,23/02/1958
10443484754,Beatriz Lima,20/08/1992
83370911214,Mariana Almeida,22/10/2003
17206646091,Maria Souza,14/12/1969
61849294552,Pedro Santos,18/08/1956
23199348302,Ana Oliveira,13/11/1964
99739958886,Julia Costa,01/03/1984
05247499721,Julia Costa,08/08/1955
60511749665,Rafael Ferreira,06/09/1964
87790072031,Joao Silva,09/10/2004
24964146974,Ana Oliveira,22/03/1981
83754127409,Rafael Ferreira,18/10/1969
45799138408,Mariana Almeida,27/02/1959
07447254236,Maria Souza,08/02/1965
86559319745,Pedro Santos,28/12/1998
92084424095,Ana Oliveira,25/09/1952
43041091576,Joao Silva,22/11/1985
46600042643,Maria Souza,20/11/2002
65474094430,Rafael Ferreira,13/01/1992
80841143517,Maria Souza,13/09/1966
75001338662,Rafael Ferreira,28/08/1958
10138120008,Beatriz Lima,25/01/1983
95717458326,Joao Silva,01/06/1991
70409036217,Julia Costa,27/05/1978
97857398373,Gabriel Rodrigues,17/04/1995
67552480643,Beatriz Lima,26/03/1996
81980976362,Rafael Ferreira,06/02/1980
53094652605,Beatriz Lima,03/10/1960
55974012464,Maria Souza,27/10/1981
35509397274,Lucas Pereira,12/08/1980
97778398839,Julia Costa,28/03/1994
44104807537,Maria Souza,17/01/1985
23274984238,Mariana Almeida,02/08/1962
09465966497,Pedro Santos,24/05/2002
20160173853,Beatriz Lima,15/06/1974
41859641183,Pedro Santos,11/05/1960
34352737633,Pedro Santos,10/06/1954
26382862402,Rafael Ferreira,04/10/1978
50444538636,Gabriel Rodrigues,14/01/1981
88218200042,Pedro Santos,18/08/1992
46331103500,Pedro Santos,31/05/1979
39856476817,Joao Silva,14/04/1980
83284359119,Gabriel Rodrigues,23/08/1974
44735431121,Rafael Ferreira,13/06/1960
91814409666,Gabriel Rodrigues,16/12/1950
04030126011,Gabriel Rodrigues,15/09/1980
62622987878,Pedro Santos,23/03/1952
57305190137,Maria Souza,19/12/2002
74701685970,Julia Costa,22/12/1956
39665298663,Joao Silva,20/11/1976
61940979791,Julia Costa,14/06/1975
25761106061,Maria Souza,18/06/1962
97530397036,Maria Souza,03/09/1983
16061990574,Pedro Santos,13/08/1983
60820362517,Mariana Almeida,23/07/1975
12106929781,Joao Silva,04/09/1960
93378878081,Maria Souza,17/04/1982
45155906445,Julia Costa,18/09/2002
06525569319,Beatriz Lima,12/03/1954
41220119345,Lucas Pereira,30/06/2003
37708510647,Pedro Santos,30/10/1968
25829794504,Joao Silva,04/02/1964
30403508811,Pedro Santos,05/08/1956
08037451621,Julia Costa,04/07/1969
76429989661,Lucas Pereira,25/05/1994
58474360550,Gabriel Rodrigues,15/07/1999
75569732962,Mariana Almeida,05/07/1957
78748922979,Gabriel Rodrigues,05/06/1966
48411113101,Rafael Ferreira,22/06/1955
82480840947,Beatriz Lima,13/07/1965
40478564204,Gabriel Rodrigues,16/12/1953
25831847689,Joao Silva,08/01/1963
53429922026,Gabriel Rodrigues,25/11/2002
23195247058,Joao Silva,02/08/1984
97393455943,Rafael Ferreira,03/12/1987
88260174785,Beatriz Lima,28/03/1956
85768348314,Lucas Pereira,14/04/1976
25367250706,Lucas Pereira,21/09/1983
94239593137,Ana Oliveira,26/07/1989
65657783233,Lucas Pereira,13/07/1953
62780665465,Ana Oliveira,17/10/1990
90928815736,Pedro Santos,26/05/1958
58932202279,Maria Souza,01/09/1988
26163481749,Joao Silva,29/06/1955
23611361027,Lucas Pereira,19/02/1953
85207963107,Lucas Pereira,11/10/1983
72780661783,Pedro Santos,13/12/1973
59659621248,Maria Souza,05/04/1976
53065823970,Mariana Almeida,24/08/1968
38321149649,Mariana Almeida,11/12/1956
45101251297,Maria Souza,28/02/1989
30238674119,Lucas Pereira,31/03/1996
28653592671,Joao Silva,24/04/1956
90576365868,Beatriz Lima,04/02/1957
46845004905,Maria Souza,17/12/1967
89666616692,Gabriel Rodrigues,27/11/1971
66862500440,Beatriz Lima,10/12/1973
10267472124,Lucas Pereira,16/06/1974
79227338167,Mariana Almeida,29/08/1991
86995432365,Ana Oliveira,14/02/1978
83303663754,Lucas Pereira,07/11/1976
13570602882,Beatriz Lima,23/11/1961
06717541754,Julia Costa,18/03/1975
38176215595,Beatriz Lima,19/02/2004
50154100744,Ana Oliveira,27/05/1989
39669693781,Maria Souza,03/03/1959
42954886611,Beatriz Lima,06/04/1971
90642595407,Rafael Ferreira,31/10/1953
92942542835,Rafael Ferreira,20/01/1997
78137201420,Rafael Ferreira,09/12/1995
72406822860,Lucas Pereira,02/01/1989
92174277710,Joao Silva,02/10/2004
51377619965,Ana Oliveira,18/04/1954
66776546255,Beatriz Lima,07/10/1979
45879685935,Julia Costa,03/04/1989
87875695663,Maria Souza,28/01/1978
09396509349,Ana Oliveira,12/06/1959
61067069917,Gabriel Rodrigues,27/12/1957
74872632522,Joao Silva,12/09/1986
65861948048,Mariana Almeida,08/02/1971
89885030483,Ana Oliveira,21/12/1989
22790170284,Maria Souza,30/11/2001
59338438167,Rafael Ferreira,05/10/1972
30367862654,Mariana Almeida,13/06/2001
63440771385,Ana Oliveira,02/02/1975
51138003581,Rafael Ferreira,31/01/2000
72479576120,Maria Souza,20/06/1977
30206894481,Maria Souza,17/06/1994
72345020428,Joao Silva,07/11/2000
23395388046,Gabriel Rodrigues,27/01/1972
06557223199,Beatriz Lima,01/01/1952
79970438472,Lucas Pereira,15/06/1967
23468165555,Ana Oliveira,05/06/1970
42472369201,Julia Costa,06/03/2001
57613373437,Joao Silva,21/12/1956
51356515338,Gabriel Rodrigues,25/07/1991
22687421438,Beatriz Lima,30/01/1978
74231672332,Lucas Pereira,31/03/1955
87295193683,Joao Silva,05/10/1962
23443559113,Beatriz Lima,06/06/1990
51060925049,Maria Souza,26/12/1958
58926513373,Julia Costa,18/06/1968
84706489277,Julia Costa,20/02/2000
55296769753,Maria Souza,29/05/2005
98032424439,Rafael Ferreira,04/05/1973
73669457970,Rafael Ferreira,29/11/1953
36296172082,Julia Costa,12/05/1995
55438729352,Ana Oliveira,02/04/1992
66564943072,Julia Costa,14/12/1958
23966633533,Pedro Santos,06/12/1971
65216200442,Beatriz Lima,12/02/1960
01270872441,Beatriz Lima,31/08/1956
18321375552,Maria Souza,26/10/1971
19452193809,Ana Oliveira,16/06/1998
47190754133,Julia Costa,18/02/1989
30338425115,Beatriz Lima,08/01/1981
18931837116,Lucas Pereira,30/06/1952
68721370239,Maria Souza,25/06/1982
91733735697,Julia Costa,05/02/1961
50796307653,Rafael Ferreira,08/04/1952
42114723324,Mariana Almeida,17/09/1991
47510423794,Ana Oliveira,25/07/1953
19845107819,Rafael Ferreira,22/09/1961
75926665117,Mariana Almeida,12/08/1973
04953458605,Beatriz Lima,27/07/2004
53463373709,Pedro Santos,11/04/2005
41585401017,Rafael Ferreira,12/03/2000
79339235054,Gabriel Rodrigues,17/02/1995
50631271541,Maria Souza,16/11/1995
66897951418,Gabriel Rodrigues,20/02/1964
76339821887,Rafael Ferreira,19/04/2004
13349827203,Ana Oliveira,05/09/1992
38758578971,Beatriz Lima,25/11/1953
12036541252,Gabriel Rodrigues,08/04/2002
40998959322,Maria Souza,08/08/1999
96691722028,Pedro Santos,20/07/1955
73339485316,Beatriz Lima,16/10/1997
77967088305,Mariana Almeida,26/10/1987
93878592119,Joao Silva,29/11/1965
89101876287,Rafael Ferreira,30/06/1968
15955512558,Gabriel Rodrigues,01/05/1954
79034223776,Beatriz Lima,06/02/1994
47566828065,Maria Souza,26/04/1976
57061931387,Pedro Santos,18/08/1979
97047876137,Gabriel Rodrigues,12/04/1974
70200995863,Julia Costa,07/06/1964
29566622703,Maria Souza,24/08/1974
36589634475,Rafael Ferreira,22/12/1987
98875033701,Lucas Pereira,16/12/1994
49924022906,Joao Silva,03/06/1964
44505399256,Beatriz Lima,23/02/1987
44157083986,Julia Costa,26/04/1955
21009553212,Gabriel Rodrigues,31/01/1964
41667601280,Gabriel Rodrigues,19/10/1984
45912727335,Pedro Santos,12/10/1993
65992702668,Pedro Santos,24/03/1983
50198842567,Lucas Pereira,18/08/1952
37361174553,Mariana Almeida,07/11/1963
41208499523,Joao Silva,09/09/1960
74073949474,Pedro Santos,13/12/1962
44616544747,Joao Silva,22/04/1988
66223739582,Lucas Pereira,24/01/1966
58026301545,Maria Souza,19/07/1965
99176982894,Ana Oliveira,17/08/1967
60312538845,Mariana Almeida,03/09/2002
65340416971,Maria Souza,06/06/1973
02488637017,Beatriz Lima,24/11/1977
35587352274,Beatriz Lima,16/04/1976
33056651423,Lucas Pereira,08/06/1984
35831441630,Lucas Pereira,09/06/1995
66823846115,Joao Silva,16/07/1961
15088886028,Lucas Pereira,08/10/1966
45983434208,Rafael Ferreira,24/07/1987
58156886761,Lucas Pereira,16/06/1961
41251797549,Gabriel Rodrigues,24/08/1979
81778203328,Beatriz Lima,19/08/1950
81432259223,Lucas Pereira,12/10/1960
40541099733,Beatriz Lima,21/04/1959
99465445727,Julia Costa,10/08/1995
96648579294,Ana Oliveira,31/10/1956
95957558899,Maria Souza,04/07/1999
19116954320,Maria Souza,05/09/1964
73444438577,Ana Oliveira,25/07/1996
85579955754,Gabriel Rodrigues,10/04/1975
72462132984,Gabriel Rodrigues,26/12/1990
59556078716,Ana Oliveira,14/05/1989
35527091916,Pedro Santos,19/02/2005
90032871724,Gabriel Rodrigues,06/07/2004
04243105915,Mariana Almeida,21/06/1983
10318256971,Joao Silva,01/01/1969
56524065367,Maria Souza,08/04/1974
15506131701,Rafael Ferreira,07/06/1957
38147552557,Beatriz Lima,17/04/1957
93247336906,Mariana Almeida,22/07/1995
98857206988,Mariana Almeida,03/11/1997
74798408078,Joao Silva,02/05/1981
92416531369,Pedro Santos,29/04/1964
71898575485,Julia Costa,31/10/1975
12345039075,Beatriz Lima,14/10/1958
66624013065,Mariana Almeida,18/05/1966
09363742269,Maria Souza,27/07/1985
51865534373,Beatriz Lima,29/06/1992
52541961518,Lucas Pereira,22/05/1951
82975744538,Gabriel Rodrigues,13/01/1963
75904400308,Mariana Almeida,11/10/1988
46715433992,Rafael Ferreira,23/03/1982
20436949704,Maria Souza,05/11/1954
13386719444,Mariana Almeida,30/07/1966
47587319896,Julia Costa,14/02/1966
83880270391,Mariana Almeida,21/11/1963
38710150682,Maria Souza,18/06/1993
73299004826,Joao Silva,09/10/1965
27912659501,Maria Souza,01/04/1967
81502129889,Maria Souza,30/12/2005
97398616202,Lucas Pereira,30/04/1977
92461670192,Mariana Almeida,03/07/1963
44424839915,Maria Souza,04/07/1978
17275443076,Mariana Almeida,28/12/1995
76676294446,Mariana Almeida,13/07/1984
17606509343,Ana Oliveira,15/05/2003
26326299331,Rafael Ferreira,10/12/1954
30138105568,Mariana Almeida,26/06/1957
95337688962,Pedro Santos,20/02/1981
09786872279,Beatriz Lima,09/02/1991
55233738970,Gabriel Rodrigues,22/09/2001
50442569403,Lucas Pereira,22/02/1960
36910179915,Lucas Pereira,31/05/1976
39805385216,Gabriel Rodrigues,19/12/1989
54155610584,Lucas Pereira,21/12/2004
73852701570,Rafael Ferreira,29/04/1987
87341993994,Julia Costa,01/01/1960
03267620145,Julia Costa,25/01/1971
06498568678,Mariana Almeida,14/06/1985
83044263052,Ana Oliveira,13/10/1958
76358478400,Beatriz Lima,02/02/1980
03079314266,Gabriel Rodrigues,15/07/1962
13736177307,Pedro Santos,14/04/1972
31081881433,Pedro Santos,05/08/1972
14974059216,Beatriz Lima,02/01/1994
57280214141,Rafael Ferreira,27/09/1973
32260141761,Pedro Santos,07/12/1959
69016812892,Pedro Santos,20/05/1952
98614781689,Joao Silva,16/11/1971
83548595560,Pedro Santos,14/01/1962
35937740021,Pedro Santos,28/01/1951
14017152572,Rafael Ferreira,26/03/1963
28871612443,Rafael Ferreira,19/02/2002
65913121524,Rafael Ferreira,12/07/1991
50341996326,Maria Souza,16/07/1979
56859011313,Ana Oliveira,12/01/1950
89025447367,Mariana Almeida,01/07/1956
79779885732,Pedro Santos,20/04/1978
52455810935,Lucas Pereira,05/01/1969
11686052915,Mariana Almeida,05/02/1950
20216000216,Rafael Ferreira,01/01/1969
58011061114,Julia Costa,09/02/1962
27315978852,Rafael Ferreira,20/08/1956
29318929546,Lucas Pereira,18/08/1975
97601086437,Gabriel Rodrigues,08/11/1953
01370180872,Lucas Pereira,26/02/1984
53355501625,Rafael Ferreira,05/10/1971
49061090292,Pedro Santos,04/03/1989
89311498866,Joao Silva,05/04/1963
24998329172,Ana Oliveira,02/08/1970
62198499264,Rafael Ferreira,01/06/1952
63589887653,Joao Silva,12/06/1997
24506595031,Joao Silva,14/05/1956
30568803686,Julia Costa,25/04/1955
85149643677,Rafael Ferreira,27/12/1994
19603660970,Julia Costa,15/02/1999
85294624924,Gabriel Rodrigues,30/05/1968
70678651569,Pedro Santos,16/09/1975
27192274556,Rafael Ferreira,13/01/1988
67110683969,Mariana Almeida,23/04/1996
60620683904,Mariana Almeida,27/09/2001
48918769440,Ana Oliveira,02/01/1987
07386617502,Lucas Pereira,10/01/1996
46876017209,Ana Oliveira,20/04/1971
57636554138,Beatriz Lima,23/09/1953
26505395232,Beatriz Lima,09/06/2003
25135290398,Lucas Pereira,11/03/1991
24027350449,Pedro Santos,31/08/1980
49122305604,Lucas Pereira,28/07/1991
83881358486,Rafael Ferreira,08/04/1987
02468601224,Beatriz Lima,02/05/1982
77921994825,Maria Souza,31/08/1952
17370061552,Gabriel Rodrigues,14/06/1993
30642274344,Rafael Ferreira,10/11/1998
72482350151,Ana Oliveira,28/07/1973
33674827667,Rafael Ferreira,13/02/1988
73366955539,Gabriel Rodrigues,16/09/1972
94370393818,Pedro Santos,20/04/1992
07073727629,Beatriz Lima,16/05/1994
76135719808,Mariana Almeida,07/02/1971
10516034069,Pedro Santos,08/02/1968
44496444222,Rafael Ferreira,04/03/1988
78258960177,Ana Oliveira,01/04/1962
41388955583,Lucas Pereira,08/12/1976
29883139157,Rafael Ferreira,25/04/2001
63150748907,Julia Costa,28/06/1965
23725532860,Beatriz Lima,06/04/1995
46177562763,Joao Silva,08/09/1995
08421937897,Mariana Almeida,12/06/1962
38106102989,Gabriel Rodrigues,17/02/1988
36545926027,Mariana Almeida,05/05/1964
34499048507,Rafael Ferreira,28/01/1997
98855542158,Ana Oliveira,18/10/1959
37346948284,Gabriel Rodrigues,10/01/1973
98471392391,Joao Silva,19/02/1972
09310874614,Beatriz Lima,17/02/1989
26769768202,Gabriel Rodrigues,03/12/2005
53215079439,Beatriz Lima,03/11/1973
11997806788,Lucas Pereira,11/05/1991
91410630875,Julia Costa,27/09/1986
75812792999,Lucas Pereira,04/05/1974
35563188017,Ana Oliveira,03/04/1997
81433956244,Beatriz Lima,08/10/1973
52658052878,Julia Costa,02/07/1992
58546799548,Rafael Ferreira,12/07/1957
01939259323,Lucas Pereira,29/12/1990
42359574705,Lucas Pereira,26/11/1985
14479611865,Gabriel Rodrigues,04/04/1986
87143558551,Joao Silva,29/07/1966
30648744667,Joao Silva,03/04/2005
54909424568,Gabriel Rodrigues,11/10/1980
17011761822,Ana Oliveira,23/07/1962
54135055117,Rafael Ferreira,03/05/1980
15176943589,Mariana Almeida,01/08/1990
98053508740,Ana Oliveira,29/01/1953
50075701797,Lucas Pereira,02/12/2003
38806579061,Pedro Santos,30/04/1961
00171205429,Pedro Santos,11/03/1996
77563793109,Rafael Ferreira,28/12/1954
61619336704,Beatriz Lima,17/11/1982
54224557410,Maria Souza,20/03/1985
61721460871,Maria Souza,11/02/1991
72750863830,Maria Souza,11/01/1991
47014319024,Beatriz Lima,17/04/1999
07702469258,Julia Costa,21/11/1998
22225737497,Mariana Almeida,20/08/1997
59322446058,Gabriel Rodrigues,17/01/2000
57292833646,Mariana Almeida,18/04/1974
64087108099,Julia Costa,12/09/1967
83685824981,Ana Oliveira,11/07/1990
50016593911,Julia Costa,23/10/1950
01993901117,Lucas Pereira,07/08/1974
53580528984,Lucas Pereira,29/01/1961
69485413970,Julia Costa,14/05/1991
18836636971,Mariana Almeida,18/12/1956
78172098026,Joao Silva,23/04/1955
72248965593,Gabriel Rodrigues,29/04/2005
51939735569,Julia Costa,10/06/1991
11254445939,Gabriel Rodrigues,19/04/1992
61839022540,Joao Silva,13/06/1995
46547748997,Gabriel Rodrigues,09/10/2001
71556665387,Ana Oliveira,01/09/1976
63148163925,Lucas Pereira,10/04/1970
37697603697,Lucas Pereira,11/07/1960
43383757941,Mariana Almeida,21/10/1976
05253425720,Rafael Ferreira,04/06/1953
74480501920,Lucas Pereira,22/09/1975
65537504508,Maria Souza,31/03/1992
94181457735,Gabriel Rodrigues,14/03/1984
48154151787,Joao Silva,30/07/1978
92036226547,Lucas Pereira,24/01/1983
11324059246,Lucas Pereira,27/02/1982
81578037887,Pedro Santos,27/06/1989
13842735288,Maria Souza,29/03/1992
28737820639,Joao Silva,26/04/1998
98145469939,Pedro Santos,15/01/1998
72585773681,Ana Oliveira,18/09/1951
00364176233,Mariana Almeida,06/03/2000
23789570223,Maria Souza,30/12/1995
56190141736,Beatriz Lima,14/08/1999
64529891690,Pedro Santos,02/02/1979
89724553958,Maria Souza,06/11/1972
95936014921,Maria Souza,22/08/1950
95198744939,Beatriz Lima,15/09/1954
68138008378,Lucas Pereira,18/03/1981
36153424315,Mariana Almeida,07/12/1963
48805104775,Pedro Santos,23/01/1961
99127854986,Beatriz Lima,01/11/1975
03772295938,Joao Silva,24/07/1961
54362202402,Lucas Pereira,03/02/1973
97101040703,Ana Oliveira,08/01/1992
11141195744,Rafael Ferreira,21/01/1998
90374463248,Julia Costa,06/10/1953
72676614688,Mariana Almeida,24/04/2002
76304104623,Mariana Almeida,30/05/1983
50983698760,Rafael Ferreira,02/10/1979
16891706082,Mariana Almeida,23/06/1971
79033888822,Mariana Almeida,08/05/1974
65838168250,Julia Costa,11/01/2005
01465889780,Maria Souza,28/02/1992
08664604664,Pedro Santos,08/02/1963
25477321317,Ana Oliveira,26/05/1996
71446899286,Rafael Ferreira,24/03/1985
68612871015,Mariana Almeida,21/06/1960
71720311570,Beatriz Lima,12/11/1986
28811217211,Joao Silva,17/06/1960
36490280781,Gabriel Rodrigues,16/10/1973
99454063071,Lucas Pereira,21/02/1991
79688119353,Gabriel Rodrigues,14/01/2004
27430396917,Ana Oliveira,21/08/1999
20881664832,Joao Silva,08/05/1961
43497969887,Mariana Almeida,26/02/1953
18146486171,Joao Silva,17/01/2000
18173402700,Ana Oliveira,04/04/1959
71111900423,Pedro Santos,29/03/1983
93901616840,Mariana Almeida,01/12/1998
17350712023,Julia Costa,04/08/1971
39567137516,Rafael Ferreira,16/05/1987
17403382918,Lucas Pereira,24/05/1989
37438380454,Gabriel Rodrigues,31/07/1987
34652985648,Ana Oliveira,05/06/1992
23863545016,Ana Oliveira,17/01/1963
46793078099,Mariana Almeida,19/12/1980
83177444529,Joao Silva,09/02/1965
40151200331,Mariana Almeida,22/04/1992
05402485265,Julia Costa,19/04/1953
16648110934,Beatriz Lima,10/08/2000
52196895759,Gabriel Rodrigues,05/03/1970
43552419024,Rafael Ferreira,14/11/1953
40004683757,Mariana Almeida,27/09/2005
27391076191,Lucas Pereira,19/07/1983
72137244316,Rafael Ferreira,06/07/2000
50683755002,Gabriel Rodrigues,14/02/1983
06325312150,Rafael Ferreira,18/05/1959
41628496544,Ana Oliveira,18/08/1987
22089238752,Maria Souza,25/01/1968
59237787078,Gabriel Rodrigues,01/03/1984
84067515799,Beatriz Lima,04/07/1954
51872141623,Julia Costa,19/08/1950
01598649494,Gabriel Rodrigues,27/08/1965
56809841962,Ana Oliveira,23/10/1999
31541214748,Lucas Pereira,22/10/1957
06956759577,Julia Costa,16/11/1967
17654295711,Joao Silva,23/09/1990
25574225805,Joao Silva,24/09/1965
01600067730,Lucas Pereira,02/10/1957
30514430881,Pedro Santos,27/10/1993
73420119878,Maria Souza,30/05/1972
18264748352,Julia Costa,19/07/2000
50191628437,Ana Oliveira,10/12/1962
99177494521,Julia Costa,19/08/1991
51142460436,Rafael Ferreira,30/12/1965
01368893768,Beatriz Lima,07/01/1982
85999911748,Gabriel Rodrigues,09/11/1983
38337613096,Julia Costa,26/07/1963
67339826233,Beatriz Lima,08/12/1981
03506538609,Maria Souza,26/08/1997
47400612681,Mariana Almeida,07/12/1984
73795826541,Mariana Almeida,30/09/1951
53280264500,Julia Costa,19/06/2004
33494259925,Mariana Almeida,21/10/1983
92268846377,Julia Costa,27/10/1988
12122169344,Rafael Ferreira,02/01/1999
56565494393,Rafael Ferreira,13/08/1983
72984841122,Rafael Ferreira,19/07/1990
74743140657,Pedro Santos,15/02/1962
14319970462,Pedro Santos,16/08/1986
40311747407,Lucas Pereira,15/07/1970
27584406820,Pedro Santos,05/04/2004
51641817482,Maria Souza,23/02/1992
05405374552,Joao Silva,25/05/1961
69572961266,Lucas Pereira,22/02/1972
10929473371,Mariana Almeida,05/11/1963
94142116676,Beatriz Lima,26/08/1984
76269736590,Maria Souza,13/11/1991
95778235266,Beatriz Lima,22/05/1966
52890061306,Rafael Ferreira,12/11/1977
57760871641,Beatriz Lima,08/07/1975
42719444615,Maria Souza,06/01/1983
21275113076,Mariana Almeida,28/01/1987
43751406955,Pedro Santos,04/04/1973
43695551145,Rafael Ferreira,08/01/1982
83568537975,Mariana Almeida,09/02/1965
06265810223,Julia Costa,24/12/1972
19176416326,Maria Souza,15/09/1987
28210613841,Julia Costa,11/01/1981
66253120733,Joao Silva,07/09/1995
46247827927,Beatriz Lima,05/03/1998
48173485994,Pedro Santos,26/08/1954
59426680689,Maria Souza,04/08/1996
43635344527,Lucas Pereira,07/12/1952
18336463992,Rafael Ferreira,19/10/1981
17619462168,Rafael Ferreira,05/03/1953
33347990893,Maria Souza,10/07/1958
74682383465,Gabriel Rodrigues,09/07/1963
07997747818,Beatriz Lima,11/01/2003
59726944636,Julia Costa,24/08/2000
53738584750,Maria Souza,18/11/1974
76787746055,Ana Oliveira,19/04/1950
99596834301,Rafael Ferreira,25/02/1971
28932941544,Ana Oliveira,10/08/2004
02798704445,Rafael Ferreira,17/11/1963
20025561795,Rafael Ferreira,25/06/1995
74987430137,Pedro Santos,13/12/1967
75924533625,Gabriel Rodrigues,27/09/2003
45532847110,Pedro Santos,17/09/1968
92176529838,Lucas Pereira,03/03/1978
58493183354,Ana Oliveira,29/04/1984
27755296960,Mariana Almeida,30/08/1993
15540216175,Maria Souza,17/03/1966
53784220166,Julia Costa,29/06/1983
12197089108,Lucas Pereira,10/01/1956
67425326953,Lucas Pereira,30/08/2005
92278548261,Ana Oliveira,22/12/1979
71203222360,Julia Costa,16/09/1955
89325952807,Maria Souza,26/06/1991
04604696204,Gabriel Rodrigues,13/08/1974
12137894822,Gabriel Rodrigues,19/08/1964
28061039567,Lucas Pereira,24/12/1993
79291775936,Pedro Santos,06/11/1963
00389691938,Beatriz Lima,06/09/2004
28870115920,Mariana Almeida,25/10/1977
92758412487,Gabriel Rodrigues,08/03/1957
05664022121,Beatriz Lima,08/06/1989
97688337816,Pedro Santos,22/05/1955
57102948040,Joao Silva,07/11/2005
51277371095,Beatriz Lima,09/12/1960
20694742339,Julia Costa,04/02/1983
30153484315,Julia Costa,31/07/1956
82765950313,Gabriel Rodrigues,15/08/1996
80502212117,Beatriz Lima,24/01/1990
97959858294,Mariana Almeida,16/10/1952
36478262212,Pedro Santos,06/01/1958
82609696143,Rafael Ferreira,08/08/1974
82687420200,Ana Oliveira,11/11/1981
59373126989,Lucas Pereira,09/03/1976
09189675725,Ana Oliveira,13/09/1957
73681340394,Mariana Almeida,30/10/1971
52121467702,Maria Souza,27/07/1979
28633380648,Ana Oliveira,05/01/1978
87526262259,Maria Souza,30/11/2005
61833800636,Joao Silva,07/06/1961
94491596935,Ana Oliveira,16/12/1960
99478925184,Julia Costa,09/03/1994
93397195207,Lucas Pereira,13/09/1991
90198827802,Beatriz Lima,09/12/1959
11572273554,Pedro Santos,30/03/2000
43177641652,Rafael Ferreira,10/10/1972
68111663273,Mariana Almeida,28/06/1987
68653010700,Rafael Ferreira,31/12/1974
26935534791,Mariana Almeida,14/09/1996
43617390169,Gabriel Rodrigues,21/05/1981
27069870797,Joao Silva,14/03/1975
56369456165,Joao Silva,26/11/1979
58968639060,Julia Costa,11/01/1990
87579069146,Gabriel Rodrigues,13/10/1968
11893241658,Joao Silva,02/04/1955
30036409470,Pedro Santos,17/05/1995
02173121350,Gabriel Rodrigues,05/04/1961
47167679449,Beatriz Lima,22/09/1959
02422329288,Beatriz Lima,12/12/1973
50296004847,Mariana Almeida,25/08/1999
88755797476,Rafael Ferreira,27/02/1967
82244430912,Ana Oliveira,06/06/1959
25593725255,Joao Silva,12/01/1966
39688274905,Maria Souza,14/01/1995
20766990318,Julia Costa,19/08/1993
33485253509,Beatriz Lima,27/03/1971
47645902420,Joao Silva,23/03/2001
57864824820,Lucas Pereira,31/12/1983
20059937557,Maria Souza,20/01/2001
57696538741,Ana Oliveira,04/01/1978
56040401582,Maria Souza,21/05/1965
99053672578,Lucas Pereira,27/12/1988
76640169150,Ana Oliveira,22/10/1990
85496030740,Beatriz Lima,19/09/1975
29459780935,Julia Costa,14/10/1964
40837195024,Pedro Santos,18/04/1987
40240565288,Beatriz Lima,09/11/1964
98840489546,Mariana Almeida,14/12/1997
11777707364,Pedro Santos,22/03/1954
93896728321,Maria Souza,06/08/1976
19722944777,Mariana Almeida,19/12/1974
58902878229,Lucas Pereira,09/03/1979
20798773224,Maria Souza,16/05/1955
49835045877,Gabriel Rodrigues,03/01/1971
25780161425,Beatriz Lima,03/09/2003
52939874107,Ana Oliveira,22/03/2002
45221224521,Lucas Pereira,17/10/1951
66059577160,Mariana Almeida,05/08/1990
67356407536,Gabriel Rodrigues,14/09/1976
58084797219,Rafael Ferreira,24/07/1952
22510943756,Beatriz Lima,30/09/2005
18661251282,Lucas Pereira,26/05/1950
09535210486,Joao Silva,01/10/1969
75761455706,Maria Souza,15/10/1965
60186545769,Mariana Almeida,30/05/1996
14044372587,Rafael Ferreira,19/09/1952
49944096430,Julia Costa,26/12/2003
54077708412,Maria Souza,26/10/1971
57813856552,Gabriel Rodrigues,19/10/1972
55696415599,Julia Costa,14/10/1970
50582058799,Gabriel Rodrigues,20/08/1988
52417749422,Ana Oliveira,10/11/1961
55569844090,Beatriz Lima,01/07/1988
04559134044,Mariana Almeida,07/06/1970
39306876597,Ana Oliveira,29/11/1986
23671620133,Gabriel Rodrigues,19/01/1973
92706154253,Lucas Pereira,05/08/1992
67879809445,Maria Souza,11/01/1980
58033026881,Pedro Santos,26/12/1958
45814339565,Beatriz Lima,22/04/1999
41427053052,Mariana Almeida,26/03/1970
68079028487,Joao Silva,31/12/1975
68170113418,Mariana Almeida,19/08/1984
25239407994,Ana Oliveira,10/04/1954
12830783939,Rafael Ferreira,16/06/1990
02232910730,Gabriel Rodrigues,07/08/2001
28206632465,Pedro Santos,18/11/1977
09228595181,Joao Silva,04/07/1987
59248411348,Pedro Santos,17/05/1976
66076326351,Lucas Pereira,06/08/1968
58302322855,Maria Souza,23/04/1998
93543656456,Joao Silva,27/06/2004
41063007599,Mariana Almeida,02/08/2002
05243990383,Julia Costa,09/10/1987
53532440445,Mariana Almeida,25/12/1974
11418224822,Pedro Santos,01/06/2002
67678913457,Rafael Ferreira,17/04/2004
71767086000,Beatriz Lima,11/07/1960
45559720332,Rafael Ferreira,13/10/1956
50148696428,Maria Souza,18/10/1951
66664853479,Ana Oliveira,16/01/1977
11848685689,Pedro Santos,26/09/1984
08849497031,Mariana Almeida,09/03/1978
32979776848,Gabriel Rodrigues,26/02/1977
69654396788,Julia Costa,12/11/1977
42969943626,Ana Oliveira,17/08/1976
42937600158,Gabriel Rodrigues,06/03/1983
32785243773,Rafael Ferreira,17/09/1952
73923773852,Mariana Almeida,21/11/1980
77573363224,Ana Oliveira,01/03/1986
08659848798,Mariana Almeida,01/11/2000
04192994483,Pedro Santos,28/06/1993
86784420712,Rafael Ferreira,27/01/1977
42871027387,Maria Souza,29/03/1985
10514569010,Julia Costa,31/07/1952
45669531884,Lucas Pereira,12/03/1998
91300106768,Julia Costa,23/06/1967
85845789355,Ana Oliveira,12/05/1976
53196805010,Ana Oliveira,29/01/1999
82793570293,Joao Silva,20/02/1988
38671784974,Maria Souza,04/06/1959
08266740807,Mariana Almeida,18/12/1986
03516215138,Ana Oliveira,04/03/1992
63187123680,Mariana Almeida,13/01/2004
74387160374,Rafael Ferreira,09/01/2002
33188141120,Mariana Almeida,17/02/1980
39397224668,Mariana Almeida,03/07/1976
12218435535,Pedro Santos,09/02/1971
62884397766,Gabriel Rodrigues,19/02/1975
04062598313,Pedro Santos,25/04/1993
13672229866,Ana Oliveira,17/07/1956
53898731818,Lucas Pereira,21/05/1964
71785190336,Julia Costa,26/08/2003
70955972634,Mariana Almeida,10/10/1963
91185998315,Mariana Almeida,07/12/1994
74223980503,Joao Silva,02/01/1994
57661568529,Pedro Santos,15/05/1978
66113203032,Pedro Santos,02/02/1986
73383536412,Rafael Ferreira,17/02/1964
92418308387,Pedro Santos,11/11/1971
76117574226,Ana Oliveira,21/12/1973
35470927506,Maria Souza,06/04/1967
18085163586,Joao Silva,28/12/1987
50855398965,Pedro Santos,24/08/1965
62097706944,Rafael Ferreira,14/11/2002
41412353028,Mariana Almeida,13/06/1993
27622355488,Mariana Almeida,24/09/1958
21096624423,Julia Costa,12/10/2005
79123928576,Beatriz Lima,10/04/1985
46225962693,Mariana Almeida,06/04/1983
31214269949,Mariana Almeida,09/04/1952
15082659263,Maria Souza,06/04/2003
96739185611,Gabriel Rodrigues,17/03/1988
60067248196,Pedro Santos,05/05/1996
22587777728,Ana Oliveira,02/02/1967
77108606621,Rafael Ferreira,23/03/2001
34364757031,Joao Silva,26/12/1966
56412515289,Rafael Ferreira,17/02/1993
73326795659,Mariana Almeida,04/08/1974
62007863993,Maria Souza,30/10/1978
97935939362,Mariana Almeida,03/06/1980
79644953768,Gabriel Rodrigues,24/01/1960
31438355452,Maria Souza,06/10/1971
43744616767,Maria Souza,27/07/1960
33350224331,Lucas Pereira,27/03/1984
94133015777,Julia Costa,28/04/1993
31494315662,Mariana Almeida,10/01/1978
76197477907,Joao Silva,09/09/1969
34480998159,Pedro Santos,07/01/1998
76840821360,Rafael Ferreira,25/08/1993
53162602168,Pedro Santos,16/02/1998
77193767277,Ana Oliveira,16/12/2004
02163436331,Pedro Santos,12/09/1965
46643102565,Maria Souza,12/11/1964
42685834864,Rafael Ferreira,24/07/2000
08677847744,Gabriel Rodrigues,24/07/1991
52266259993,Mariana Almeida,03/02/1988
14962861943,Maria Souza,12/10/1961
58884065702,Pedro Santos,26/07/2002
39213310551,Ana Oliveira,06/05/1984
71852847724,Lucas Pereira,22/03/1980
12545579169,Rafael Ferreira,03/08/2003
29800162080,Maria Souza,20/11/1956
62606968618,Lucas Pereira,24/12/1991
28055139343,Beatriz Lima,05/04/1991
25036561667,Mariana Almeida,20/02/1968
28087191033,Julia Costa,22/08/1985
73821328240,Joao Silva,28/01/1950
37055553495,Ana Oliveira,28/12/1986
48220789746,Rafael Ferreira,06/01/1987
54874085353,Ana Oliveira,26/12/1993
03017618624,Julia Costa,18/03/1991
41025315889,Ana Oliveira,17/06/1985
14598406971,Joao Silva,28/09/1956
28934745293,Lucas Pereira,17/07/1953
97870185698,Pedro Santos,20/01/1980
27839387498,Rafael Ferreira,29/12/1977
05556764615,Gabriel Rodrigues,01/03/1999
49581366580,Rafael Ferreira,09/12/1965
16553795921,Rafael Ferreira,04/01/2002
96958130763,Mariana Almeida,28/03/1952
12185771288,Beatriz Lima,30/05/1970
74512992859,Beatriz Lima,06/12/1980
95936721371,Julia Costa,12/06/1963
49673946179,Joao Silva,26/04/1970
70835233268,Maria Souza,25/01/2001
03517191641,Rafael Ferreira,26/07/1994
05145010143,Beatriz Lima,12/06/2000
32769523547,Julia Costa,13/11/1966
23185113073,Lucas Pereira,03/05/1991
17031745922,Ana Oliveira,25/11/1986
32631549337,Gabriel Rodrigues,30/09/1960
87392167853,Julia Costa,29/01/1960
34759523558,Julia Costa,30/11/1962
35319465319,Pedro Santos,12/01/2001
02884801341,Lucas Pereira,23/04/1986
04869956906,Ana Oliveira,15/07/1998
27263642575,Gabriel Rodrigues,21/11/1999
47287122516,Lucas Pereira,27/03/1950
02167164450,Joao Silva,13/11/1971
63087518391,Gabriel Rodrigues,07/08/1967
53121214412,Gabriel Rodrigues,02/02/1970
83003497463,Lucas Pereira,04/10/1998
65001907943,Maria Souza,06/04/1957
95735471915,Maria Souza,22/04/1972
14517493789,Pedro Santos,06/07/1952
72498809236,Mariana Almeida,21/05/2001
24395598485,Maria Souza,03/04/1980
28969979602,Lucas Pereira,19/12/1978
34115046079,Julia Costa,15/02/1962
66130066989,Lucas Pereira,25/12/1981
63089598841,Joao Silva,05/10/1978
63364356778,Rafael Ferreira,28/10/1955
19646562981,Lucas Pereira,23/10/1958
07010933118,Julia Costa,05/05/1976
90127877144,Julia Costa,17/10/1975
39699176877,Pedro Santos,20/12/2001
18626648795,Gabriel Rodrigues,20/06/1993
99978845814,Mariana Almeida,14/08/1970
90493761343,Maria Souza,04/01/1960
73125670657,Pedro Santos,27/12/1975
09600797375,Rafael Ferreira,05/08/1958
88424431004,Julia Costa,11/09/1983
60727050281,Gabriel Rodrigues,08/10/2005
47872567842,Lucas Pereira,15/02/1975
33206406911,Rafael Ferreira,07/12/1975
92897967331,Ana Oliveira,13/05/1974
29804677845,Julia Costa,24/03/1962
12045949713,Mariana Almeida,29/05/1982
07489081811,Mariana Almeida,09/09/1984
94098645657,Gabriel Rodrigues,18/07/1981
76731630809,Julia Costa,20/04/1990
18844305016,Ana Oliveira,27/01/1986
10432285264,Mariana Almeida,13/09/1996
17945998351,Pedro Santos,05/03/2000
42237641364,Joao Silva,22/10/1963
63877380409,Joao Silva,18/07/1978
85684332604,Gabriel Rodrigues,05/10/1990
40499916036,Gabriel Rodrigues,22/05/1971
72359520657,Joao Silva,08/02/1983
18717323237,Ana Oliveira,24/02/1997
52001706269,Beatriz Lima,16/10/1950
59385456519,Lucas Pereira,27/06/1984
83922179198,Mariana Almeida,11/07/1975
06530691195,Mariana Almeida,30/08/1969
44412209726,Maria Souza,30/05/1999
93601073166,Joao Silva,01/09/1964
82458250742,Ana Oliveira,13/09/2002
32191201303,Julia Costa,06/10/1962
02280291953,Julia Costa,07/03/1981
97416660383,Beatriz Lima,23/12/1985
28948810053,Julia Costa,03/10/1991
73554006978,Beatriz Lima,15/05/1954
67589000751,Ana Oliveira,15/09/1995
80465245708,Mariana Almeida,24/05/1971
08182493957,Ana Oliveira,13/12/1977
54834764613,Ana Oliveira,06/06/1977
45005617851,Maria Souza,22/06/1955
77459359815,Julia Costa,07/05/1999
00304180129,Maria Souza,24/01/1955
33676299506,Mariana Almeida,15/09/1988
28006820340,Gabriel Rodrigues,15/02/2004
09425794081,Julia Costa,07/01/1958
33372208192,Ana Oliveira,26/09/1986
17455241244,Lucas Pereira,07/04/1983
51482711860,Joao Silva,03/11/1972
88362950841,Pedro Santos,11/10/1969
39056265673,Ana Oliveira,30/08/1979
17555894839,Maria Souza,24/10/1954
10474200183,Beatriz Lima,03/05/1989
42452676889,Rafael Ferreira,17/05/1995
74211038695,Beatriz Lima,13/01/1975
73777510479,Joao Silva,06/08/1982
84045341498,Mariana Almeida,13/06/1978
51457020187,Lucas Pereira,02/07/1991
15002460687,Pedro Santos,16/07/1999
07334363163,Julia Costa,15/02/1965
00516141253,Maria Souza,30/09/1995
70883422161,Gabriel Rodrigues,03/02/1963
37986210866,Julia Costa,06/05/1970
61841296983,Maria Souza,10/01/1988
51277371538,Mariana Almeida,11/04/1962
57915023379,Beatriz Lima,24/06/1991
60532488348,Joao Silva,07/05/1993
07998433973,Pedro Santos,01/09/2001
05798175123,Joao Silva,04/01/1990
97063101642,Maria Souza,15/01/1967
63847688585,Julia Costa,08/10/1955
51093356886,Lucas Pereira,20/09/1995
59631377075,Maria Souza,15/07/1978
34953069083,Gabriel Rodrigues,24/03/1957
12973671214,Julia Costa,24/10/1988
07432773232,Julia Costa,26/02/1991
25884020780,Pedro Santos,20/02/1979
85606126622,Joao Silva,09/04/2003
30075757219,Mariana Almeida,03/07/1989
87246603251,Julia Costa,31/01/1988
98483785839,Pedro Santos,29/04/1986
02306435533,Gabriel Rodrigues,09/05/1986
36943479441,Rafael Ferreira,28/03/1965
04933781432,Pedro Santos,09/10/1989
19364911618,Ana Oliveira,18/08/2004
78922544656,Maria Souza,09/09/1999
13417894640,Pedro Santos,19/09/1983
87939271283,Pedro Santos,29/09/2002
24397077924,Pedro Santos,16/02/2004
39277068920,Maria Souza,09/09/1956
81982397048,Maria Souza,06/08/1960
45800561950,Julia Costa,06/11/1965
19455125016,Joao Silva,11/10/1992
84466357950,Beatriz Lima,08/04/1961
07844669757,Rafael Ferreira,05/05/2001
30966648485,Julia Costa,16/12/1992
63322166108,Mariana Almeida,29/10/1954
57067582250,Maria Souza,06/12/1973
22723244434,Joao Silva,10/05/1974
33232047052,Lucas Pereira,18/07/1950
50634087901,Gabriel Rodrigues,16/03/1990
78581884848,Rafael Ferreira,05/07/1975
22490567081,Gabriel Rodrigues,19/08/2004
37963751796,Joao Silva,11/10/1989
77563963208,Pedro Santos,25/07/1967
20071084753,Rafael Ferreira,31/03/1971
40752804173,Lucas Pereira,11/10/1978
62453599796,Beatriz Lima,13/10/1968
94889466763,Joao Silva,17/02/1988
02519684410,Beatriz Lima,26/10/1957
54686939595,Rafael Ferreira,17/01/2002
14934356492,Maria Souza,12/12/1982
35851733248,Beatriz Lima,08/05/1957
05979653608,Pedro Santos,10/09/2003
83210801771,Rafael Ferreira,31/08/1985
46420576821,Pedro Santos,25/02/1987
58109580048,Beatriz Lima,07/06/1961
54379084433,Lucas Pereira,16/08/1954
35842244002,Julia Costa,10/07/1965
52345531968,Beatriz Lima,01/09/1957
21884620223,Beatriz Lima,19/09/1988
77276867787,Mariana Almeida,16/06/1997
68437512077,Maria Souza,18/06/1964
40002735615,Lucas Pereira,08/03/1954
98825332016,Lucas Pereira,12/06/1986
24331183552,Rafael Ferreira,05/09/1952
83352347147,Ana Oliveira,26/11/1958
04011233373,Rafael Ferreira,25/07/1951
32790583375,Beatriz Lima,25/07/2000
64784490605,Ana Oliveira,17/02/1972
53901859575,Rafael Ferreira,16/05/1970
80219751764,Mariana Almeida,09/06/1976
73407445012,Lucas Pereira,20/10/1961
50665835304,Lucas Pereira,31/12/1979
05097914358,Joao Silva,15/03/2002
99668621350,Joao Silva,31/01/1986
00079302237,Pedro Santos,24/01/1984
50581064055,Maria Souza,03/10/1961
49715118185,Lucas Pereira,02/01/1957
65757523461,Beatriz Lima,25/10/1986
04553661067,Joao Silva,07/06/1961
44410231001,Lucas Pereira,19/04/1990
02395441350,Gabriel Rodrigues,31/05/1963
47925295134,Julia Costa,20/06/1994
69567951989,Gabriel Rodrigues,24/04/1964
52616439758,Mariana Almeida,01/05/1963
11049073080,Mariana Almeida,24/12/2005
06928263875,Ana Oliveira,03/07/1994
54016849662,Joao Silva,28/10/1987
44996042388,Ana Oliveira,15/08/1997
57219008823,Ana Oliveira,11/10/1971
12190499515,Mariana Almeida,26/07/1965
14227561436,Julia Costa,10/11/1986
90839974425,Joao Silva,27/02/1961
84700633497,Julia Costa,06/06/1970
39329399026,Gabriel Rodrigues,11/01/1974
03666001055,Ana Oliveira,01/09/1992
10704044171,Pedro Santos,23/05/2002
77130774189,Pedro Santos,17/12/1992
27583942471,Maria Souza,13/09/1954
20446760212,Pedro Santos,10/04/2003
40251297526,Gabriel Rodrigues,03/10/1962
14376923961,Lucas Pereira,14/05/1998
84038081849,Mariana Almeida,13/11/1952
82902716068,Gabriel Rodrigues,31/03/1972
85473869083,Julia Costa,05/06/1969
49727221847,Pedro Santos,23/05/1990
72979684982,Beatriz Lima,13/03/1965
33301231968,Mariana Almeida,07/07/1971
49765235471,Mariana Almeida,07/07/1996
45375282646,Julia Costa,16/02/1981
41316756613,Mariana Almeida,13/12/1987
59849374159,Ana Oliveira,23/12/1955
09704534618,Gabriel Rodrigues,21/07/1954
91933400268,Mariana Almeida,30/12/1952
66740905672,Pedro Santos,10/04/1958
59617999121,Mariana Almeida,24/05/1999
83126816649,Julia Costa,16/03/1985
90337452504,Ana Oliveira,24/10/1981
02427046639,Ana Oliveira,02/05/1997
49053489872,Ana Oliveira,22/05/2003
62518045088,Pedro Santos,23/12/1992
31019855368,Mariana Almeida,06/01/1961
09341595466,Pedro Santos,17/06/1990
10620648403,Rafael Ferreira,28/10/1996
64999236559,Beatriz Lima,30/09/1953
55393307957,Mariana Almeida,13/11/1998
35194700863,Rafael Ferreira,14/05/1978
08660902570,Ana Oliveira,04/04/1956
12667514198,Mariana Almeida,20/03/1976
06269736284,Mariana Almeida,17/10/1981
88056752788,Lucas Pereira,05/11/1983
55271632712,Maria Souza,10/08/1983
58897184020,Ana Oliveira,22/01/1953
19371327752,Mariana Almeida,25/08/1958
41063109702,Maria Souza,16/07/1987
21657132169,Julia Costa,26/02/1962
43551462991,Maria Souza,13/07/1996
32543089198,Rafael Ferreira,26/04/1995
14336594381,Joao Silva,24/01/1973
51516111981,Beatriz Lima,31/10/1966
49081141089,Maria Souza,02/03/1974
57213586609,Maria Souza,25/09/1952
80249758474,Mariana Almeida,04/07/1986
45431362893,Julia Costa,25/06/1975
66660378253,Lucas Pereira,20/10/1991
49351894133,Mariana Almeida,09/09/1972
95157846587,Ana Oliveira,23/07/1983
90357731487,Pedro Santos,08/05/1986
68893682288,Joao Silva,24/09/2003
41297126809,Joao Silva,13/10/1992
04213115667,Beatriz Lima,12/12/1977
37214853673,Mariana Almeida,24/11/1977
27584181835,Lucas Pereira,18/03/1966
41245032451,Mariana Almeida,27/11/1979
61651534201,Mariana Almeida,05/10/1997
31019079387,Rafael Ferreira,03/01/1968
46564019103,Mariana Almeida,20/02/1954
84510363877,Pedro Santos,25/04/1952
10917449513,Rafael Ferreira,08/12/2002
02062570486,Mariana Almeida,04/03/1980
27712743374,Maria Souza,29/10/1990
11875905298,Gabriel Rodrigues,16/06/1983
44718057273,Julia Costa,09/06/1989
30263962652,Maria Souza,26/10/2004
87736953523,Rafael Ferreira,23/12/1979
28547915341,Julia Costa,08/05/2000
81979436354,Ana Oliveira,15/04/1965
66641763693,Lucas Pereira,10/07/2001
31604187445,Beatriz Lima,27/09/1985
21323353004,Julia Costa,12/05/2001
58244324952,Lucas Pereira,06/01/1983
37506198607,Rafael Ferreira,10/03/1992
62091720179,Rafael Ferreira,15/04/1999
06876892040,Pedro Santos,10/05/1961
72312638691,Mariana Almeida,31/01/1985
92337981754,Maria Souza,23/12/1981
44566211212,Ana Oliveira,04/01/2005
59864399085,Rafael Ferreira,12/06/1978
81146131133,Mariana Almeida,29/06/1951
32062342146,Gabriel Rodrigues,19/08/1974
97911849188,Julia Costa,11/05/1979
54119702151,Gabriel Rodrigues,25/02/1986
64486578586,Pedro Santos,08/10/1952
58921717064,Ana Oliveira,23/01/1966
32986127167,Joao Silva,13/12/1970
85803461836,Rafael Ferreira,11/10/1964
59509325143,Maria Souza,27/05/1974
48586782399,Pedro Santos,27/09/1968
33961399048,Ana Oliveira,09/01/1967
27677151143,Rafael Ferreira,11/03/1989
50209534371,Maria Souza,18/12/1963
63252134223,Pedro Santos,01/04/1956
64511252326,Ana Oliveira,06/09/1954
87167368835,Lucas Pereira,10/02/2002
86926082214,Mariana Almeida,02/05/1975
86590714594,Pedro Santos,15/08/1966
81015410888,Pedro Santos,13/06/1978
34414055820,Ana Oliveira,13/12/1950
97663863558,Julia Costa,07/11/1996
31350042602,Pedro Santos,29/05/1964
06705629742,Mariana Almeida,03/11/2003
86000175406,Beatriz Lima,12/05/1950
43554439245,Gabriel Rodrigues,25/10/2001
45385580173,Ana Oliveira,23/08/1966
08814935192,Mariana Almeida,23/09/2002
90757283241,Maria Souza,28/10/1972
42108232229,Maria Souza,05/11/1951
41545298629,Pedro Santos,06/11/1964
24188260731,Maria Souza,15/08/1950
49719513330,Rafael Ferreira,05/07/1975
78066915527,Maria Souza,07/11/1996
83629635139,Beatriz Lima,14/08/1988
19154827915,Ana Oliveira,27/09/1968
71582292201,Ana Oliveira,31/01/1986
97496829055,Gabriel Rodrigues,01/01/1975
91347736506,Pedro Santos,02/11/1976
84516362524,Gabriel Rodrigues,27/02/1979
87589040046,Gabriel Rodrigues,10/07/1958
20159391461,Mariana Almeida,30/03/1992
55852683229,Ana Oliveira,20/12/2004
18243952650,Julia Costa,27/09/1956
06094595625,Beatriz Lima,19/10/1966
65135540146,Maria Souza,14/12/1972
95001475209,Julia Costa,09/11/1981
83946110394,Joao Silva,10/06/1978
51114449043,Julia Costa,19/06/1984
82230627045,Julia Costa,04/10/1961
15341297924,Gabriel Rodrigues,02/02/1999
03573248121,Beatriz Lima,13/04/1968
97658720218,Maria Souza,03/11/1957
78322362472,Joao Silva,11/08/1966
23127650170,Julia Costa,04/08/1968
65348049986,Julia Costa,20/08/1960
39066422937,Joao Silva,24/07/1975
54775389341,Pedro Santos,28/02/1995
83098092448,Julia Costa,10/03/1988
49185361941,Gabriel Rodrigues,13/02/1962
10028163042,Maria Souza,14/05/1952
37858663940,Joao Silva,29/03/1965
15292271508,Ana Oliveira,08/02/2005
39289792927,Maria Souza,04/11/1972
89790999656,Ana Oliveira,25/04/1967
60421185290,Joao Silva,08/07/1977
45829681215,Lucas Pereira,26/07/1958
29796319216,Pedro Santos,02/05/1999
16112241931,Beatriz Lima,07/04/1973
30486716520,Mariana Almeida,07/09/1993
73741958565,Beatriz Lima,17/04/1989
27235723390,Lucas Pereira,30/09/1995
87924058824,Julia Costa,15/07/1960
27367120321,Beatriz Lima,27/10/1989
04072370940,Pedro Santos,16/07/1970
57523829857,Joao Silva,23/12/1974
86734915572,Lucas Pereira,04/08/2001
06000882434,Beatriz Lima,16/12/1975
87934587212,Lucas Pereira,06/08/1978
22199563204,Pedro Santos,10/12/1963
27372353692,Joao Silva,29/07/1978
09369448653,Beatriz Lima,24/09/1996
30690672376,Ana Oliveira,07/03/1956
95569132789,Ana Oliveira,01/03/2000
71426523809,Ana Oliveira,12/07/1961
72177539831,Gabriel Rodrigues,26/12/1979
16032900650,Rafael Ferreira,06/01/1968
13151555829,Gabriel Rodrigues,10/06/1950
03428858870,Mariana Almeida,31/12/1953
41557294197,Ana Oliveira,06/02/1972
32469937514,Rafael Ferreira,17/08/1982
22012161877,Gabriel Rodrigues,27/04/1991
87741795856,Pedro Santos,15/10/1964
08016836959,Maria Souza,30/06/1968
99696457536,Joao Silva,23/03/1967
22483852618,Beatriz Lima,17/11/1995
64191656434,Julia Costa,03/02/1963
98632123122,Julia Costa,01/04/1954
84705781710,Pedro Santos,13/08/1954
26875023938,Rafael Ferreira,02/01/1980
67227261428,Rafael Ferreira,10/08/1957
70396210849,Lucas Pereira,24/12/1976
20058927134,Beatriz Lima,18/06/1964
75014417674,Ana Oliveira,28/08/1957
56670782399,Joao Silva,04/09/1971
37021152932,Julia Costa,20/01/1994
04017963133,Lucas Pereira,14/03/1953
87035533704,Gabriel Rodrigues,19/04/1975
01210444433,Joao Silva,17/01/1961
16067754086,Gabriel Rodrigues,02/10/1994
20569018580,Rafael Ferreira,04/06/1989
72601307067,Rafael Ferreira,21/08/1974
68406088633,Lucas Pereira,05/05/1986
76475955443,Maria Souza,23/08/1963
72206947849,Gabriel Rodrigues,05/12/1965
90464951146,Maria Souza,15/07/1972
60720616732,Ana Oliveira,30/12/1955
40592123466,Mariana Almeida,09/09/1970
32857219547,Rafael Ferreira,15/03/1954
51766151879,Lucas Pereira,02/09/1954
42201271223,Beatriz Lima,13/01/1950
52984705343,Rafael Ferreira,03/09/1975
73151810713,Maria Souza,21/10/2000
49525930687,Joao Silva,26/11/2003
27732029263,Ana Oliveira,29/06/1951
68839238995,Joao Silva,18/12/2003
82539478661,Joao Silva,26/08/1957
69818643843,Maria Souza,19/05/1961
03692313665,Joao Silva,18/07/1973
59568975157,Beatriz Lima,09/11/1967
54273362709,Ana Oliveira,20/06/1980
00551202338,Pedro Santos,30/05/1983
76280105914,Beatriz Lima,13/12/1995
90148598740,Lucas Pereira,10/10/1954
80919916712,Rafael Ferreira,17/03/1972
12712390179,Julia Costa,21/11/1964
61442924670,Lucas Pereira,16/07/1976
92465669999,Lucas Pereira,20/06/1960
19468552015,Julia Costa,25/01/1974
75836187782,Beatriz Lima,29/10/1995
33097284887,Gabriel Rodrigues,23/12/1977
57333783280,Pedro Santos,14/06/1988
31222862007,Gabriel Rodrigues,20/05/2001
32917672444,Maria Souza,16/01/1992
04902986535,Julia Costa,21/05/1990
53974806033,Mariana Almeida,30/07/1974
65727306431,Julia Costa,19/01/1965
82297692619,Julia Costa,17/08/1988
39244769176,Maria Souza,31/12/1993
71180681949,Julia Costa,29/10/1964
97669371304,Pedro Santos,13/09/1990
17459128177,Ana Oliveira,24/03/1951
28061871546,Mariana Almeida,07/04/1994
14638222719,Maria Souza,24/11/1958
18487228969,Ana Oliveira,29/06/2001
69124562730,Beatriz Lima,12/08/1993
58285771732,Mariana Almeida,29/02/1960
94918911004,Ana Oliveira,04/05/1975
25449070186,Lucas Pereira,05/11/1971
21080459936,Beatriz Lima,09/09/1950
48558536867,Maria Souza,07/09/1989
34235390166,Lucas Pereira,04/06/1968
54611601804,Maria Souza,16/06/1996
19031692786,Mariana Almeida,02/07/1950
31961884571,Mariana Almeida,18/06/1983
28596276397,Julia Costa,28/01/1972
91092984116,Julia Costa,01/08/1959
29256174459,Rafael Ferreira,22/04/1973
54095971374,Lucas Pereira,04/11/1995
11141953231,Maria Souza,02/09/2000
34360872565,Ana Oliveira,22/03/1972
57846746408,Pedro Santos,21/10/1974
35557826003,Mariana Almeida,16/10/1950
40194084936,Mariana Almeida,25/09/1999
75082520204,Joao Silva,03/09/1976
66240152832,Beatriz Lima,20/05/1955
96378557617,Julia Costa,27/08/1974
95006794388,Julia Costa,28/11/1958
35064832218,Mariana Almeida,01/08/1950
04982920951,Pedro Santos,20/08/1953
30258313297,Gabriel Rodrigues,08/12/1981
09666387213,Rafael Ferreira,21/01/1973
99435479257,Julia Costa,05/08/2001
06159977112,Pedro Santos,21/05/1950
96292594356,Lucas Pereira,02/02/1992
27519159112,Maria Souza,27/04/1950
01725162508,Ana Oliveira,11/11/1999
31629692660,Lucas Pereira,11/04/1973
88877070033,Rafael Ferreira,26/10/1980
87367948638,Pedro Santos,29/03/1975
83293399476,Pedro Santos,29/06/1980
54831109194,Gabriel Rodrigues,14/03/1954
30639492910,Julia Costa,31/10/1962
21863911641,Julia Costa,14/05/1953
72001393118,Mariana Almeida,11/06/1965
24665329519,Mariana Almeida,16/09/1962
44265345192,Gabriel Rodrigues,25/04/1991
98901539840,Joao Silva,20/10/1955
09918891514,Maria Souza,27/06/2003
51435939843,Gabriel Rodrigues,08/10/1956
67568181140,Rafael Ferreira,08/01/1972
84274518309,Gabriel Rodrigues,16/08/1975
11654650026,Lucas Pereira,15/06/1979
78349342570,Mariana Almeida,18/01/1968
39858097798,Rafael Ferreira,17/04/1974
44184572153,Mariana Almeida,19/07/1993
27534376831,Gabriel Rodrigues,21/05/1997
44875412702,Julia Costa,09/12/1970
53813264191,Gabriel Rodrigues,02/09/1968
95501094174,Pedro Santos,05/11/1982
38702621834,Gabriel Rodrigues,03/10/1978
43109171332,Maria Souza,14/01/1995
27209648146,Ana Oliveira,26/03/1989
35981101349,Pedro Santos,03/01/1956
27314426284,Mariana Almeida,22/12/1982
96124273334,Maria Souza,20/11/1959
17545252230,Mariana Almeida,05/07/1974
97035294981,Ana Oliveira,19/03/1961
82158384854,Lucas Pereira,18/10/1951
90073173038,Maria Souza,10/08/1975
41178559847,Ana Oliveira,03/08/1998
25009612457,Rafael Ferreira,26/10/1959
13438339668,Rafael Ferreira,08/05/1996
54503456240,Julia Costa,17/05/1981
69480011298,Joao Silva,20/01/1971
41222966823,Joao Silva,20/11/1983
93585722014,Gabriel Rodrigues,07/07/1967
25417689182,Ana Oliveira,29/04/2004
61983562746,Pedro Santos,19/03/1988
75112262747,Lucas Pereira,25/10/2003
43175596506,Pedro Santos,21/06/1953
84950604366,Julia Costa,31/05/1965
78445056977,Gabriel Rodrigues,28/04/1964
55666425389,Ana Oliveira,03/11/1964
14841111924,Beatriz Lima,02/10/1951
07334466297,Lucas Pereira,01/05/1972
07398079638,Julia Costa,15/08/1960
46106113534,Gabriel Rodrigues,22/04/1954
97701320583,Pedro Santos,22/01/2004
21825968600,Julia Costa,30/10/1976
08365503851,Lucas Pereira,22/05/1968
82666972763,Lucas Pereira,13/07/1990
37785345110,Rafael Ferreira,17/10/1984
97308228071,Rafael Ferreira,20/12/2004
96127270315,Mariana Almeida,04/06/1982
32067029273,Mariana Almeida,16/10/1998
25626327199,Lucas Pereira,01/08/1955
85962167722,Joao Silva,02/10/1960
34513378547,Ana Oliveira,22/06/1983
98186346308,Joao Silva,07/03/1981
23864807795,Pedro Santos,12/07/1956
41457992153,Julia Costa,20/02/1978
99286625800,Rafael Ferreira,23/06/1987
74299350657,Rafael Ferreira,26/12/1964
71985680347,Pedro Santos,08/05/1972
81472196047,Beatriz Lima,25/11/1999
39542453358,Beatriz Lima,25/06/1986
48867953422,Joao Silva,17/05/1981
79003616554,Maria Souza,27/01/1993
22294721265,Lucas Pereira,18/10/1950
90267967353,Mariana Almeida,01/02/1995
82679514497,Maria Souza,28/11/1966
98808977938,Lucas Pereira,29/12/1971
87418586696,Lucas Pereira,18/08/1987
37215977833,Rafael Ferreira,29/10/2003
46615810620,Joao Silva,07/03/1968
08229757159,Rafael Ferreira,11/11/1956
69526517257,Gabriel Rodrigues,24/04/1969
35025043110,Ana Oliveira,21/02/1954
86424273573,Julia Costa,12/07/1988
05163320338,Rafael Ferreira,18/08/1984
81421129771,Joao Silva,15/04/1976
05775738840,Beatriz Lima,12/11/2005
73369680339,Joao Silva,26/05/1965
82096369732,Gabriel Rodrigues,20/07/2003
98031500205,Mariana Almeida,17/01/1968
65803785017,Mariana Almeida,11/04/1976
75507654595,Ana Oliveira,08/02/1973
06023228731,Julia Costa,23/01/1996
10943622410,Pedro Santos,20/09/1956
99466682297,Pedro Santos,12/08/1961
68205960467,Mariana Almeida,02/06/1954
85292227013,Rafael Ferreira,03/01/1952
88453596769,Pedro Santos,09/07/1991
86140872984,Lucas Pereira,16/05/1976
49738435904,Mariana Almeida,31/05/1968
97988394220,Ana Oliveira,21/01/1988
87180680226,Mariana Almeida,11/04/1999
27982707170,Julia Costa,10/02/1951
62058060613,Ana Oliveira,23/06/1965
40845670273,Gabriel Rodrigues,13/05/2004
91028370394,Rafael Ferreira,15/12/1990
25931768541,Pedro Santos,09/02/1979
44634546295,Pedro Santos,08/06/1951
43614185642,Ana Oliveira,19/04/1989
28577645204,Maria Souza,14/06/1960
71744967914,Lucas Pereira,28/05/1986
92484244781,Beatriz Lima,26/05/1962
04402176944,Pedro Santos,22/03/1962
87266649958,Maria Souza,10/07/1984
20968313272,Julia Costa,28/05/1989
31823979344,Beatriz Lima,09/05/1963
56816759363,Joao Silva,04/08/1969
30864079742,Beatriz Lima,12/06/1980
67538343091,Beatriz Lima,12/01/1971
94181602164,Gabriel Rodrigues,18/09/2005
12741558074,Beatriz Lima,25/11/1952
22247925979,Lucas Pereira,27/02/1961
67355609740,Pedro Santos,31/12/1970
43153126756,Beatriz Lima,14/06/2004
15214331028,Ana Oliveira,24/06/2005
69382464857,Lucas Pereira,15/01/1981
84591269711,Lucas Pereira,14/08/1960
95315833770,Pedro Santos,24/04/1950
78660157733,Lucas Pereira,27/06/1955
41552414801,Lucas Pereira,24/06/1993
07252673734,Gabriel Rodrigues,23/11/1989
57765822686,Maria Souza,17/06/1997
15965080829,Gabriel Rodrigues,25/11/1962
35439159438,Joao Silva,27/06/1966
89359986483,Julia Costa,05/03/1958
46256617485,Gabriel Rodrigues,19/07/1986
52862563916,Pedro Santos,17/05/1967
25329719320,Pedro Santos,24/06/1958
75967557740,Gabriel Rodrigues,08/05/1957
58861310595,Rafael Ferreira,20/08/1995
68139703428,Julia Costa,02/06/1968
06966320757,Mariana Almeida,08/08/1974
98320472313,Maria Souza,17/09/1985
46465369842,Julia Costa,11/08/1977
52843719832,Gabriel Rodrigues,23/04/1951
23995955149,Rafael Ferreira,27/12/1986
26148778723,Gabriel Rodrigues,04/04/1953
54138379159,Joao Silva,23/02/1973
54901323292,Gabriel Rodrigues,03/01/1978
23306252303,Beatriz Lima,23/11/1970
40931742918,Rafael Ferreira,12/06/1954
07498956349,Julia Costa,08/07/2004
11621733706,Pedro Santos,28/09/1955
19780538197,Maria Souza,12/12/1973
93479947393,Joao Silva,13/03/1998
20745161311,Ana Oliveira,18/04/2001
92655177770,Mariana Almeida,05/05/1976
35096782981,Lucas Pereira,11/08/1992
03118646570,Mariana Almeida,17/09/1984
89272505591,Lucas Pereira,17/08/1960
20153244357,Julia Costa,09/01/1977
74732276559,Ana Oliveira,22/02/1970
71137449232,Mariana Almeida,20/06/1970
68613196380,Lucas Pereira,03/01/1983
23902137758,Beatriz Lima,11/01/2000
12314392741,Julia Costa,26/06/2003
22041506486,Ana Oliveira,10/09/1970
24260296184,Julia Costa,09/10/1955
71925872836,Gabriel Rodrigues,20/06/2003
11228298420,Maria Souza,04/09/1964
91363544311,Ana Oliveira,24/11/1952
03069626341,Beatriz Lima,10/03/1985
65963040246,Gabriel Rodrigues,11/06/1970
59988244484,Maria Souza,17/05/1967
91070005309,Ana Oliveira,10/08/1971
62159109632,Julia Costa,06/03/1994
05348619973,Rafael Ferreira,26/09/1999
63054291096,Maria Souza,11/11/1994
03782311577,Rafael Ferreira,15/04/1978
53993881394,Lucas Pereira,18/12/1984
69595197864,Mariana Almeida,28/09/1960
65145919266,Gabriel Rodrigues,08/06/1990
13357503814,Gabriel Rodrigues,28/04/1952
37297261415,Ana Oliveira,05/08/1974
32535723587,Lucas Pereira,29/04/1994
87104862224,Joao Silva,11/04/1956
03455159181,Pedro Santos,29/11/1951
62919983794,Pedro Santos,22/03/1971
82873989306,Gabriel Rodrigues,26/03/1995
84994644393,Gabriel Rodrigues,09/07/1966
79863912671,Rafael Ferreira,27/05/1985
51279140634,Lucas Pereira,22/12/1977
95008283220,Beatriz Lima,01/12/1970
74637846716,Julia Costa,11/12/1962
38748368621,Julia Costa,29/12/1960
36136685079,Rafael Ferreira,17/07/1964
47359288487,Julia Costa,07/09/1993
61152315630,Julia Costa,19/12/2001
27710741486,Rafael Ferreira,19/09/1963
31664779258,Rafael Ferreira,22/08/1976
78042304537,Julia Costa,27/10/2002
55054485100,Pedro Santos,02/12/1972
97735864740,Rafael Ferreira,16/07/1958
69269080111,Lucas Pereira,19/08/2002
27438162857,Mariana Almeida,25/10/1988
24457153723,Beatriz Lima,23/10/1965
31929560573,Beatriz Lima,06/12/1975
13278072982,Ana Oliveira,11/02/1950
36369222532,Mariana Almeida,26/08/1959
66069185386,Julia Costa,04/06/1963
20980381213,Lucas Pereira,31/10/1978
22305835947,Rafael Ferreira,11/11/1972
74907717384,Julia Costa,15/03/1992
60041852951,Ana Oliveira,27/03/1977
46427630676,Gabriel Rodrigues,04/06/2002
91328345791,Lucas Pereira,11/01/1966
85742870108,Mariana Almeida,19/03/1993
57490456940,Mariana Almeida,05/06/1962
90126952901,Lucas Pereira,07/07/1995
09962255712,Beatriz Lima,26/07/1975
13363879810,Julia Costa,27/01/1972
66095930142,Mariana Almeida,22/09/1957
78965589306,Maria Souza,02/11/1992
03282381041,Pedro Santos,26/10/1980
21847664126,Beatriz Lima,27/05/1985
77764541212,Rafael Ferreira,03/02/1997
91426559793,Joao Silva,05/03/2003
79761451702,Rafael Ferreira,01/06/1982
87855909921,Rafael Ferreira,26/05/1958
80269259940,Beatriz Lima,04/03/1974
86067909464,Pedro Santos,23/07/2002
99097090022,Mariana Almeida,29/07/1976
68123057266,Ana Oliveira,03/06/1963
95793034398,Ana Oliveira,29/10/1951
70883564549,Pedro Santos,21/11/1957
07165785048,Pedro Santos,29/08/1952
10607237790,Julia Costa,05/07/1986
74155701133,Pedro Santos,15/02/1979
24122542221,Rafael Ferreira,02/12/1963
37796092457,Lucas Pereira,16/01/1968
43771445336,Beatriz Lima,08/08/1995
87565476541,Beatriz Lima,01/03/1955
73587361239,Beatriz Lima,20/07/1960
89385267331,Ana Oliveira,28/03/2003
79201384636,Rafael Ferreira,20/04/1987
76420144487,Beatriz Lima,06/08/1981
94905778803,Gabriel Rodrigues,27/11/2002
85529160160,Rafael Ferreira,18/06/1961
64660080846,Pedro Santos,09/04/1962
81142480073,Pedro Santos,23/01/1968
33930172548,Julia Costa,26/04/1979
26416089626,Mariana Almeida,12/01/2000
42701721688,Rafael Ferreira,07/01/1978
29537217348,Pedro Santos,16/01/1974
91339715097,Rafael Ferreira,30/03/1958
85325247313,Lucas Pereira,02/01/1950
26690579122,Mariana Almeida,09/11/2003
01775083428,Pedro Santos,27/02/1968
28063089215,Julia Costa,27/04/1952
26119140700,Julia Costa,13/11/1961
59901717434,Maria Souza,08/08/1983
10592758172,Lucas Pereira,16/01/1969
05445325995,Beatriz Lima,02/01/1976
61505665939,Gabriel Rodrigues,21/08/2003
32579020829,Lucas Pereira,24/04/2003
37852477392,Pedro Santos,14/02/1973
83965924320,Maria Souza,18/08/1952
05310860243,Julia Costa,31/10/1967
16497459659,Maria Souza,19/12/1980
34772348085,Julia Costa,10/04/1973
48817386323,Mariana Almeida,19/05/1964
78988396779,Julia Costa,16/05/1977
96587412942,Beatriz Lima,02/05/1995
87093633547,Maria Souza,20/04/1964
59701277396,Joao Silva,27/12/1979
49856823983,Gabriel Rodrigues,06/01/1994
68109456783,Julia Costa,22/01/1960
22249001602,Pedro Santos,13/06/1959
86701795246,Beatriz Lima,13/01/1960
76780993496,Gabriel Rodrigues,20/04/1969
80907628965,Beatriz Lima,28/10/2000
30873353973,Gabriel Rodrigues,18/08/1956
84038928366,Ana Oliveira,25/03/1957
98065065730,Maria Souza,14/11/1977
14466787930,Rafael Ferreira,29/11/1965
48040586368,Pedro Santos,08/04/1975
87442340491,Lucas Pereira,30/10/1999
69547495587,Julia Costa,11/06/1963
98383281081,Mariana Almeida,19/09/1989
37907499263,Maria Souza,25/04/2003
85697309575,Pedro Santos,20/05/1994
05326852410,Pedro Santos,17/04/1993
57679635501,Maria Souza,10/05/1996
50616733356,Mariana Almeida,31/01/1959
38390907504,Lucas Pereira,25/02/1996
42984391660,Lucas Pereira,10/02/2004
93176946211,Lucas Pereira,07/12/1988
30412510778,Lucas Pereira,30/10/1996
41776239852,Beatriz Lima,05/04/1999
44515733429,Gabriel Rodrigues,06/04/1986
40305519506,Mariana Almeida,17/08/1984
02651065093,Joao Silva,25/10/1958
46487945246,Pedro Santos,16/09/1979
35314698897,Rafael Ferreira,14/11/1965
40849609463,Lucas Pereira,01/06/1971
87763373014,Maria Souza,12/03/1966
27374052778,Joao Silva,07/08/1955
40951906251,Maria Souza,16/02/1974
19183458625,Ana Oliveira,02/12/1983
60219765711,Ana Oliveira,24/05/1991
75481767895,Maria Souza,26/12/2000
84738296396,Maria Souza,06/06/1952
40601618386,Gabriel Rodrigues,05/11/1973
60725181675,Rafael Ferreira,23/05/1992
16558385195,Ana Oliveira,25/05/1952
49974103244,Beatriz Lima,15/09/1952
98619633851,Gabriel Rodrigues,25/02/2000
44826220039,Gabriel Rodrigues,05/01/1973
37322166686,Mariana Almeida,21/03/1991
59174722670,Julia Costa,14/10/1997
16395460830,Ana Oliveira,11/11/1952
51649837906,Ana Oliveira,07/04/1980
11226709067,Maria Souza,14/06/2002
00608181122,Mariana Almeida,16/04/1993
60346706090,Rafael Ferreira,26/04/1998
14966737934,Joao Silva,21/08/1969
41256571698,Pedro Santos,10/05/2004
55185906228,Maria Souza,07/11/1987
17352312015,Joao Silva,18/09/1993
84985631826,Beatriz Lima,03/01/1962
34947635159,Joao Silva,02/03/1951
99294150300,Julia Costa,27/03/1967
46050614339,Lucas Pereira,22/02/1982
48421616692,Joao Silva,01/06/1988
34277440905,Mariana Almeida,11/10/1987
48760189547,Maria Souza,20/03/1976
58330421499,Rafael Ferreira,25/05/1959
23875330557,Joao Silva,21/08/1957
47456299476,Lucas Pereira,23/02/1953
45463893522,Maria Souza,20/12/1962
94008462233,Julia Costa,28/10/1955
89117068057,Lucas Pereira,25/11/1988
04935206372,Lucas Pereira,08/06/1979
79488374310,Pedro Santos,02/03/1976
57425463878,Mariana Almeida,17/11/1992
60620106459,Ana Oliveira,18/02/1953
50289729130,Joao Silva,13/06/1960
03103357764,Julia Costa,03/03/1973
99785536362,Ana Oliveira,25/07/2000
00306785082,Mariana Almeida,29/01/2001
92063589682,Rafael Ferreira,28/06/1962
25934825444,Mariana Almeida,06/03/1952
70081753888,Julia Costa,14/08/1993
18917123152,Joao Silva,16/10/1958
81828614576,Rafael Ferreira,20/03/1966
56271804633,Mariana Almeida,16/08/1989
82413884072,Beatriz Lima,25/06/1990
69221049335,Julia Costa,11/11/1965
22175789266,Julia Costa,26/11/1986
48170444942,Maria Souza,12/10/1974
85693523534,Rafael Ferreira,31/10/1993
06505467946,Rafael Ferreira,11/04/1958
48924080776,Gabriel Rodrigues,31/01/1971
19839540218,Gabriel Rodrigues,22/05/1985
37169858898,Pedro Santos,04/10/1955
75578818649,Julia Costa,14/09/1989
24456832812,Gabriel Rodrigues,28/10/1964
26423576878,Ana Oliveira,06/01/1957
70983533231,Beatriz Lima,31/01/1998
39271738217,Ana Oliveira,04/10/1988
24537763564,Julia Costa,10/01/1956
58362470042,Mariana Almeida,10/03/2001
80791635246,Maria Souza,30/06/1962
35291701039,Rafael Ferreira,19/04/1958
45333348495,Mariana Almeida,30/04/1950
83697179784,Julia Costa,25/06/1964
31833644153,Maria Souza,07/08/1955
28609163294,Gabriel Rodrigues,30/12/1962
58916978481,Pedro Santos,02/06/1969
80531086532,Maria Souza,17/06/1950
33667100689,Joao Silva,01/10/1962
99043203361,Mariana Almeida,11/09/1963
25137203291,Pedro Santos,11/06/1964
78290790049,Lucas Pereira,11/10/1975
80882745365,Julia Costa,31/03/1953
47016891007,Mariana Almeida,13/02/2000
95053450884,Maria Souza,25/07/1983
38859356386,Beatriz Lima,05/01/1963
46285044628,Mariana Almeida,13/12/1981
70731690291,Gabriel Rodrigues,26/09/1989
94340246537,Julia Costa,12/04/2002
25929549672,Beatriz Lima,08/10/1982
14833592421,Gabriel Rodrigues,12/02/1997
99287325458,Pedro Santos,17/02/1966
83035891930,Rafael Ferreira,27/01/1973
32145635726,Rafael Ferreira,18/09/1984
17554670648,Pedro Santos,06/06/2004
27535090896,Gabriel Rodrigues,20/03/1989
14692338408,Rafael Ferreira,10/05/2002
11868626165,Beatriz Lima,04/02/1952
87088737394,Beatriz Lima,01/08/1950
34139942537,Maria Souza,21/09/1975
48648362415,Maria Souza,13/10/1956
06890610968,Ana Oliveira,13/05/1968
26992578834,Mariana Almeida,24/06/1988
49809188388,Lucas Pereira,22/12/1976
72513660848,Julia Costa,30/08/1992
62600428809,Maria Souza,22/10/1978
05750201825,Mariana Almeida,17/07/1968
11031287750,Rafael Ferreira,07/12/1951
54223369255,Joao Silva,26/06/1985
11136573454,Beatriz Lima,12/12/1971
32779352999,Pedro Santos,27/12/1997
58386073941,Beatriz Lima,25/12/1977
63867001647,Julia Costa,24/11/1951
34442053788,Rafael Ferreira,08/01/1983
17006315625,Julia Costa,27/09/1978
70017096424,Maria Souza,04/02/1970
95600109404,Ana Oliveira,30/06/1970
06379035474,Julia Costa,16/03/1999
39514515776,Lucas Pereira,01/10/1986
10571863064,Mariana Almeida,08/12/1972
42379522310,Maria Souza,02/11/1984
88703240858,Julia Costa,24/09/1955
04428500739,Maria Souza,18/02/1987
88244792545,Mariana Almeida,13/12/1986
97973155491,Joao Silva,06/09/1979
17136834854,Julia Costa,24/10/1981
64497257307,Mariana Almeida,14/05/1962
53021471304,Pedro Santos,27/06/1983
58938756031,Maria Souza,19/02/1965
25591253543,Gabriel Rodrigues,07/07/1996
14442289794,Rafael Ferreira,09/08/1973
48146817945,Julia Costa,25/01/1986
58766573365,Gabriel Rodrigues,09/03/1962
98782635557,Gabriel Rodrigues,17/08/1956
62729090856,Julia Costa,16/03/1975
04601568035,Ana Oliveira,10/11/1988
54302372081,Mariana Almeida,19/11/1975
52828036114,Pedro Santos,29/08/1952
48418885777,Beatriz Lima,14/03/1987
04884031788,Rafael Ferreira,09/11/1981
27946744983,Julia Costa,24/03/1956
97040502555,Mariana Almeida,27/08/1958
30912158786,Gabriel Rodrigues,17/06/2001
10624956061,Beatriz Lima,29/07/1993
92425731465,Beatriz Lima,08/10/1956
34315452807,Rafael Ferreira,20/04/1961
56566557189,Ana Oliveira,22/10/1960
13775270054,Pedro Santos,19/02/1980
87771971348,Ana Oliveira,13/08/1976
00016744920,Joao Silva,19/01/2003
35100215230,Ana Oliveira,13/07/1958
10542777980,Julia Costa,19/12/2001
86094544861,Joao Silva,28/12/2001
02261032983,Joao Silva,02/09/1950
07033422424,Mariana Almeida,28/09/1952
60368083891,Gabriel Rodrigues,21/06/1998
61326763428,Rafael Ferreira,14/08/1982
95072646006,Beatriz Lima,15/09/2004
30000654864,Beatriz Lima,31/07/1979
97819425059,Beatriz Lima,17/02/1951
11043669260,Mariana Almeida,17/07/1984
54260100354,Maria Souza,30/01/1980
14118877764,Beatriz Lima,23/10/1989
16111682503,Julia Costa,24/06/1962
69101446149,Joao Silva,08/01/1978
67298654081,Beatriz Lima,19/10/2005
42314761252,Ana Oliveira,29/05/1985
72611977816,Mariana Almeida,11/11/1989
10377541968,Gabriel Rodrigues,24/08/1965
44230855234,Gabriel Rodrigues,20/01/1978
36116468841,Julia Costa,21/06/2005
31573084753,Beatriz Lima,20/07/1977
55132873088,Rafael Ferreira,03/03/1976
73527962157,Joao Silva,31/12/1999
25648215846,Maria Souza,15/11/1980
22623617798,Mariana Almeida,03/08/1985
92425236197,Maria Souza,29/06/2003
57912462154,Ana Oliveira,31/08/1963
47511192063,Pedro Santos,12/08/1974
55522382540,Lucas Pereira,06/10/1982
95988888770,Joao Silva,23/06/1993
60157264161,Lucas Pereira,30/10/2003
78197249310,Rafael Ferreira,28/12/1996
55851799613,Rafael Ferreira,17/11/1975
38490215114,Rafael Ferreira,15/10/1960
89936049142,Julia Costa,09/12/1997
31906250256,Pedro Santos,02/10/1964
03374684608,Julia Costa,08/06/1961
32154627608,Lucas Pereira,28/10/1955
65727868322,Beatriz Lima,17/07/1993
41711467724,Maria Souza,16/10/1954
23114057025,Maria Souza,22/10/1987
77644287730,Lucas Pereira,26/04/2002
61799690811,Ana Oliveira,19/05/1976
06923707173,Joao Silva,15/07/1975
45309610703,Pedro Santos,02/10/1995
06629837217,Pedro Santos,07/05/1978
57106546301,Joao Silva,27/11/2002
62388991115,Rafael Ferreira,24/03/1984
82475651503,Mariana Almeida,01/05/2001
09683540285,Julia Costa,27/07/1967
17113989689,Joao Silva,18/04/1982
56878222434,Rafael Ferreira,26/06/1952
28830256955,Mariana Almeida,10/03/1992
98025000839,Mariana Almeida,13/05/1964
12841470663,Joao Silva,01/05/1958
95972769158,Pedro Santos,23/10/1970
59436982969,Pedro Santos,02/03/1978
95145140818,Beatriz Lima,16/10/1967
19290670682,Lucas Pereira,15/02/1957
27827183889,Beatriz Lima,29/03/1961
86609577545,Pedro Santos,27/04/1970
67622855899,Maria Souza,21/11/1968
80984265791,Maria Souza,24/03/1967
71480230012,Ana Oliveira,22/10/1972
99463973938,Ana Oliveira,21/08/1992
08251512576,Beatriz Lima,11/10/1981
30264380966,Joao Silva,22/04/1999
30326456622,Julia Costa,25/01/1990
89752297983,Julia Costa,29/09/1981
59167394284,Ana Oliveira,07/03/1968
65850819324,Gabriel Rodrigues,28/05/1979
21767909280,Julia Costa,01/08/1950
42097551309,Julia Costa,25/09/1989
19902768863,Mariana Almeida,02/04/1958
86002330743,Lucas Pereira,20/01/1958
48698129857,Julia Costa,16/08/1962
85436547061,Joao Silva,14/09/1980
81627358816,Ana Oliveira,08/05/1994
46258410505,Mariana Almeida,30/09/1984
67533111720,Julia Costa,27/11/1963
54265757038,Ana Oliveira,20/05/1950
15393140194,Maria Souza,20/08/1966
61712351563,Maria Souza,29/08/2001
69243974492,Rafael Ferreira,07/03/1957
08558426917,Maria Souza,29/10/1951
44047299440,Maria Souza,25/01/1978
23267421937,Julia Costa,23/09/1954
43701951204,Gabriel Rodrigues,23/11/1953
34210592481,Mariana Almeida,19/12/1978
24330801737,Lucas Pereira,16/03/1973
30427167208,Beatriz Lima,04/02/1991
28320802553,Joao Silva,06/06/1977
15571593222,Rafael Ferreira,13/12/1956
53896160766,Pedro Santos,14/11/1977
59889096817,Lucas Pereira,02/06/1990
78493875855,Rafael Ferreira,06/02/1989
95720294055,Pedro Santos,22/04/1961
86262791996,Ana Oliveira,02/06/1991
43000704344,Lucas Pereira,15/01/1994
37365729839,Joao Silva,29/05/1985
08426139220,Mariana Almeida,26/06/1962
48299808813,Pedro Santos,13/01/1963
14525440069,Mariana Almeida,28/10/1960
59743606837,Lucas Pereira,10/04/1984
32547580664,Gabriel Rodrigues,21/11/1983
79759197367,Pedro Santos,25/09/2005
88420109432,Julia Costa,16/10/1954
82644617679,Joao Silva,21/04/1964
00153314397,Beatriz Lima,14/10/1976
12941597874,Joao Silva,25/10/1965
00610139184,Lucas Pereira,31/05/1982
97126033152,Ana Oliveira,05/06/1993
00552133657,Julia Costa,01/07/1972
50722755486,Rafael Ferreira,22/10/2002
14145504997,Joao Silva,24/07/1990
51307559189,Maria Souza,23/02/1961
96287285504,Joao Silva,20/06/1968
43198879435,Beatriz Lima,12/07/1988
95849224272,Mariana Almeida,09/02/1952
69526570084,Mariana Almeida,18/02/1997
48712706707,Gabriel Rodrigues,13/08/1990
51115265908,Pedro Santos,12/12/1990
30563511091,Ana Oliveira,27/12/1987
22052634908,Ana Oliveira,09/02/1990
84275366267,Lucas Pereira,28/11/1988
39790582306,Rafael Ferreira,27/10/1992
96388601235,Gabriel Rodrigues,22/10/1954
98230077208,Ana Oliveira,23/11/1985
63268218966,Lucas Pereira,31/01/1997
85015580795,Rafael Ferreira,10/09/1993
21341495322,Julia Costa,02/08/1953
01359049437,Julia Costa,04/12/1973
76914638856,Julia Costa,19/09/1952
31823254846,Maria Souza,16/07/1998
95430168459,Lucas Pereira,31/08/1976
83080031779,Mariana Almeida,04/11/1991
18724156554,Rafael Ferreira,31/03/2004
63013953318,Julia Costa,23/07/1951
76631096627,Rafael Ferreira,18/11/1989
50629367146,Gabriel Rodrigues,28/07/1976
58327357346,Mariana Almeida,02/03/1964
38504060585,Rafael Ferreira,20/11/1991
52141370963,Pedro Santos,19/12/2004
20259938728,Julia Costa,24/02/1967
02020214704,Rafael Ferreira,13/12/1987
13961766482,Joao Silva,04/10/1971
29986187409,Julia Costa,30/12/1986
99204122491,Ana Oliveira,12/11/1979
57413562464,Pedro Santos,15/06/1963
46448058582,Mariana Almeida,07/02/1959
39721279450,Julia Costa,28/05/1977
47299002111,Mariana Almeida,17/08/1962
66013753457,Joao Silva,03/05/1988
33522700414,Rafael Ferreira,28/11/1966
51712511265,Maria Souza,25/10/1978
20096866411,Pedro Santos,28/11/1959
19273233891,Rafael Ferreira,11/01/1979
63368250192,Julia Costa,03/01/2003
71808670404,Julia Costa,10/09/1952
38614835270,Ana Oliveira,28/02/2003
92443639648,Pedro Santos,14/07/1978
80998308136,Beatriz Lima,08/05/1968
49483103319,Beatriz Lima,17/02/1952
50010134696,Maria Souza,25/09/1958
33203634612,Beatriz Lima,18/01/1975
21809631988,Julia Costa,17/09/1992
90164774187,Ana Oliveira,15/03/1950
98772708206,Joao Silva,24/11/1959
06944645541,Beatriz Lima,31/05/2002
15466871217,Lucas Pereira,12/04/1966
53621139088,Mariana Almeida,02/01/1996
54722937651,Beatriz Lima,05/12/1956
70409270618,Joao Silva,12/08/1992
80945835073,Beatriz Lima,05/01/1952
14136780888,Pedro Santos,16/04/2004
46000737861,Mariana Almeida,13/09/1996
32205069081,Rafael Ferreira,03/08/1984
04656612487,Lucas Pereira,24/11/1979
92440635066,Maria Souza,27/03/1985
10333597880,Beatriz Lima,01/04/1966
46634861905,Ana Oliveira,23/08/1977
60554303934,Pedro Santos,15/12/1983
97694960460,Rafael Ferreira,25/05/1994
86994707696,Mariana Almeida,07/02/1953
34928106139,Julia Costa,22/11/2000
11495293148,Pedro Santos,12/11/1984
31131346589,Maria Souza,13/09/1976
69332496751,Lucas Pereira,16/09/1950
82938810885,Lucas Pereira,08/01/1963
84477325690,Pedro Santos,30/12/2004
97418658635,Maria Souza,29/12/1964
54777203441,Ana Oliveira,19/09/1987
73081408692,Pedro Santos,09/10/1955
19949034010,Maria Souza,24/08/1966
40456883659,Joao Silva,02/02/1991
64413922506,Pedro Santos,21/09/1972
66846978374,Pedro Santos,24/11/1977
21624301763,Ana Oliveira,21/01/2005
39687048733,Beatriz Lima,08/12/1993
23338580736,Ana Oliveira,11/10/1952
68409606393,Lucas Pereira,03/05/1950
04807729620,Gabriel Rodrigues,02/01/1995
83208387710,Julia Costa,30/06/1990
87806280457,Lucas Pereira,14/11/1988
91525756986,Beatriz Lima,25/07/1966
65210464238,Pedro Santos,27/06/1955
12542706871,Gabriel Rodrigues,26/02/1996
66804850032,Pedro Santos,18/05/1981
03271440062,Beatriz Lima,20/04/1956
25167571105,Mariana Almeida,13/01/2005
77085571724,Mariana Almeida,24/01/1976
31678888793,Maria Souza,29/03/1989
01733187518,Mariana Almeida,16/05/1950
88702567576,Rafael Ferreira,04/11/1984
16627672182,Lucas Pereira,09/11/1987
64430136997,Maria Souza,19/11/1976
22704876782,Ana Oliveira,16/10/1975
14208114742,Gabriel Rodrigues,09/08/2001
45612619185,Rafael Ferreira,16/10/2001
57212178118,Beatriz Lima,03/06/2004
58055016883,Joao Silva,25/06/1985
92515441856,Julia Costa,09/08/1997
55443914574,Maria Souza,07/07/1962
72893586966,Pedro Santos,18/07/1965
64076459882,Pedro Santos,15/03/1997
49684224776,Ana Oliveira,08/02/1956
60334044523,Lucas Pereira,20/02/1971
47048164508,Gabriel Rodrigues,27/05/1966
14711979892,Lucas Pereira,04/03/1957
97526303839,Rafael Ferreira,07/09/1982
08015727130,Gabriel Rodrigues,26/06/1974
96101922033,Beatriz Lima,06/01/1974
26793050284,Maria Souza,24/01/1953
14133938442,Pedro Santos,11/03/1961
57208567816,Joao Silva,20/01/1950
03925860457,Ana Oliveira,28/08/1982
18622413668,Lucas Pereira,26/09/1990
40549896223,Lucas Pereira,22/11/1999
31370149283,Beatriz Lima,06/06/1995
34497715399,Lucas Pereira,26/07/2003
09300724100,Ana Oliveira,15/09/1993
82180851375,Beatriz Lima,26/05/1965
38727321700,Rafael Ferreira,20/11/2000
04922609004,Rafael Ferreira,11/11/1984
18392083607,Gabriel Rodrigues,01/04/1962
30948494126,Rafael Ferreira,02/03/1992
09569898195,Pedro Santos,28/03/1953
52179666576,Beatriz Lima,05/06/1971
64347223219,Gabriel Rodrigues,18/05/1958
44856725113,Rafael Ferreira,16/06/1979
37252667748,Lucas Pereira,23/01/1984
50846324847,Rafael Ferreira,08/08/1959
37022721037,Beatriz Lima,12/03/1980
39955984064,Gabriel Rodrigues,11/02/1975
96308138810,Ana Oliveira,01/05/1975
62282326516,Julia Costa,14/12/2005
32855218156,Joao Silva,25/02/2001
66436492123,Julia Costa,21/11/1999
66786728778,Lucas Pereira,01/07/1974
95108988130,Beatriz Lima,01/10/1950
41378333982,Maria Souza,19/05/1953
60601743867,Mariana Almeida,29/12/2001
95454094749,Ana Oliveira,21/08/1950
35742336590,Joao Silva,13/03/1954
59957451682,Joao Silva,27/03/1965
75034695791,Rafael Ferreira,03/05/1974
68943043841,Beatriz Lima,25/10/1993
26794520935,Beatriz Lima,01/10/1978
94847049280,Mariana Almeida,30/01/1997
72181578599,Gabriel Rodrigues,21/07/1961
03582511722,Lucas Pereira,16/02/1970
17447330217,Ana Oliveira,05/09/1965
20636981981,Ana Oliveira,27/03/1950
34672449130,Joao Silva,26/06/1997
97075678775,Rafael Ferreira,10/10/1968
44069484593,Lucas Pereira,13/04/1973
86166997348,Rafael Ferreira,09/08/2003
61612168368,Lucas Pereira,05/01/1969
49566952252,Beatriz Lima,15/07/1974
01223600039,Gabriel Rodrigues,27/07/1965
57879445677,Beatriz Lima,23/11/1981
95331523149,Beatriz Lima,26/04/1960
38911033127,Ana Oliveira,02/11/1961
05296552960,Lucas Pereira,12/04/1976
41696904913,Mariana Almeida,30/01/1983
00158683379,Joao Silva,04/07/1977
18572274951,Maria Souza,10/05/2001
24284321017,Maria Souza,04/12/1961
21564236642,Maria Souza,19/04/1998
33699079159,Beatriz Lima,08/08/2000
70472486806,Mariana Almeida,22/01/1950
27648004845,Lucas Pereira,27/05/1963
57789617343,Joao Silva,02/09/1993
52902880002,Pedro Santos,10/04/1994
47724855846,Rafael Ferreira,28/07/1999
96392376372,Ana Oliveira,25/12/2002
51929499937,Ana Oliveira,24/06/1970
55372672354,Lucas Pereira,06/12/1959
12874513416,Ana Oliveira,01/08/1963
77304856774,Pedro Santos,08/03/2001
14977476868,Ana Oliveira,01/12/1957
82388774095,Rafael Ferreira,26/04/2001
74541949465,Lucas Pereira,29/04/1957
11698355926,Gabriel Rodrigues,14/10/1980
17244688241,Rafael Ferreira,01/06/1991
69812295175,Lucas Pereira,12/10/1974
48326374248,Maria Souza,17/11/2003
51032480762,Lucas Pereira,07/12/1961
13241512266,Joao Silva,21/08/2004
89643643650,Lucas Pereira,17/12/1982
05329880046,Gabriel Rodrigues,16/02/1989
17443888560,Ana Oliveira,02/04/1953
86131699645,Beatriz Lima,01/07/1956
14477436322,Gabriel Rodrigues,25/08/1963
17201581361,Gabriel Rodrigues,03/12/1987
79405263543,Ana Oliveira,06/02/1996
68910535687,Mariana Almeida,28/10/1986
24920687498,Gabriel Rodrigues,08/10/1966
26988439557,Joao Silva,15/02/2001
35144965061,Lucas Pereira,05/08/1971
82211314404,Rafael Ferreira,05/11/1992
01312507259,Rafael Ferreira,21/10/1970
84296542552,Gabriel Rodrigues,28/10/1970
08189561581,Gabriel Rodrigues,08/09/1969
64358016093,Ana Oliveira,28/09/1999
73452022675,Mariana Almeida,29/07/1984
23332763963,Beatriz Lima,05/06/1979
41209919731,Pedro Santos,09/07/1967
03104599484,Beatriz Lima,12/11/2005
89007660322,Pedro Santos,03/01/1954
40301210395,Rafael Ferreira,11/12/1978
41618102051,Mariana Almeida,14/01/2000
84518486146,Maria Souza,18/05/1996
34745788832,Beatriz Lima,02/05/1956
82607856906,Joao Silva,27/11/1974
51063503896,Beatriz Lima,15/12/1959
53034704657,Ana Oliveira,25/11/1989
23561536115,Lucas Pereira,02/06/1988
37818397120,Maria Souza,13/07/1992
65070723373,Beatriz Lima,02/02/1965
68067985695,Beatriz Lima,15/06/1988
33762311936,Mariana Almeida,22/10/1977
38029833610,Lucas Pereira,11/09/2004
62327965084,Joao Silva,19/11/2001
39607065356,Rafael Ferreira,27/08/1999
35520353718,Mariana Almeida,15/05/1955
52106814930,Joao Silva,05/11/1994
73284360217,Maria Souza,27/01/1984
52853265322,Lucas Pereira,01/05/1963
65677367701,Pedro Santos,08/09/1997
34414844718,Maria Souza,12/09/1969
85893471980,Gabriel Rodrigues,08/06/1984
33106656632,Lucas Pereira,14/11/1988
33813165873,Lucas Pereira,10/02/2003
25039930288,Joao Silva,03/08/1993
18211360717,Mariana Almeida,27/04/1974
51921654903,Gabriel Rodrigues,23/12/1993
40815422055,Mariana Almeida,11/11/1996
46008524647,Julia Costa,01/11/1997
25615378054,Beatriz Lima,01/05/2003
12926169177,Beatriz Lima,11/03/1968
38969034975,Beatriz Lima,14/07/1955
76771764414,Beatriz Lima,20/10/2000
88641940159,Lucas Pereira,25/11/1967
67248691421,Pedro Santos,24/03/1953
84728195155,Beatriz Lima,10/08/1968
05036465252,Lucas Pereira,28/08/1958
41077509239,Lucas Pereira,23/04/1968
96093817242,Maria Souza,02/03/2003
89713193904,Pedro Santos,01/11/1968
00225660765,Joao Silva,06/05/1951
42826948985,Maria Souza,22/11/1967
27238583174,Ana Oliveira,02/12/1963
83886970613,Beatriz Lima,02/08/1956
98975961642,Pedro Santos,01/02/1992
83216677087,Mariana Almeida,21/12/1991
90293188709,Lucas Pereira,12/11/1952
17587306184,Mariana Almeida,31/05/1993
08364242166,Rafael Ferreira,05/09/1999
00690102244,Beatriz Lima,02/09/1950
70341580581,Joao Silva,09/02/1977
08969168200,Joao Silva,15/07/2002
69715976479,Rafael Ferreira,11/09/1986
18442633113,Pedro Santos,20/06/2001
73377588733,Lucas Pereira,19/11/1966
88389153709,Rafael Ferreira,15/05/1970
48315397792,Pedro Santos,26/07/1991
33273282599,Pedro Santos,04/04/1992
76994587815,Gabriel Rodrigues,05/02/1969
77599835095,Ana Oliveira,27/04/1951
72240504719,Pedro Santos,30/12/1962
03870772597,Gabriel Rodrigues,07/01/2002
53175812394,Mariana Almeida,19/02/1998
58695851745,Mariana Almeida,15/10/2000
80745700556,Mariana Almeida,28/03/1959
30342336296,Julia Costa,28/07/1972
96515505189,Maria Souza,04/05/1979
57012232260,Lucas Pereira,28/02/1968
86683334594,Joao Silva,13/05/2003
87375820906,Mariana Almeida,01/07/1996
91212154283,Lucas Pereira,12/06/2000
17679584501,Rafael Ferreira,19/06/2001
65238733252,Julia Costa,01/04/1960
06394099066,Julia Costa,14/11/1961
86471076120,Mariana Almeida,04/09/1999
78664713253,Maria Souza,17/01/1996
51051834059,Rafael Ferreira,13/10/1958
64974802365,Gabriel Rodrigues,26/03/1990
36756099054,Gabriel Rodrigues,12/08/1992
32417609933,Julia Costa,03/09/1968
58980647931,Pedro Santos,10/09/2002
46091073287,Maria Souza,05/12/1952
41040926407,Mariana Almeida,11/03/1957
02264225414,Joao Silva,06/08/1991
52410635201,Mariana Almeida,16/02/1979
04002256842,Joao Silva,05/03/1986
96826129021,Mariana Almeida,29/02/1984
56370515958,Joao Silva,29/05/1965
08198217046,Julia Costa,16/07/1989
63973096320,Gabriel Rodrigues,22/09/1962
45418275253,Maria Souza,05/01/1953
89037805646,Mariana Almeida,09/04/1970
81130780325,Pedro Santos,06/10/1969
87355194692,Julia Costa,28/12/1950
50075818001,Joao Silva,17/05/1952
30232230024,Maria Souza,16/11/1954
22101244411,Ana Oliveira,13/10/1959
26462008571,Pedro Santos,06/05/1971
42005487463,Rafael Ferreira,17/02/1991
43985665261,Ana Oliveira,31/03/1980
39184135184,Lucas Pereira,07/03/1978
25796744707,Pedro Santos,26/12/1962
18447849945,Beatriz Lima,09/04/1996
42351602610,Pedro Santos,03/12/1953
16377283519,Gabriel Rodrigues,05/03/1959
52750023042,Maria Souza,04/10/1989
25905917906,Pedro Santos,06/04/2001
61276706256,Ana Oliveira,30/08/1968
87760637154,Maria Souza,27/12/1954
10443100627,Beatriz Lima,02/03/1987
24108736025,Julia Costa,30/06/1954
39464927446,Beatriz Lima,12/10/1987
00392068168,Rafael Ferreira,13/09/1958
41605076921,Maria Souza,02/01/1982
76668870289,Ana Oliveira,03/09/1967
11220681775,Ana Oliveira,19/06/1999
23452974343,Lucas Pereira,07/01/1989
51630877239,Ana Oliveira,13/04/1976
57864406247,Lucas Pereira,02/08/1953
94324604806,Maria Souza,07/08/1950
71566552964,Joao Silva,29/03/1985
17869584411,Ana Oliveira,14/10/1981
91994191740,Joao Silva,13/06/1984
26627271281,Julia Costa,12/02/1958
31689501602,Gabriel Rodrigues,23/08/1975
55827725424,Gabriel Rodrigues,03/10/1969
88666123765,Lucas Pereira,12/12/1953
48499993324,Lucas Pereira,01/10/1954
09991570697,Rafael Ferreira,16/05/1967
51018135101,Lucas Pereira,15/08/1963
72292046727,Joao Silva,19/07/1968
43734501606,Julia Costa,12/12/1983
81914242311,Julia Costa,26/09/1964
13103490486,Julia Costa,20/09/1996
74137094432,Pedro Santos,31/01/1985
68439734634,Joao Silva,03/08/1963
78783875120,Ana Oliveira,16/07/1967
83065688264,Beatriz Lima,24/12/1975
85568135838,Beatriz Lima,25/03/2004
37863124888,Gabriel Rodrigues,04/09/1990
91990047297,Lucas Pereira,11/05/1977
56689129676,Ana Oliveira,19/04/1973
08228701846,Rafael Ferreira,19/10/1983
59269036635,Gabriel Rodrigues,04/07/1993
42112934615,Lucas Pereira,09/01/1981
20610921115,Julia Costa,02/04/1998
74732301851,Pedro Santos,16/01/1993
86166272766,Lucas Pereira,20/06/1987
59253482874,Ana Oliveira,25/03/1952
29215370980,Beatriz Lima,03/09/1955
63325864792,Lucas Pereira,20/06/1972
06975725057,Pedro Santos,12/01/1950
76470452005,Gabriel Rodrigues,25/11/1975
50934142276,Julia Costa,28/03/1990
15591501931,Lucas Pereira,03/04/1978
45141583232,Ana Oliveira,30/03/1983
45127856147,Rafael Ferreira,03/05/1952
77443609201,Mariana Almeida,01/11/1986
53954497231,Rafael Ferreira,14/12/1976
82026596338,Gabriel Rodrigues,05/04/1994
84381333934,Mariana Almeida,20/01/1990
45419959429,Mariana Almeida,12/05/1995
51910423403,Rafael Ferreira,23/11/2000
69046141185,Joao Silva,15/12/1954
49158504905,Ana Oliveira,01/08/1980
07536298858,Rafael Ferreira,11/10/1999
85778832378,Joao Silva,22/05/2005
49762175922,Ana Oliveira,26/03/1978
03236901322,Lucas Pereira,22/08/1995
68018983325,Joao Silva,10/09/1959
02107728401,Beatriz Lima,12/01/1999
63416218431,Pedro Santos,17/11/1964
85939376250,Gabriel Rodrigues,22/04/2001
75718773389,Lucas Pereira,09/10/1967
02139280707,Rafael Ferreira,13/04/1974
01092479448,Maria Souza,03/01/1961
86772134591,Gabriel Rodrigues,04/05/1998
94846869081,Gabriel Rodrigues,24/11/1960
53853959122,Rafael Ferreira,21/02/1958
09142118184,Julia Costa,27/05/1950
97788926143,Maria Souza,06/06/1964
10318007536,Ana Oliveira,14/10/1965
56334382076,Julia Costa,20/03/1994
42527421604,Beatriz Lima,14/07/1989
41072989252,Ana Oliveira,16/07/2000
93795418725,Beatriz Lima,09/02/1966
90417680557,Gabriel Rodrigues,25/02/2005
43453425445,Joao Silva,07/06/1988
49033430463,Rafael Ferreira,15/06/1989
67353356360,Gabriel Rodrigues,02/01/1969
82292897863,Maria Souza,12/08/1990
22463137622,Beatriz Lima,03/06/1988
15300196582,Ana Oliveira,09/02/1980
97100084402,Rafael Ferreira,18/06/1985
73930465338,Maria Souza,21/11/1985
56241163164,Maria Souza,23/03/1991
47691778430,Rafael Ferreira,30/05/1968
31031839783,Maria Souza,15/03/2000
52638772603,Julia Costa,22/02/1952
65063936174,Maria Souza,29/08/1978
01167839545,Beatriz Lima,26/01/1952
43664476650,Pedro Santos,13/10/1983
32906622357,Pedro Santos,03/10/2003
09650575242,Beatriz Lima,18/05/1999
34394120858,Gabriel Rodrigues,21/11/2001
21593674337,Pedro Santos,21/04/1973
75485747077,Pedro Santos,23/10/1955
66067510341,Joao Silva,09/03/1956
36207265963,Ana Oliveira,13/05/1986
98942497723,Maria Souza,07/01/1950
14330306920,Rafael Ferreira,01/07/1952
81897096240,Gabriel Rodrigues,02/01/1972
09291378287,Mariana Almeida,24/01/1976
80715814318,Maria Souza,25/01/1956
78361400120,Joao Silva,26/10/1983
96063199484,Mariana Almeida,23/08/1953
85056379620,Pedro Santos,20/02/1967
69390599457,Maria Souza,12/10/1970
51791197262,Maria Souza,10/06/1993
48114713167,Joao Silva,21/05/1975
89556892530,Mariana Almeida,03/11/1966
04180169693,Mariana Almeida,15/12/1993
30183139204,Pedro Santos,23/06/1955
42077331130,Maria Souza,26/09/2000
32201487961,Beatriz Lima,29/10/1985
76910261018,Lucas Pereira,24/06/1957
49080418228,Gabriel Rodrigues,09/03/1971
75357366730,Pedro Santos,19/10/1998
08483830841,Gabriel Rodrigues,09/12/1954
44690221942,Joao Silva,30/08/1957
34011010170,Ana Oliveira,11/07/1987
71117096438,Maria Souza,28/04/1954
22718379059,Lucas Pereira,22/10/1956
40203373939,Gabriel Rodrigues,21/09/1974
54325201157,Julia Costa,03/08/1963
33890731884,Gabriel Rodrigues,13/05/1960
56541473820,Mariana Almeida,10/03/2004
58209684491,Rafael Ferreira,16/01/1974
53721270632,Ana Oliveira,25/10/1966
38477474385,Pedro Santos,31/12/1977
64410747957,Lucas Pereira,20/10/1999
10957307842,Rafael Ferreira,06/08/1990
32046749186,Julia Costa,20/09/1980
45520228599,Mariana Almeida,21/05/1972
70402073845,Pedro Santos,13/03/1956
07565628318,Maria Souza,14/11/1972
99305926424,Julia Costa,23/02/1974
97622647128,Mariana Almeida,30/03/1954
31405399975,Maria Souza,26/05/1991
83470501812,Gabriel Rodrigues,04/08/1959
79144122970,Joao Silva,21/02/1994
35068866632,Gabriel Rodrigues,27/09/1969
61319089153,Beatriz Lima,22/01/1989
83359098452,Beatriz Lima,25/12/1982
15673170958,Mariana Almeida,10/01/1977
50962038782,Lucas Pereira,14/06/1962
13314001695,Julia Costa,01/05/1988
24330313773,Maria Souza,09/04/2000
40167672456,Lucas Pereira,16/12/1951
18181363480,Maria Souza,03/10/1993
02676513906,Beatriz Lima,05/12/2001
59259919600,Rafael Ferreira,26/02/1963
09768445476,Maria Souza,14/04/1953
06333398032,Mariana Almeida,10/07/1995
51930620661,Pedro Santos,15/10/1991
85657132377,Ana Oliveira,04/09/1952
86110690961,Beatriz Lima,05/01/2001
77044631279,Julia Costa,11/02/1983
31646748965,Maria Souza,29/10/1965
12426710031,Lucas Pereira,12/02/2004
21918713069,Joao Silva,19/01/1955
03307639961,Maria Souza,21/08/2005
03606312675,Mariana Almeida,25/02/1990
78653289175,Maria Souza,15/09/1992
06811066584,Lucas Pereira,31/12/1967
04245764191,Pedro Santos,31/01/1957
19334472428,Julia Costa,24/10/1967
03486029574,Julia Costa,23/03/1977
09490562329,Gabriel Rodrigues,23/01/1994
95439694765,Beatriz Lima,13/03/1971
45829689995,Joao Silva,25/05/1970
55384575463,Joao Silva,10/08/2004
52548030560,Beatriz Lima,13/12/2004
30460919369,Julia Costa,20/07/1995
71767213023,Rafael Ferreira,03/01/1985
35276604828,Mariana Almeida,13/11/2003
03415157039,Ana Oliveira,07/10/1951
95202936168,Lucas Pereira,07/03/1995
73043222787,Lucas Pereira,17/01/2004
42862603197,Pedro Santos,04/01/1952
18028049533,Mariana Almeida,12/09/1975
92653023317,Pedro Santos,07/08/1967
89970941728,Lucas Pereira,31/08/1954
27411252020,Maria Souza,06/10/1952
32552876019,Pedro Santos,21/05/1977
35480709872,Beatriz Lima,12/11/1986
65996773138,Pedro Santos,03/10/1976
63629643759,Julia Costa,17/01/1994
56649679047,Maria Souza,21/02/1978
39404573725,Pedro Santos,15/03/1995
55298207250,Rafael Ferreira,01/04/1968
27183316231,Joao Silva,23/01/1954
99348740569,Ana Oliveira,10/01/1992
98895030307,Gabriel Rodrigues,19/05/1993
06331257993,Rafael Ferreira,04/10/1974
84903072010,Gabriel Rodrigues,14/12/2001
74023286137,Ana Oliveira,13/09/2004
33561660468,Beatriz Lima,25/02/1960
25493250651,Beatriz Lima,06/01/1991
60956613006,Lucas Pereira,25/02/1985
08299285597,Maria Souza,14/06/1962
77357581103,Pedro Santos,31/05/1975
70778120827,Pedro Santos,16/08/1985
04454226461,Lucas Pereira,24/09/1984
32686786943,Rafael Ferreira,24/02/1965
29301455669,Lucas Pereira,27/07/1971
91755488151,Beatriz Lima,28/12/1967
21943573693,Rafael Ferreira,01/07/1991
56420698366,Ana Oliveira,15/04/1980
20374127134,Beatriz Lima,27/08/1990
53507911325,Ana Oliveira,05/08/1993
29444585819,Mariana Almeida,26/01/1990
20048411681,Joao Silva,09/03/1990
98136514687,Rafael Ferreira,16/12/1975
71102070461,Joao Silva,01/09/2005
23929441899,Joao Silva,29/12/1970
07519219480,Julia Costa,02/06/1993
46215202676,Mariana Almeida,14/08/1951
05284322998,Julia Costa,14/02/1994
24512657464,Ana Oliveira,12/12/1984
93635597309,Joao Silva,03/09/1959
35345972643,Mariana Almeida,03/05/1974
49091814794,Gabriel Rodrigues,30/08/1960
34996899092,Rafael Ferreira,08/06/2004
92057161491,Rafael Ferreira,14/10/1959
34183168692,Mariana Almeida,20/04/1985
14466023460,Ana Oliveira,04/09/1965
22612951770,Mariana Almeida,30/03/1982
27609381419,Beatriz Lima,25/01/1972
51731630525,Joao Silva,24/02/1978
72449631851,Maria Souza,28/01/1997
21014903925,Gabriel Rodrigues,11/07/1980
97174349819,Rafael Ferreira,17/11/1978
97259075279,Beatriz Lima,12/04/1954
51728450493,Maria Souza,20/05/1994
01949668552,Ana Oliveira,06/08/1969
39031384277,Beatriz Lima,03/04/1970
52463416164,Beatriz Lima,26/09/1973
33377537874,Pedro Santos,10/05/1968
03112809102,Joao Silva,10/04/1978
89477108985,Maria Souza,21/02/1982
59896733543,Julia Costa,08/08/1979
49511002469,Gabriel Rodrigues,19/12/1995
55120750918,Joao Silva,16/05/1959
19391573228,Julia Costa,12/09/1957
04614250865,Ana Oliveira,31/01/1959
46397220599,Joao Silva,24/09/1956
90024910713,Joao Silva,07/11/1962
38704954324,Joao Silva,01/02/1980
59267792707,Ana Oliveira,13/07/1996
42632934886,Mariana Almeida,03/06/1964
31587492636,Ana Oliveira,20/03/1958
59576595411,Rafael Ferreira,25/01/1998
43321112002,Maria Souza,24/02/1957
52581195310,Rafael Ferreira,04/09/2001
33381131550,Ana Oliveira,10/11/2002
54489984674,Pedro Santos,18/02/1999
50021004351,Gabriel Rodrigues,20/07/1991
44474295870,Lucas Pereira,27/04/1997
81547362138,Maria Souza,22/03/1962
08062331120,Mariana Almeida,25/07/1977
61109931734,Julia Costa,27/01/1983
60626348748,Ana Oliveira,02/10/1986
88758053898,Julia Costa,14/09/1981
12761178054,Maria Souza,23/07/1971
35259952985,Rafael Ferreira,07/01/2000
59651425735,Pedro Santos,22/06/1978
19409179299,Julia Costa,19/06/1999
81124355722,Joao Silva,29/10/1957
19598506463,Lucas Pereira,26/11/1952
42185849157,Pedro Santos,03/11/2000
11234659973,Mariana Almeida,29/01/1983
76501417894,Pedro Santos,23/05/1977
66919580875,Julia Costa,22/12/1956
52004435436,Ana Oliveira,05/12/2002
22643641731,Mariana Almeida,02/04/1988
07797985684,Gabriel Rodrigues,21/05/1981
71770987640,Mariana Almeida,18/01/1957
21257677671,Maria Souza,14/08/1985
70430490088,Lucas Pereira,07/12/1975
12031804997,Julia Costa,14/12/1956
88441418622,Rafael Ferreira,23/09/1970
32295186974,Ana Oliveira,28/04/1955
95335370527,Gabriel Rodrigues,12/09/1952
92131107378,Pedro Santos,17/03/1997
45319528549,Beatriz Lima,18/10/1978
29778469876,Joao Silva,24/07/1961
03850476662,Lucas Pereira,10/04/1989
69442449206,Joao Silva,15/11/1969
02490106572,Pedro Santos,01/11/1977
62295921669,Gabriel Rodrigues,24/01/1981
64553525558,Pedro Santos,19/02/1961
81086592120,Lucas Pereira,20/07/1974
58847035312,Gabriel Rodrigues,19/06/1953
79857822542,Joao Silva,31/08/1993
98355697916,Ana Oliveira,07/03/2002
99557155846,Rafael Ferreira,08/12/1997
42231904681,Mariana Almeida,09/02/1960
57686049176,Beatriz Lima,27/02/1997
37995715114,Gabriel Rodrigues,03/01/1981
20934838714,Beatriz Lima,18/04/2002
71610212058,Ana Oliveira,24/12/1977
08601187998,Joao Silva,02/09/1966
23792945523,Ana Oliveira,12/11/1977
13954090214,Gabriel Rodrigues,30/11/1983
16931724859,Gabriel Rodrigues,01/06/1957
28292178281,Pedro Santos,13/07/1950
07836717009,Lucas Pereira,31/07/1971
26331612991,Beatriz Lima,06/03/1974
48602335204,Ana Oliveira,14/05/1982
34609152813,Pedro Santos,05/03/2005
63354796616,Mariana Almeida,01/02/1950
44901879860,Lucas Pereira,17/12/1972
97265022750,Lucas Pereira,21/10/1970
17401798305,Gabriel Rodrigues,07/05/1955
90253377568,Maria Souza,23/06/2002
24472923310,Rafael Ferreira,22/03/1989
87991651220,Pedro Santos,06/07/1976
16033777062,Lucas Pereira,26/01/1985
43835139667,Maria Souza,31/03/1950
21549453807,Lucas Pereira,13/02/1980
71534685997,Ana Oliveira,27/01/2003
90097887133,Joao Silva,19/09/1970
41248025806,Julia Costa,05/02/1962
28592868207,Pedro Santos,02/03/1992
13558506388,Maria Souza,18/01/2000
84500436070,Maria Souza,14/12/1972
52498773014,Beatriz Lima,03/04/1991
89138463927,Mariana Almeida,03/08/1996
62535998796,Pedro Santos,09/12/1964
69374271475,Rafael Ferreira,24/07/1988
96202748741,Beatriz Lima,02/11/1997
82927679555,Pedro Santos,26/10/1965
95217421906,Ana Oliveira,29/12/1980
45129099062,Rafael Ferreira,01/06/1960
91837548916,Maria Souza,04/07/1956
15091354734,Beatriz Lima,24/06/2003
04493655613,Ana Oliveira,03/08/1982
64880073127,Gabriel Rodrigues,09/01/1974
36556316121,Lucas Pereira,09/12/1960
39417906086,Pedro Santos,17/03/1978
87646270132,Gabriel Rodrigues,20/05/1980
10458253067,Mariana Almeida,21/03/1959
68057160535,Ana Oliveira,05/11/1984
46854025034,Mariana Almeida,05/03/1954
63869677635,Lucas Pereira,20/03/1990
76958067414,Joao Silva,14/11/1954
18887715299,Joao Silva,07/11/1956
14153560315,Joao Silva,07/11/2000
54947768133,Julia Costa,10/11/1962
50951772531,Gabriel Rodrigues,04/11/1974
63230430261,Beatriz Lima,25/09/2004
54383604568,Lucas Pereira,27/03/1976
98476409533,Joao Silva,26/10/1969
41589988712,Pedro Santos,01/06/1997
42431406369,Joao Silva,20/08/2001
87624792765,Gabriel Rodrigues,15/03/1950
48052092803,Pedro Santos,24/12/1994
76594154572,Pedro Santos,18/03/1973
84261221523,Mariana Almeida,16/09/1968
91158607253,Joao Silva,08/02/1999
04029691594,Beatriz Lima,02/07/1959
15063896635,Ana Oliveira,28/09/1972
32899801342,Mariana Almeida,24/09/1953
10520926715,Ana Oliveira,16/10/1953
13266141143,Mariana Almeida,14/08/1975
99727675420,Ana Oliveira,06/06/1963
46681898467,Mariana Almeida,26/10/1992
65598053138,Rafael Ferreira,17/04/1977
38100645041,Ana Oliveira,04/07/2000
79367676256,Joao Silva,27/08/1982
21295299748,Mariana Almeida,01/09/2003
16563293804,Maria Souza,24/11/1990
50415094379,Beatriz Lima,20/09/1972
43174410166,Ana Oliveira,20/10/1981
76149970005,Joao Silva,06/05/1992
53874239749,Rafael Ferreira,13/08/1973
77355614779,Beatriz Lima,30/04/1958
53116835447,Joao Silva,05/12/1997
28375279342,Pedro Santos,28/11/1977
55515774250,Rafael Ferreira,21/12/1988
88669916136,Mariana Almeida,25/09/1993
18435670090,Maria Souza,19/10/1990
69162436604,Joao Silva,10/03/1975
69945123043,Julia Costa,03/07/1988
82886266448,Ana Oliveira,06/04/1951
03418299649,Rafael Ferreira,08/01/1986
94574991469,Rafael Ferreira,21/02/1986
72101451923,Beatriz Lima,07/07/2004
90442654628,Ana Oliveira,23/11/1962
70795133590,Maria Souza,09/07/1972
16616778742,Mariana Almeida,07/06/1964
61985161863,Joao Silva,07/11/1972
74318421618,Julia Costa,18/05/1999
81389345781,Gabriel Rodrigues,11/07/1994
54215359990,Julia Costa,19/02/1968
69819352700,Rafael Ferreira,02/10/1954
33714917558,Julia Costa,13/03/1979
68425100613,Pedro Santos,26/03/2000
32773251011,Gabriel Rodrigues,04/06/1999
83256245078,Ana Oliveira,06/06/2004
40424134475,Mariana Almeida,13/12/2000
46917388674,Maria Souza,24/06/2003
47541175620,Gabriel Rodrigues,28/06/1997
24905491006,Pedro Santos,11/07/1983
13400101706,Pedro Santos,08/07/1974
60820961634,Mariana Almeida,14/03/1961
44665918312,Maria Souza,05/10/1978
29890427994,Maria Souza,24/09/1964
86577232066,Beatriz Lima,09/02/1964
89398053931,Pedro Santos,24/03/1964
90430383658,Mariana Almeida,06/04/1951
50696198528,Mariana Almeida,11/05/1978
82412433732,Joao Silva,13/03/1970
47691969715,Beatriz Lima,21/07/1977
18332370527,Mariana Almeida,13/05/1953
97818378571,Lucas Pereira,19/03/1984
59785240553,Pedro Santos,01/11/1959
05087028271,Beatriz Lima,29/01/2003
50520538036,Mariana Almeida,29/10/1978
64918687686,Lucas Pereira,22/10/1996
80680970818,Ana Oliveira,25/10/1994
20640246230,Joao Silva,11/01/1985
07412086841,Lucas Pereira,05/06/1982
78290522670,Joao Silva,17/07/1988
71962980287,Maria Souza,05/12/1980
29834750664,Maria Souza,04/04/2004
12832945229,Pedro Santos,05/10/1991
63574467686,Pedro Santos,29/09/2003
79296791167,Julia Costa,21/12/1985
43147457757,Julia Costa,25/09/1996
96955792673,Julia Costa,02/06/1998
97625967661,Pedro Santos,16/10/1982
13275076179,Beatriz Lima,17/05/2001
82816618454,Beatriz Lima,14/08/1967
16311656985,Julia Costa,02/01/1994
39241903647,Rafael Ferreira,29/05/1977
38359950292,Rafael Ferreira,01/08/1974
29543880342,Joao Silva,23/12/1976
51382764431,Ana Oliveira,18/05/1979
62388583138,Pedro Santos,17/02/1961
63624697762,Mariana Almeida,02/07/1981
92866302641,Julia Costa,10/11/1964
34603894156,Mariana Almeida,24/05/1959
07010510350,Ana Oliveira,12/11/1985
66826266806,Maria Souza,16/07/1994
93899893427,Beatriz Lima,17/11/1967
51334860096,Pedro Santos,21/01/1957
37455261257,Lucas Pereira,04/05/1975
80243856506,Julia Costa,23/07/1977
11743698974,Joao Silva,27/04/1956
51081411333,Julia Costa,13/08/1959
14387605506,Lucas Pereira,24/11/2001
90453423540,Pedro Santos,26/02/1993
19820392473,Pedro Santos,20/11/1995
71561126626,Maria Souza,26/08/1974
91581508622,Lucas Pereira,15/11/1974
93628821575,Beatriz Lima,22/11/1951
87983445386,Maria Souza,03/05/1990
38106379810,Mariana Almeida,04/03/1983
64459189912,Beatriz Lima,29/06/1970
60225790188,Ana Oliveira,30/11/2002
27246366095,Gabriel Rodrigues,23/01/1951
61081986606,Joao Silva,27/03/1958
35185001892,Ana Oliveira,01/01/1967
07305106294,Beatriz Lima,18/11/1973
85983172601,Gabriel Rodrigues,21/12/1983
13597600078,Rafael Ferreira,29/07/1977
92084180691,Rafael Ferreira,09/10/1971
02850911268,Julia Costa,18/10/1970
72320220452,Pedro Santos,28/01/1966
30702101044,Joao Silva,05/05/1969
68635796238,Rafael Ferreira,30/06/1980
29098174712,Maria Souza,10/02/1955
17056292816,Ana Oliveira,23/07/2000
43761823445,Julia Costa,22/05/1961
11629528371,Lucas Pereira,12/12/1952
92972535134,Maria Souza,11/01/1985
92256840238,Lucas Pereira,26/12/1951
43797034731,Joao Silva,22/05/1969
66360224977,Lucas Pereira,10/11/1979
51989920886,Julia Costa,18/11/1953
13739379555,Gabriel Rodrigues,01/10/1972
80874008234,Joao Silva,06/06/1988
30541096687,Lucas Pereira,21/12/1950
99124784583,Ana Oliveira,27/05/1962
54382042971,Lucas Pereira,08/06/1996
74506214310,Ana Oliveira,12/10/1971
46394976151,Ana Oliveira,06/06/1951
94226912851,Rafael Ferreira,18/02/1988
86226416184,Rafael Ferreira,18/06/1993
36607524045,Lucas Pereira,14/12/1980
35678373337,Lucas Pereira,16/04/1963
83217629296,Mariana Almeida,07/03/1972
93982235567,Ana Oliveira,05/09/1954
41461035663,Lucas Pereira,18/07/1962
81712396048,Maria Souza,21/03/1955
86975462585,Julia Costa,21/12/1961
10127565291,Julia Costa,19/02/1967
79175426647,Julia Costa,23/05/1952
94744959821,Rafael Ferreira,12/08/1996
67907874633,Maria Souza,11/01/1950
33847468091,Beatriz Lima,20/03/1962
50374978830,Gabriel Rodrigues,17/03/1962
60404209103,Gabriel Rodrigues,08/12/1957
33929556321,Maria Souza,11/03/1967
52118927182,Ana Oliveira,22/01/1974
34696081047,Maria Souza,01/04/1970
78404816338,Mariana Almeida,09/02/1970
40310456103,Joao Silva,08/08/1950
65698634285,Pedro Santos,07/04/1990
07061641520,Joao Silva,23/11/1953
22377346422,Mariana Almeida,27/03/1957
84057457515,Julia Costa,27/06/1952
48645237340,Pedro Santos,02/08/1962
10009138745,Pedro Santos,06/04/1973
38009404630,Gabriel Rodrigues,25/10/1991
33042945270,Gabriel Rodrigues,10/04/1993
96520142504,Mariana Almeida,18/08/1990
09417144282,Maria Souza,02/11/1969
49683444589,Mariana Almeida,31/01/1995
76611161717,Lucas Pereira,16/05/1977
87418416195,Maria Souza,04/06/1984
73377227525,Ana Oliveira,16/06/1991
33041845354,Ana Oliveira,23/08/1990
41168403705,Mariana Almeida,21/01/1992
81085671952,Gabriel Rodrigues,16/08/2001
01899942330,Julia Costa,25/09/1960
48580762398,Maria Souza,29/11/1976
72911397032,Julia Costa,20/08/1992
76688628320,Ana Oliveira,13/08/1955
31340395456,Lucas Pereira,01/01/1970
63361598587,Beatriz Lima,21/09/1967
62552296809,Beatriz Lima,04/11/1972
01459860513,Julia Costa,19/06/1992
19259426925,Rafael Ferreira,05/12/1962
87481384048,Pedro Santos,26/02/1964
04055161679,Rafael Ferreira,24/05/1977
06239892902,Ana Oliveira,15/08/1958
87786107598,Rafael Ferreira,24/12/1988
63918928134,Julia Costa,10/02/1964
18913265106,Gabriel Rodrigues,06/11/1969
90162648871,Joao Silva,01/05/1954
86792675318,Beatriz Lima,29/04/1993
36642125536,Beatriz Lima,10/10/1966
55487922824,Pedro Santos,20/12/1958
52287088831,Julia Costa,14/11/1989
90718203514,Joao Silva,30/01/1992
70421663298,Rafael Ferreira,03/07/1994
28654684333,Ana Oliveira,14/08/1996
88604677443,Joao Silva,19/12/1997
69897506448,Joao Silva,13/08/1953
21590474658,Mariana Almeida,19/01/1976
97830310876,Pedro Santos,12/02/1950
66790412079,Pedro Santos,01/10/1977
77778228593,Gabriel Rodrigues,20/09/1960
58028788814,Rafael Ferreira,09/10/1975
52090173568,Gabriel Rodrigues,09/08/2002
91525798510,Lucas Pereira,01/12/1981
45570589169,Lucas Pereira,24/11/1971
37371744994,Julia Costa,26/10/1978
67526916667,Ana Oliveira,23/08/1983
49654200633,Julia Costa,09/07/1973
32902214612,Lucas Pereira,16/01/1958
10066243937,Gabriel Rodrigues,26/09/1967
28670290879,Ana Oliveira,05/05/1977
97226775667,Beatriz Lima,28/03/1956
45260836403,Joao Silva,11/11/1954
02391416521,Julia Costa,26/05/1985
99911927635,Pedro Santos,30/03/1975
72489154190,Beatriz Lima,22/01/2003
39921020755,Beatriz Lima,14/02/1981
75634066389,Mariana Almeida,15/05/1974
07403201609,Lucas Pereira,21/12/1975
04227424109,Pedro Santos,10/08/1967
45498357289,Ana Oliveira,16/12/1972
78318876478,Lucas Pereira,04/01/2001
83196440208,Beatriz Lima,07/01/1994
31353919724,Mariana Almeida,01/07/1961
17211250634,Ana Oliveira,31/12/1966
55568210937,Ana Oliveira,25/05/1963
21326961179,Lucas Pereira,13/07/2000
97889086154,Joao Silva,12/09/1996
76753281348,Rafael Ferreira,28/08/2005
36081105174,Lucas Pereira,15/01/1982
24576461763,Pedro Santos,12/10/2004
27230417885,Beatriz Lima,15/11/1972
96727280674,Rafael Ferreira,28/04/1959
74718533198,Pedro Santos,26/10/1962
23183603557,Gabriel Rodrigues,11/06/2003
09530913268,Joao Silva,06/10/1951
16362971866,Joao Silva,31/01/1970
32692547480,Julia Costa,01/09/1975
59515132884,Joao Silva,10/06/1973
61800728989,Julia Costa,28/02/1978
55217670221,Rafael Ferreira,21/04/2003
96346556782,Julia Costa,12/04/1987
55333747401,Lucas Pereira,23/03/1953
51700533286,Lucas Pereira,12/05/2001
37751899123,Pedro Santos,25/04/1970
51280620429,Joao Silva,25/04/1966
45699664175,Julia Costa,14/11/1978
39927802763,Maria Souza,14/09/1984
41689141992,Lucas Pereira,30/04/1977
25514691239,Joao Silva,19/04/1994
12023390452,Julia Costa,18/04/1971
91127088993,Ana Oliveira,04/09/1987
45462665918,Beatriz Lima,17/08/1966
50846634913,Mariana Almeida,22/11/1955
75132944058,Maria Souza,23/12/1982
39450455079,Lucas Pereira,25/11/1952
26456431427,Maria Souza,21/01/1956
34883480830,Beatriz Lima,23/10/1979
38209585862,Ana Oliveira,22/03/1981
04770446122,Mariana Almeida,02/08/2003
92825301932,Mariana Almeida,19/05/1974
83157380998,Mariana Almeida,05/10/1978
39249374948,Joao Silva,14/05/1996
46191489369,Julia Costa,03/02/1973
75644921157,Mariana Almeida,07/09/1973
13442689617,Lucas Pereira,08/10/1991
27364805230,Ana Oliveira,30/08/1997
60180144649,Gabriel Rodrigues,17/10/1999
45362067666,Maria Souza,20/08/1993
93643996679,Lucas Pereira,14/10/1990
04372680121,Mariana Almeida,17/06/1957
57624689358,Ana Oliveira,27/12/1998
20061169714,Gabriel Rodrigues,28/12/1965
88048335678,Maria Souza,21/09/2005
84389355120,Beatriz Lima,04/03/1963
72119869667,Mariana Almeida,25/07/1963
73298164737,Pedro Santos,19/01/1979
92078539351,Ana Oliveira,23/01/1988
41475814061,Lucas Pereira,20/06/1984
96055219856,Maria Souza,25/07/1967
56584972695,Rafael Ferreira,30/09/2002
44723208878,Ana Oliveira,15/08/2002
54452044182,Beatriz Lima,28/06/1964
59311430918,Rafael Ferreira,11/05/1960
67191115334,Maria Souza,03/12/1982
43137656045,Gabriel Rodrigues,24/12/1992
06124106004,Gabriel Rodrigues,11/03/1959
37227688951,Joao Silva,26/01/1995
88275184374,Ana Oliveira,01/11/1990
56253167629,Mariana Almeida,21/11/1982
53550759810,Joao Silva,27/04/1953
51089067967,Ana Oliveira,29/04/1971
92903914324,Gabriel Rodrigues,27/07/1990
94604409427,Maria Souza,29/03/1999
90517611549,Beatriz Lima,09/05/1957
96752264088,Rafael Ferreira,21/03/2001
01929597379,Pedro Santos,02/04/1979
62771300563,Rafael Ferreira,19/02/2003
24189565637,Maria Souza,21/06/1979
46585930576,Gabriel Rodrigues,23/08/1992
49740998931,Mariana Almeida,02/02/1953
96596931484,Joao Silva,15/03/1989
12519112744,Beatriz Lima,30/06/2003
60669867523,Lucas Pereira,07/07/1951
07681454789,Pedro Santos,30/07/2005
55067972825,Lucas Pereira,08/07/1978
12754374125,Julia Costa,19/09/1955
84423529494,Maria Souza,16/10/1977
73919200671,Mariana Almeida,26/06/1982
75544269557,Mariana Almeida,23/10/1959
16407887104,Lucas Pereira,07/10/1997
44359448180,Lucas Pereira,06/09/1981
01661151440,Lucas Pereira,30/05/1964
22705716304,Lucas Pereira,16/06/1981
08635199401,Gabriel Rodrigues,11/09/1985
27475430064,Gabriel Rodrigues,23/07/2005
73677819611,Rafael Ferreira,01/01/1986
76415183032,Joao Silva,11/12/1975
60953847517,Gabriel Rodrigues,17/10/1989
02645005987,Pedro Santos,10/09/2005
75187012359,Maria Souza,06/04/1974
04479136786,Maria Souza,28/10/1973
60737580767,Pedro Santos,15/11/1960
58458133702,Julia Costa,07/01/1968
80072886021,Gabriel Rodrigues,26/03/1997
40334395914,Pedro Santos,07/12/1961
64911824853,Rafael Ferreira,06/02/1953
65840674135,Lucas Pereira,23/06/1953
40971346605,Ana Oliveira,23/03/1961
31406050673,Maria Souza,27/09/1987
68127029961,Mariana Almeida,19/01/1990
44202239898,Julia Costa,24/01/1978
57995029411,Gabriel Rodrigues,21/02/1966
49629563757,Joao Silva,30/10/2003
26726976550,Rafael Ferreira,20/01/1968
46780594284,Mariana Almeida,17/11/1993
25152788143,Ana Oliveira,12/10/1994
93958026880,Joao Silva,23/02/1968
31883140302,Mariana Almeida,27/01/1983
65553660762,Mariana Almeida,15/08/1972
21197357485,Beatriz Lima,13/02/2003
12487871297,Pedro Santos,05/12/1954
46395360460,Julia Costa,18/10/2004
50429006883,Julia Costa,26/01/1955
35332933212,Gabriel Rodrigues,15/05/2005
34954273524,Gabriel Rodrigues,13/05/1983
67337625512,Rafael Ferreira,15/01/2001
45893560509,Julia Costa,11/07/1983
63516743054,Mariana Almeida,15/05/1982
30959747143,Ana Oliveira,02/04/1961
13871163481,Maria Souza,13/12/1971
66766122760,Lucas Pereira,17/07/1976
52771003171,Rafael Ferreira,05/10/1999
93592255728,Beatriz Lima,13/12/2005
94195946729,Joao Silva,12/12/1972
02820723664,Beatriz Lima,12/03/1954
46367550296,Lucas Pereira,19/03/1983
39861611183,Maria Souza,17/04/1971
71973213239,Pedro Santos,29/11/1999
21244833353,Joao Silva,17/10/1979
37827234422,Lucas Pereira,22/05/1957
41841292227,Pedro Santos,23/10/1964
68322907167,Beatriz Lima,23/01/1994
80707715080,Joao Silva,18/09/1969
65119269924,Ana Oliveira,21/05/1992
17351552678,Rafael Ferreira,27/03/1991
38678057248,Gabriel Rodrigues,14/04/1975
36381557816,Gabriel Rodrigues,04/11/1950
35338741818,Julia Costa,23/10/1982
61347172794,Gabriel Rodrigues,23/10/1969
63035444443,Mariana Almeida,24/04/1963
31712388421,Rafael Ferreira,25/08/1958
00517017512,Maria Souza,22/01/1961
99009886085,Joao Silva,14/10/1996
47518738652,Joao Silva,22/01/1952
39602404568,Maria Souza,18/10/1976
19290321722,Mariana Almeida,24/08/1994
56652138616,Ana Oliveira,15/03/1983
32712064539,Pedro Santos,13/10/1977
52779346711,Lucas Pereira,30/10/1986
90286016837,Maria Souza,15/10/1966
20446749861,Pedro Santos,31/10/1965
29451517238,Mariana Almeida,12/01/1996
17291044713,Rafael Ferreira,09/07/1974
48336503171,Julia Costa,11/06/1993
88498682875,Joao Silva,23/12/1993
58880201895,Joao Silva,10/01/2002
62183359019,Gabriel Rodrigues,18/01/1996
21545646170,Gabriel Rodrigues,09/11/1972
53699659354,Beatriz Lima,06/05/1996
68881823797,Maria Souza,14/04/1953
65695560012,Mariana Almeida,02/06/2000
67497421010,Lucas Pereira,10/09/1971
38990185743,Lucas Pereira,06/12/1966
66971163196,Mariana Almeida,07/06/1969
34991723945,Beatriz Lima,13/01/1980
15761235541,Mariana Almeida,03/08/1962
64199164798,Ana Oliveira,27/01/1966
17395766765,Pedro Santos,07/02/1971
71922632535,Gabriel Rodrigues,10/10/1978
17923486969,Ana Oliveira,06/11/1959
73628281214,Pedro Santos,03/05/1982
19836479113,Julia Costa,31/08/1981
38333270220,Ana Oliveira,24/07/1998
67566924986,Rafael Ferreira,20/02/2001
28181010774,Julia Costa,29/11/1990
00044326740,Rafael Ferreira,07/02/1978
41246286040,Pedro Santos,14/05/1965
97024887084,Ana Oliveira,17/03/1991
42980477407,Pedro Santos,08/03/1973
26569832152,Beatriz Lima,02/03/1967
16608490547,Maria Souza,24/01/1961
90246945428,Mariana Almeida,24/01/1984
34913749986,Maria Souza,20/08/1983
76917277062,Lucas Pereira,24/02/1950
94968080919,Maria Souza,02/11/1986
43715270821,Maria Souza,14/07/1980
08506314551,Pedro Santos,19/12/1952
97714190079,Lucas Pereira,27/04/1974
01013743159,Lucas Pereira,23/08/1960
72893300049,Joao Silva,06/03/1983
80882256405,Gabriel Rodrigues,26/03/1950
50440846923,Lucas Pereira,22/05/1981
54436147068,Pedro Santos,25/02/1984
08743055111,Gabriel Rodrigues,14/11/1957
16693953765,Ana Oliveira,05/02/1991
00869149873,Beatriz Lima,28/12/1979
72339090974,Julia Costa,19/01/2002
85731337508,Pedro Santos,10/06/1993
23980893697,Maria Souza,26/03/1957
34581612817,Rafael Ferreira,25/04/1977
09758090781,Joao Silva,28/01/1983
05201868975,Julia Costa,09/10/1955
11237162154,Beatriz Lima,14/01/1984
18565352295,Joao Silva,30/10/1977
99180860811,Joao Silva,30/03/1973
71616276516,Mariana Almeida,10/04/1996
91890998768,Joao Silva,20/06/1953
13208169107,Maria Souza,13/08/1976
89646444741,Ana Oliveira,09/09/2001
64953487153,Gabriel Rodrigues,15/06/2004
55970127540,Ana Oliveira,31/03/1961
58788783864,Mariana Almeida,26/04/1982
35972455697,Pedro Santos,23/07/1968
51030038081,Rafael Ferreira,07/12/1966
45965287808,Rafael Ferreira,24/09/1961
39176694545,Lucas Pereira,07/09/2005
19855962095,Pedro Santos,13/10/1996
39137008967,Pedro Santos,30/07/1978
60524962737,Joao Silva,10/11/2003
63246666064,Beatriz Lima,17/01/1973
01379198585,Gabriel Rodrigues,23/04/1985
11531671197,Rafael Ferreira,20/06/2003
45189906503,Maria Souza,24/11/1979
29245308827,Julia Costa,05/06/1974
90174495807,Lucas Pereira,31/12/1980
09844388495,Pedro Santos,26/04/1995
49927870584,Rafael Ferreira,05/10/1981
53296000266,Ana Oliveira,24/11/1963
59298215049,Pedro Santos,03/05/1994
30926936313,Joao Silva,22/01/1955
64075388133,Rafael Ferreira,12/06/1997
39460800552,Ana Oliveira,18/02/1973
99444067294,Pedro Santos,04/09/1988
15285237791,Julia Costa,31/12/1976
00485423008,Pedro Santos,19/10/1984
58491711340,Joao Silva,16/09/1953
84415387501,Julia Costa,13/04/1964
79788909115,Gabriel Rodrigues,28/02/2003
13847295208,Ana Oliveira,05/07/1994
06004391082,Beatriz Lima,20/12/1967
17882048219,Beatriz Lima,03/10/1984
36738894855,Pedro Santos,19/05/1991
85898633160,Joao Silva,08/12/2000
28971904533,Maria Souza,10/09/1960
72563889378,Beatriz Lima,09/04/2000
18547065430,Lucas Pereira,08/08/1962
08421214044,Gabriel Rodrigues,26/02/1988
34186897979,Gabriel Rodrigues,05/01/1996
07680619487,Rafael Ferreira,15/12/1979
63104630011,Gabriel Rodrigues,28/02/1986
55076864617,Joao Silva,11/06/2004
33342247849,Maria Souza,05/09/2002
05572005860,Beatriz Lima,14/01/1970
66969292221,Gabriel Rodrigues,22/04/1966
02408585183,Maria Souza,09/05/1965
42853454602,Beatriz Lima,02/12/1990
11395454738,Rafael Ferreira,28/05/1957
28978894866,Beatriz Lima,09/01/2003
95594992295,Pedro Santos,15/11/2004
98596421006,Beatriz Lima,17/01/1983
24142179200,Ana Oliveira,14/08/1969
80296599411,Rafael Ferreira,21/03/1990
53430469989,Julia Costa,06/03/1998
96455540152,Joao Silva,13/08/1994
28989586786,Gabriel Rodrigues,29/09/2004
01149801165,Julia Costa,15/11/1992
74229411268,Ana Oliveira,25/09/1995
06380193269,Ana Oliveira,13/07/1977
48981706484,Gabriel Rodrigues,31/08/1954
53006032872,Pedro Santos,02/11/1999
36572937076,Pedro Santos,26/02/1959
85469866546,Joao Silva,05/05/1976
15682105302,Rafael Ferreira,29/03/1984
03734283702,Joao Silva,23/07/1973
95063947129,Joao Silva,04/06/1989
30339499336,Maria Souza,04/06/1974
60441618421,Gabriel Rodrigues,14/05/1954
15703825962,Lucas Pereira,06/01/1985
06520654450,Ana Oliveira,02/06/1957
19529153708,Rafael Ferreira,26/05/2005
40472741633,Julia Costa,02/09/1979
38840985003,Joao Silva,13/11/1958
14280421930,Beatriz Lima,28/05/1952
11181829576,Beatriz Lima,21/05/1957
91621666617,Julia Costa,03/11/1996
07356792131,Ana Oliveira,21/12/1983
80397736154,Pedro Santos,23/11/2000
39667439172,Ana Oliveira,29/09/1963
38631163957,Beatriz Lima,17/02/1968
36533771057,Maria Souza,21/07/1951
24046231488,Lucas Pereira,15/07/1986
95977561303,Beatriz Lima,21/10/1969
92643508629,Pedro Santos,11/12/1956
96684217088,Mariana Almeida,28/01/1991
77660625665,Lucas Pereira,10/08/1965
03549699921,Julia Costa,02/01/1990
16134966415,Lucas Pereira,22/01/1975
62141599603,Gabriel Rodrigues,07/12/1994
48980062779,Lucas Pereira,29/04/1960
77943337366,Gabriel Rodrigues,30/10/1950
91157272797,Mariana Almeida,24/01/1992
13971508177,Julia Costa,05/03/1955
13141489633,Mariana Almeida,11/08/1993
88279934341,Lucas Pereira,04/08/1954
68517067848,Ana Oliveira,18/07/1974
35471685769,Julia Costa,22/04/2001
91145795717,Maria Souza,16/03/1964
14367387404,Mariana Almeida,08/03/1955
11552769196,Gabriel Rodrigues,20/10/1969
27934131310,Maria Souza,25/07/1964
74467437356,Ana Oliveira,04/11/1977
76828871819,Maria Souza,09/08/1962
39805326002,Maria Souza,04/06/1955
53448392169,Lucas Pereira,27/04/1992
26374436956,Rafael Ferreira,04/03/1969
27468823216,Mariana Almeida,25/08/1963
09564565509,Joao Silva,08/06/1988
10888645913,Gabriel Rodrigues,10/08/1970
17655416562,Mariana Almeida,09/02/1976
35153442746,Maria Souza,26/01/1996
14597351505,Mariana Almeida,22/04/1964
67052020018,Julia Costa,22/12/1987
13204499909,Julia Costa,23/08/1956
87812038025,Pedro Santos,19/07/1981
12738363228,Lucas Pereira,18/04/1995
53361896556,Pedro Santos,29/07/1990
13258706321,Gabriel Rodrigues,28/07/1977
05511496986,Ana Oliveira,09/12/1950
55171532214,Rafael Ferreira,07/06/1999
18119364088,Ana Oliveira,13/05/1971
12504463657,Ana Oliveira,20/10/1964
24739782508,Julia Costa,03/08/1953
21326342832,Pedro Santos,12/11/1950
15933323755,Ana Oliveira,11/11/1968
47136433350,Rafael Ferreira,01/12/1958
48334171532,Rafael Ferreira,16/04/1954
40599012370,Rafael Ferreira,06/02/1961
72668901972,Julia Costa,31/03/1952
38263838156,Rafael Ferreira,11/08/1969
36341010405,Gabriel Rodrigues,12/05/1972
48827790686,Rafael Ferreira,03/06/1990
97000490330,Joao Silva,31/01/1996
28956633547,Maria Souza,24/11/1962
44222748884,Beatriz Lima,26/02/1994
52718147674,Maria Souza,13/06/1996
63732822712,Pedro Santos,21/07/2001
19190617599,Beatriz Lima,09/11/2001
50107025468,Mariana Almeida,05/09/1989
40166640178,Beatriz Lima,06/07/1970
31126307041,Joao Silva,10/10/1988
74616216334,Lucas Pereira,19/07/1998
11772876535,Lucas Pereira,19/12/1988
32731418899,Rafael Ferreira,27/02/1990
60869337573,Ana Oliveira,10/06/1961
35630357246,Gabriel Rodrigues,08/08/1973
39393547635,Joao Silva,01/12/2005
40580772925,Lucas Pereira,21/11/2005
48031314073,Ana Oliveira,06/05/1965
23904777264,Gabriel Rodrigues,19/03/1980
72870979249,Joao Silva,22/07/1958
08058016142,Maria Souza,10/02/1994
20090886742,Julia Costa,07/03/1964
07788516529,Julia Costa,15/01/1971
30291472389,Pedro Santos,13/12/1987
26559495908,Julia Costa,07/09/1992
08739706538,Gabriel Rodrigues,30/11/2005
34165148510,Ana Oliveira,24/11/1951
10553019437,Mariana Almeida,24/02/1992
24223717753,Lucas Pereira,26/12/1957
31233129165,Maria Souza,15/02/1997
05511978598,Rafael Ferreira,22/06/1964
36841132480,Joao Silva,30/11/2004
12630865312,Maria Souza,16/12/1965
85475575445,Beatriz Lima,07/01/1992
46876546109,Ana Oliveira,13/05/1978
52739494765,Gabriel Rodrigues,08/01/1962
49068988361,Lucas Pereira,08/03/1973
02585985463,Pedro Santos,21/09/1967
12496361690,Julia Costa,23/09/1978
72211982717,Mariana Almeida,12/06/1991
65247825455,Joao Silva,17/09/1998
88134218531,Gabriel Rodrigues,04/10/1966
46067932225,Julia Costa,01/04/1986
44286152781,Beatriz Lima,02/10/2004
13961905501,Pedro Santos,13/04/1951
87221932058,Maria Souza,30/12/1971
78589264125,Joao Silva,29/01/1992
89442519685,Maria Souza,09/12/1970
81778309476,Joao Silva,22/08/1975
86370561906,Pedro Santos,11/02/1957
09786116771,Joao Silva,15/09/1978
30656124471,Gabriel Rodrigues,11/01/1962
44270730345,Joao Silva,14/05/1994
08238423011,Ana Oliveira,10/09/2003
54430379505,Beatriz Lima,28/04/1995
87405818566,Maria Souza,20/11/1957
71709091145,Julia Costa,17/10/1990
48479925298,Mariana Almeida,19/10/1982
67766044661,Ana Oliveira,01/08/1994
37340847684,Gabriel Rodrigues,25/10/1958
99831198416,Joao Silva,04/02/1954
35454491112,Gabriel Rodrigues,23/12/1953
28794751431,Beatriz Lima,05/01/1995
28663533150,Pedro Santos,24/07/1999
69641266301,Gabriel Rodrigues,25/06/1977
76669009029,Joao Silva,12/10/1981
58209518546,Maria Souza,09/01/1956
79749346247,Joao Silva,25/04/1982
46123774528,Ana Oliveira,27/02/1969
27559619848,Maria Souza,13/04/2003
96366559647,Beatriz Lima,12/09/2001
25411854913,Rafael Ferreira,18/11/1951
68743374346,Julia Costa,30/07/1981
93999685671,Rafael Ferreira,11/01/1993
82965875445,Rafael Ferreira,12/07/1981
46994537442,Maria Souza,25/12/1950
18014738282,Maria Souza,12/02/1958
93837165709,Beatriz Lima,10/02/1979
48563890022,Mariana Almeida,27/03/1953
29060877163,Ana Oliveira,18/03/1951
16451091129,Julia Costa,07/12/1994
89165713341,Maria Souza,12/11/1997
87505931038,Ana Oliveira,10/10/1993
61482576759,Pedro Santos,03/09/2002
99071821047,Beatriz Lima,08/12/1969
85900557807,Mariana Almeida,02/05/1956
84017396177,Beatriz Lima,18/10/1972
50606045004,Pedro Santos,13/08/2004
56116229292,Gabriel Rodrigues,02/05/1992
21535250329,Pedro Santos,04/06/1980
77032380767,Mariana Almeida,08/07/1981
41545348275,Mariana Almeida,21/08/1950
84192234265,Joao Silva,14/06/1990
82833873822,Julia Costa,23/10/1980
33463872391,Maria Souza,27/05/1978
11966956590,Pedro Santos,18/11/1974
71963920371,Mariana Almeida,17/01/1962
12196195334,Lucas Pereira,08/05/1958
90363579943,Gabriel Rodrigues,16/10/1971
49527805288,Pedro Santos,03/11/2000
25468219356,Gabriel Rodrigues,12/08/1967
34284779279,Rafael Ferreira,24/06/1968
83559536542,Julia Costa,26/02/1969
56296985961,Julia Costa,10/08/1992
42629230916,Lucas Pereira,19/06/1994
56394411515,Beatriz Lima,27/04/1951
56286085310,Pedro Santos,30/06/1967
69521577319,Joao Silva,27/10/1975
55181129783,Joao Silva,20/09/1962
57733821818,Maria Souza,12/06/1986
93205247555,Rafael Ferreira,21/06/1993
49152940613,Julia Costa,25/09/1957
19430900748,Maria Souza,07/09/1983
99109922336,Maria Souza,27/05/1962
84924089780,Ana Oliveira,08/10/1964
46255050923,Julia Costa,17/10/1995
08689975175,Maria Souza,22/07/1965
62980267767,Mariana Almeida,06/10/1969
24333892036,Julia Costa,17/12/2005
38438925770,Mariana Almeida,24/08/2005
05750572894,Pedro Santos,17/07/1955
79101004301,Julia Costa,21/09/1982
41776081407,Rafael Ferreira,01/12/1972
72427938062,Pedro Santos,14/03/1967
98812586066,Maria Souza,27/08/1957
30675000041,Mariana Almeida,21/10/1963
70038725797,Pedro Santos,03/12/1951
85248610337,Julia Costa,19/06/1958
95109928282,Lucas Pereira,28/11/1963
99649357884,Joao Silva,06/05/1970
18203141472,Julia Costa,02/02/1968
54203807862,Pedro Santos,16/05/1968
96805966271,Ana Oliveira,29/08/1973
57667383345,Beatriz Lima,13/01/1996
63410832278,Pedro Santos,11/02/1986
02941640330,Pedro Santos,13/07/1975
96931227889,Maria Souza,29/11/1953
65686758716,Ana Oliveira,01/11/1981
89416022774,Beatriz Lima,02/08/1954
71826279908,Lucas Pereira,20/01/1973
87620527191,Lucas Pereira,13/08/1999
97952305014,Rafael Ferreira,22/11/2000
86817518162,Lucas Pereira,25/12/1956
51930360407,Rafael Ferreira,28/02/1983
81504414797,Maria Souza,20/04/1990
96761927964,Mariana Almeida,26/01/1976
94255203991,Mariana Almeida,29/04/1964
22559132268,Lucas Pereira,24/03/1975
74317303151,Lucas Pereira,01/09/1955
37396711106,Lucas Pereira,26/01/1997
67376500508,Beatriz Lima,11/08/2003
25949775526,Pedro Santos,19/03/1960
61048926110,Ana Oliveira,14/07/2001
60151844983,Beatriz Lima,25/04/1988
37695866236,Lucas Pereira,15/05/1970
81687848517,Lucas Pereira,18/03/1982
81317777114,Mariana Almeida,22/02/1964
01115252537,Julia Costa,21/04/2004
88334215642,Lucas Pereira,06/01/1998
27765194399,Rafael Ferreira,12/10/1950
95282309710,Beatriz Lima,25/05/1991
75581159911,Beatriz Lima,05/11/1966
18504583095,Joao Silva,02/10/1987
33025907050,Julia Costa,20/03/1953
99937014342,Lucas Pereira,19/06/1987
88779180269,Maria Souza,22/06/1962
30819316104,Pedro Santos,01/03/1981
95406534245,Maria Souza,26/08/1950
31877544656,Rafael Ferreira,15/06/1977
73070298891,Mariana Almeida,25/09/2004
10219968893,Pedro Santos,26/11/1962
95618940351,Pedro Santos,21/03/1976
08057303926,Joao Silva,04/04/1992
82175968604,Beatriz Lima,29/08/1967
14440934812,Beatriz Lima,22/07/1969
03042341243,Maria Souza,10/11/1991
65875768063,Ana Oliveira,30/01/1968
10015334538,Maria Souza,30/10/1984
52959198751,Beatriz Lima,08/12/1993
66745768958,Lucas Pereira,03/07/1978
88996577700,Rafael Ferreira,01/05/1954
96315523268,Mariana Almeida,16/05/1953
81111437695,Rafael Ferreira,31/07/2005
52178820986,Lucas Pereira,10/12/1987
58010750346,Maria Souza,29/06/1950
39324518638,Gabriel Rodrigues,24/08/1975
27644062606,Maria Souza,06/05/1975
21472208156,Beatriz Lima,30/06/1969
29085499742,Gabriel Rodrigues,01/10/1952
52834818590,Ana Oliveira,21/03/1951
82709437113,Joao Silva,28/03/1983
25136693824,Julia Costa,03/07/1984
38388823274,Beatriz Lima,02/09/1996
23439927047,Julia Costa,15/09/1962
25764799834,Pedro Santos,13/06/1951
20695676289,Ana Oliveira,16/03/1995
68727191369,Maria Souza,06/06/1978
54470024938,Mariana Almeida,01/08/1964
77572193640,Lucas Pereira,13/10/1993
09355821517,Rafael Ferreira,27/11/1984
72771032905,Beatriz Lima,05/01/1973
67418952736,Ana Oliveira,02/01/1988
81670598475,Julia Costa,24/04/1962
37924712828,Beatriz Lima,09/04/1994
80309149008,Julia Costa,06/12/1977
02608969474,Rafael Ferreira,15/12/1963
67038698924,Maria Souza,23/11/1953
82878289404,Julia Costa,30/06/1998
61327715954,Joao Silva,10/08/1979
10505788066,Ana Oliveira,19/09/2003
82664202454,Mariana Almeida,23/06/1963
39901488774,Beatriz Lima,29/03/1997
91704861783,Joao Silva,10/07/1972
58576092898,Ana Oliveira,29/12/1980
97423279812,Lucas Pereira,27/04/2003
43895205836,Joao Silva,27/09/2004
48120095733,Rafael Ferreira,28/03/1973
24282553063,Beatriz Lima,21/06/1965
93999764203,Gabriel Rodrigues,15/07/1976
48833042112,Pedro Santos,30/07/1984
29357727508,Mariana Almeida,22/01/2003
95855163162,Mariana Almeida,16/07/1954
63884451720,Julia Costa,16/05/1981
10898682658,Ana Oliveira,15/09/1989
68175740683,Gabriel Rodrigues,14/06/1995
26777933997,Mariana Almeida,03/05/1975
45739289179,Pedro Santos,23/02/1966
26185238388,Ana Oliveira,02/06/1954
81338055558,Maria Souza,14/04/1995
74093126236,Ana Oliveira,07/12/1968
20972672231,Ana Oliveira,02/04/2004
15022912440,Pedro Santos,13/10/1951
07165024396,Ana Oliveira,23/09/1970
73706201064,Pedro Santos,18/11/2004
56439012547,Pedro Santos,19/07/1964
14239831247,Julia Costa,20/07/2005
20495665635,Pedro Santos,31/05/1970
62441035858,Gabriel Rodrigues,21/07/1971
99771396969,Ana Oliveira,17/04/2005
07045272731,Gabriel Rodrigues,31/10/1985
29379412490,Gabriel Rodrigues,20/11/1955
07671449032,Mariana Almeida,18/07/2004
73986125369,Beatriz Lima,24/03/1974
27959014511,Gabriel Rodrigues,14/03/1990
74686294779,Ana Oliveira,20/10/2004
38269550799,Pedro Santos,12/04/1963
18423905877,Beatriz Lima,05/12/1967
28399320376,Julia Costa,01/08/1981
79184950223,Beatriz Lima,07/10/1980
06736813710,Pedro Santos,20/03/1983
62011504131,Joao Silva,06/08/1980
31092080417,Rafael Ferreira,02/11/1989
42185446040,Pedro Santos,28/01/1982
58975222985,Ana Oliveira,31/10/1950
69919074814,Julia Costa,14/12/1999
80455927935,Lucas Pereira,14/05/1954
57551287329,Ana Oliveira,10/01/1952
05248082450,Lucas Pereira,20/04/1955
49129321747,Julia Costa,14/08/1965
16445083103,Pedro Santos,11/08/1977
45249523977,Mariana Almeida,06/10/1978
79943934752,Ana Oliveira,04/04/1980
51262237864,Gabriel Rodrigues,04/04/1979
51437703368,Rafael Ferreira,25/01/1976
95044844355,Mariana Almeida,22/08/2005
90531693060,Pedro Santos,13/04/1961
51939222312,Julia Costa,01/12/1953
68746950992,Ana Oliveira,09/03/1964
88272423232,Beatriz Lima,28/11/1991
43693736597,Lucas Pereira,29/08/1970
34015994642,Rafael Ferreira,08/08/1953
52275337644,Joao Silva,15/08/1968
16944082094,Julia Costa,23/02/1979
32078703566,Ana Oliveira,08/04/2001
80111794921,Julia Costa,03/04/1975
39888269465,Beatriz Lima,07/09/1983
69762580876,Rafael Ferreira,30/05/1980
66839177190,Mariana Almeida,31/01/2004
63686815534,Rafael Ferreira,06/09/2005
58052857253,Mariana Almeida,05/01/1971
34441879930,Maria Souza,24/12/2001
98319056121,Rafael Ferreira,25/09/1981
36408196529,Joao Silva,20/08/1988
12502560253,Julia Costa,17/07/1953
28655703110,Pedro Santos,30/01/1991
85693933870,Ana Oliveira,20/11/1990
94696664618,Joao Silva,02/03/1967
56500703498,Gabriel Rodrigues,06/04/1975
31140571037,Mariana Almeida,31/05/1962
52841435212,Gabriel Rodrigues,05/08/1964
10400169706,Gabriel Rodrigues,09/06/1984
63516571786,Ana Oliveira,11/12/1990
30349739263,Ana Oliveira,08/05/1992
12281851839,Gabriel Rodrigues,24/12/1985
41899046341,Rafael Ferreira,16/01/1977
93350973093,Rafael Ferreira,09/05/1984
68912863607,Gabriel Rodrigues,25/04/2001
90974661457,Beatriz Lima,24/09/1964
44074285542,Ana Oliveira,24/02/1989
04107282582,Gabriel Rodrigues,18/11/1963
96826233878,Ana Oliveira,27/05/1975
48082302514,Ana Oliveira,27/01/1958
40551949761,Ana Oliveira,10/11/1983
01129716364,Joao Silva,30/07/1995
45892321722,Maria Souza,24/05/1958
75552442922,Maria Souza,28/11/1999
80801932068,Julia Costa,21/11/1980
20539836277,Gabriel Rodrigues,28/11/1960
59862249712,Joao Silva,09/05/1973
18082143529,Julia Costa,22/11/1957
04319928105,Julia Costa,25/11/1997
01231140720,Maria Souza,09/01/1958
92278385632,Lucas Pereira,26/11/2005
96814289494,Ana Oliveira,14/08/1965
01416712687,Ana Oliveira,05/12/1973
39835187144,Beatriz Lima,28/03/2004
37100629164,Joao Silva,27/03/1977
70080749266,Julia Costa,20/03/1950
14053914929,Julia Costa,31/03/1985
50489053511,Joao Silva,30/10/1977
00015233039,Mariana Almeida,10/03/2001
45376349605,Pedro Santos,07/11/1966
17089202336,Ana Oliveira,09/05/1992
39935671971,Maria Souza,13/09/1980
62095254036,Pedro Santos,01/01/1961
29520322828,Ana Oliveira,06/04/1953
55052468735,Gabriel Rodrigues,25/03/1972
98821134971,Mariana Almeida,04/10/1955
37462479643,Pedro Santos,10/09/2001
32124256052,Joao Silva,05/03/2003
40718005563,Maria Souza,23/06/1996
60823682388,Maria Souza,17/12/1981
54693455394,Mariana Almeida,13/07/1993
95167017593,Mariana Almeida,28/11/1954
98836596826,Pedro Santos,04/11/1998
95125623121,Julia Costa,08/04/1956
47715767976,Mariana Almeida,17/04/1997
73939415433,Pedro Santos,05/03/1955
05995187651,Pedro Santos,13/07/1977
27394686770,Rafael Ferreira,06/05/1966
48762642964,Beatriz Lima,07/11/1985
80960118101,Gabriel Rodrigues,05/12/1958
52019493311,Gabriel Rodrigues,13/06/1957
15061331964,Maria Souza,17/06/1994
24110102798,Joao Silva,14/11/1974
96605308370,Pedro Santos,30/01/1967
16726678254,Lucas Pereira,14/12/2005
60560512097,Gabriel Rodrigues,22/04/1966
44823745937,Mariana Almeida,12/12/1954
90472632663,Mariana Almeida,23/04/1998
58413352118,Ana Oliveira,23/12/1994
49316401157,Rafael Ferreira,23/10/1980
73319712876,Maria Souza,22/07/1998
28083671680,Lucas Pereira,26/10/1972
15629457800,Mariana Almeida,09/03/1966
97842745023,Beatriz Lima,06/08/1964
31720198658,Beatriz Lima,08/06/1988
72627359065,Rafael Ferreira,21/09/1998
23837122423,Ana Oliveira,03/10/1996
40861892402,Lucas Pereira,06/04/1973
93529630614,Joao Silva,19/03/1959
18099316921,Pedro Santos,23/03/1961
29193587261,Lucas Pereira,12/05/1950
94628947246,Maria Souza,18/11/1995
13134788314,Joao Silva,29/10/1967
79766832535,Lucas Pereira,02/03/1985
24678179403,Maria Souza,30/04/1980
77970084658,Rafael Ferreira,25/01/1969
14998243309,Maria Souza,05/04/1950
35465794043,Pedro Santos,25/05/1981
58188040069,Gabriel Rodrigues,26/06/1981
04204560960,Gabriel Rodrigues,26/04/2001
17645089953,Gabriel Rodrigues,26/05/1981
77122532141,Beatriz Lima,13/08/1982
41521745499,Pedro Santos,21/07/1955
04124996766,Julia Costa,09/08/2003
52001114276,Pedro Santos,18/06/1959
31797553727,Rafael Ferreira,03/11/1956
17176188516,Mariana Almeida,04/08/2005
79421212548,Lucas Pereira,23/03/2003
28184963210,Pedro Santos,26/08/1997
48775948748,Maria Souza,06/12/1988
17429016995,Rafael Ferreira,23/05/1987
61508742113,Beatriz Lima,25/10/1974
33687965849,Gabriel Rodrigues,19/06/1989
60875219175,Pedro Santos,03/09/1984
35024154930,Gabriel Rodrigues,17/05/1981
30592124394,Julia Costa,28/04/1952
64129696408,Beatriz Lima,10/07/1953
72272709573,Ana Oliveira,30/07/1953
50381144809,Pedro Santos,13/12/1975
91527478910,Maria Souza,26/12/1972
86064842511,Mariana Almeida,27/05/1997
52442264860,Rafael Ferreira,11/08/1979
71461565803,Pedro Santos,30/05/1953
09268063150,Maria Souza,19/04/1952
96573906530,Lucas Pereira,07/07/1972
15881183172,Maria Souza,10/01/1968
47266444855,Maria Souza,13/11/1999
33285292415,Ana Oliveira,09/03/1973
58211684309,Rafael Ferreira,20/08/1963
75893347583,Julia Costa,28/02/1959
80295740028,Beatriz Lima,31/10/1956
81060493301,Joao Silva,29/11/1988
74757266474,Gabriel Rodrigues,17/02/1997
89898974357,Lucas Pereira,15/05/1970
55813255369,Ana Oliveira,24/04/2001
55826549095,Rafael Ferreira,10/07/1996
50255725959,Mariana Almeida,11/12/1978
20899017919,Rafael Ferreira,09/12/1957
63377442928,Maria Souza,18/02/1987
40438559147,Julia Costa,22/01/1957
83857370156,Beatriz Lima,25/05/1957
86494664795,Joao Silva,29/10/1950
94038849345,Rafael Ferreira,24/08/2005
30987275715,Maria Souza,08/05/1984
79763763967,Ana Oliveira,25/08/1957
51750296599,Julia Costa,28/08/1960
73732565436,Beatriz Lima,25/10/1982
88687863644,Maria Souza,06/12/1957
31281513323,Julia Costa,05/02/1997
07782827869,Joao Silva,01/08/1962
14464156219,Joao Silva,01/08/1992
58126804521,Gabriel Rodrigues,29/01/1990
97237978289,Gabriel Rodrigues,26/05/1950
87902130600,Lucas Pereira,03/03/2003
91934224900,Rafael Ferreira,12/07/1973
44378459534,Mariana Almeida,07/01/1953
12005905469,Julia Costa,07/10/1985
53676323730,Joao Silva,25/07/1950
61173331584,Mariana Almeida,23/02/1973
03151872443,Joao Silva,11/01/1978
40253230015,Gabriel Rodrigues,10/01/1984
36689221488,Julia Costa,24/06/1982
50637919639,Ana Oliveira,19/01/1989
86206830973,Lucas Pereira,09/11/1983
97635058477,Pedro Santos,25/05/1989
63662879247,Lucas Pereira,09/04/1986
67123393083,Ana Oliveira,10/03/1976
87769228051,Maria Souza,21/06/1984
94284678641,Ana Oliveira,14/12/1988
28915592649,Julia Costa,21/02/1992
06184712907,Gabriel Rodrigues,21/05/1973
52284710352,Julia Costa,17/05/1988
10974463310,Lucas Pereira,09/11/1975
45326101222,Mariana Almeida,17/12/1954
43562561198,Julia Costa,22/06/1974
41822844832,Julia Costa,25/01/2002
06014889308,Julia Costa,31/10/1951
14592056944,Julia Costa,29/03/1958
77830174842,Julia Costa,26/09/1977
36785535252,Pedro Santos,18/10/1969
73093358477,Joao Silva,18/02/1977
22819019355,Pedro Santos,18/02/1977
18531336166,Lucas Pereira,03/06/1965
82438739642,Julia Costa,18/08/1985
10420659700,Joao Silva,03/04/1993
19947965989,Ana Oliveira,30/07/1959
61485378304,Mariana Almeida,15/05/1966
35115651781,Ana Oliveira,22/02/2003
73703686457,Ana Oliveira,06/12/2005
69960250816,Ana Oliveira,08/07/2003
41264928125,Joao Silva,21/11/1998
30180194589,Pedro Santos,18/01/2001
63197819419,Lucas Pereira,21/06/1980
33024918378,Beatriz Lima,13/10/1995
86036790620,Maria Souza,20/06/1995
37191837738,Beatriz Lima,26/03/1993
43105599124,Pedro Santos,18/06/1962
05215870100,Gabriel Rodrigues,20/12/1983
90871457542,Pedro Santos,09/08/1992
52767151746,Lucas Pereira,13/01/1955
23211438481,Mariana Almeida,22/11/1999
26729738628,Lucas Pereira,10/03/1987
54491849680,Pedro Santos,18/10/1965
19046581228,Gabriel Rodrigues,18/03/1976
11534721316,Lucas Pereira,02/05/1961
06601518083,Julia Costa,21/05/1989
25023538799,Lucas Pereira,05/04/2001
88401677136,Mariana Almeida,08/10/1990
98852637953,Maria Souza,10/09/1996
77291038381,Julia Costa,24/01/1973
94901208215,Maria Souza,29/07/1955
51754089555,Julia Costa,06/04/1969
53422280616,Julia Costa,30/03/1970
36281282531,Beatriz Lima,13/05/1962
79173449434,Julia Costa,13/08/1955
98888162391,Julia Costa,20/01/1961
30543386441,Ana Oliveira,31/12/1974
24189368896,Gabriel Rodrigues,29/09/1971
72286215508,Pedro Santos,11/11/1992
09541604607,Maria Souza,28/07/1988
25977742048,Joao Silva,23/09/2001
26875120323,Rafael Ferreira,16/10/1981
22179057783,Mariana Almeida,15/04/1979
64907181495,Beatriz Lima,05/08/1955
42051772320,Ana Oliveira,08/04/1961
85906148697,Pedro Santos,02/06/1976
92914544531,Maria Souza,01/07/1981
57867725727,Joao Silva,06/05/1958
18171339068,Beatriz Lima,13/02/1965
01352724812,Pedro Santos,07/10/1973
79644035331,Gabriel Rodrigues,08/03/1991
88112092852,Ana Oliveira,06/11/1973
89607066360,Maria Souza,10/03/1965
51602607046,Julia Costa,08/09/1972
88339575235,Joao Silva,13/04/1979
80462421522,Lucas Pereira,17/04/1957
25229415221,Mariana Almeida,23/12/1951
91049722692,Gabriel Rodrigues,14/04/1997
83780600485,Gabriel Rodrigues,15/06/1971
08438240614,Lucas Pereira,28/08/1999
55883736988,Beatriz Lima,13/01/1950
18273736182,Gabriel Rodrigues,21/11/2005
32317914604,Maria Souza,08/03/2002
37979935336,Ana Oliveira,26/05/1982
89847170075,Gabriel Rodrigues,13/08/1979
78002351287,Joao Silva,28/02/1991
32485228845,Maria Souza,08/09/1993
88748212291,Joao Silva,24/02/1959
27004491669,Ana Oliveira,21/04/2005
07648386193,Gabriel Rodrigues,02/07/1968
16036454796,Ana Oliveira,24/12/1995
47286827088,Rafael Ferreira,04/02/2002
49676930682,Beatriz Lima,23/05/1953
94128003549,Pedro Santos,28/08/2004
70878521985,Joao Silva,06/01/1967
43701357423,Maria Souza,14/11/1971
07805489363,Beatriz Lima,21/09/1997
20260807411,Maria Souza,12/10/1954
62621996901,Joao Silva,13/06/1979
58595208389,Lucas Pereira,01/10/1992
31399789570,Pedro Santos,06/08/1968
77283655675,Mariana Almeida,03/10/1986
37841963560,Ana Oliveira,21/04/1994
76074582669,Beatriz Lima,24/08/1989
51364338627,Pedro Santos,22/09/1950
42870139502,Pedro Santos,26/07/1986
67097763217,Ana Oliveira,05/10/1996
81608215943,Beatriz Lima,31/08/1956
94692789253,Gabriel Rodrigues,08/02/1993
53545562420,Ana Oliveira,13/09/1997
54667284165,Pedro Santos,26/05/1969
35949537835,Lucas Pereira,12/10/1950
86362312732,Joao Silva,04/06/1966
20547123468,Julia Costa,22/09/1989
72555361978,Gabriel Rodrigues,11/08/1972
37150600652,Pedro Santos,27/01/1985
51323729803,Pedro Santos,18/05/1984
55804495004,Pedro Santos,11/05/1950
29765374705,Ana Oliveira,28/02/1982
58096887607,Mariana Almeida,21/12/1967
44760561785,Lucas Pereira,09/08/1994
97319215300,Rafael Ferreira,11/10/1966
02190836716,Mariana Almeida,09/02/1990
09654246200,Ana Oliveira,06/11/1962
64289251964,Joao Silva,21/06/1982
17412657158,Gabriel Rodrigues,26/04/1979
90970285313,Mariana Almeida,21/06/1962
79317538441,Pedro Santos,13/06/1955
15417384718,Gabriel Rodrigues,03/12/1968
48914952154,Mariana Almeida,22/09/1994
63583870822,Mariana Almeida,30/06/1978
75339730695,Gabriel Rodrigues,13/11/1974
35519972813,Lucas Pereira,22/11/2000
75300996878,Gabriel Rodrigues,08/07/2000
88737470934,Ana Oliveira,18/03/1951
41979317248,Julia Costa,13/07/1975
87833537018,Ana Oliveira,01/10/2005
48103138228,Maria Souza,27/03/1980
33722168157,Beatriz Lima,30/09/1974
36918007540,Julia Costa,22/11/2000
64205599629,Maria Souza,02/03/2004
14042558623,Mariana Almeida,26/06/1987
22748480757,Pedro Santos,20/01/1985
78318077753,Ana Oliveira,23/10/1993
07898333880,Rafael Ferreira,05/03/1966
58525475131,Pedro Santos,21/08/2004
67297826703,Lucas Pereira,11/08/1973
27873818887,Joao Silva,10/08/1978
22487827049,Lucas Pereira,15/08/1964
91731663629,Pedro Santos,11/10/1967
82436600471,Ana Oliveira,29/09/1968
76339392468,Maria Souza,07/02/1953
22004204085,Joao Silva,19/01/1980
04762189909,Pedro Santos,06/07/1987
04133521764,Lucas Pereira,16/04/2005
63079159521,Ana Oliveira,12/05/1981
34148590908,Pedro Santos,08/01/1969
25566992333,Lucas Pereira,14/07/1988
25068792989,Mariana Almeida,03/03/1954
06527374858,Joao Silva,07/07/1961
89572680060,Mariana Almeida,13/10/2003
89399654006,Rafael Ferreira,22/06/1987
28749571791,Maria Souza,03/05/1955
24451866746,Gabriel Rodrigues,09/09/2004
89299390078,Lucas Pereira,20/04/2004
06196301324,Rafael Ferreira,25/07/1982
27530317132,Beatriz Lima,19/09/1957
99738629774,Beatriz Lima,15/08/1986
67645208959,Ana Oliveira,16/06/1992
45801400671,Rafael Ferreira,09/07/1997
92078406573,Ana Oliveira,17/11/1970
30828006064,Mariana Almeida,12/07/1991
69913926062,Maria Souza,08/05/2001
08643436248,Julia Costa,07/11/1999
73903338266,Pedro Santos,26/02/1950
44130807558,Ana Oliveira,29/09/1989
37017026503,Beatriz Lima,04/04/1986
42187466678,Beatriz Lima,14/11/1955
09530927929,Julia Costa,10/04/1970
89975511202,Mariana Almeida,12/12/1955
05976057123,Gabriel Rodrigues,28/04/1993
59421696495,Ana Oliveira,15/11/1991
48691503458,Beatriz Lima,10/09/1958
93526818981,Rafael Ferreira,03/01/1972
02011580460,Maria Souza,25/03/1975
60037780902,Pedro Santos,12/12/1963
54910571713,Joao Silva,29/07/2004
83528951788,Julia Costa,10/08/1977
67813764729,Julia Costa,30/08/1958
56998519902,Mariana Almeida,06/08/1970
63630417604,Maria Souza,16/05/1960
15404181933,Lucas Pereira,09/12/1955
89578800122,Joao Silva,22/05/1950
38294233599,Ana Oliveira,25/04/1990
80633927561,Mariana Almeida,05/01/1974
10503032760,Lucas Pereira,14/04/1956
37959473306,Gabriel Rodrigues,16/06/1953
12813866428,Gabriel Rodrigues,06/03/1968
57790092443,Mariana Almeida,20/05/1992
96577358664,Gabriel Rodrigues,12/09/1954
75739362427,Joao Silva,30/06/1977
94579521404,Maria Souza,29/04/1997
22420816106,Maria Souza,25/06/1991
01485849572,Gabriel Rodrigues,29/06/1956
72957892224,Maria Souza,24/08/1993
67650832340,Joao Silva,01/09/1983
29027049123,Beatriz Lima,09/09/1954
23536854526,Joao Silva,02/04/1989
19065688874,Beatriz Lima,18/05/1979
82912147672,Pedro Santos,26/09/1966
89830996359,Lucas Pereira,17/11/1981
54408694354,Lucas Pereira,04/10/1985
62612447461,Maria Souza,19/04/1998
02829618839,Beatriz Lima,01/12/1966
88433403796,Ana Oliveira,07/10/1972
95187339971,Rafael Ferreira,10/06/1986
89160766822,Mariana Almeida,25/01/1991
93839398580,Gabriel Rodrigues,26/09/1992
72818514816,Mariana Almeida,03/02/2002
73355281833,Rafael Ferreira,05/08/1993
01947237846,Joao Silva,07/02/1971
32620855644,Gabriel Rodrigues,12/02/1958
88425731575,Beatriz Lima,04/06/1973
32609456818,Maria Souza,27/12/1972
17781212844,Rafael Ferreira,20/12/1973
27859882043,Lucas Pereira,22/10/1979
62055685651,Rafael Ferreira,03/06/1964
38219170026,Ana Oliveira,22/05/1997
77746707540,Ana Oliveira,17/12/1974
20270507827,Pedro Santos,04/03/1951
32038254896,Mariana Almeida,10/07/1985
42146003527,Lucas Pereira,29/11/1955
07168963949,Gabriel Rodrigues,10/03/1968
31666700788,Julia Costa,15/06/2004
02980596178,Joao Silva,07/06/2004
17217002407,Lucas Pereira,03/02/1988
91401522673,Rafael Ferreira,01/03/1985
20070144331,Ana Oliveira,17/02/1979
46196105628,Mariana Almeida,13/05/1970
33927493351,Joao Silva,14/11/1976
77265975524,Beatriz Lima,24/05/1957
67417324029,Pedro Santos,08/05/1952
54317726598,Julia Costa,28/03/1996
02229017745,Mariana Almeida,02/04/1999
55129717598,Pedro Santos,16/09/1988
60652152894,Pedro Santos,15/02/1972
41340968475,Joao Silva,27/08/1970
44253394171,Lucas Pereira,03/02/1992
63523587844,Maria Souza,14/06/1985
91745174956,Mariana Almeida,08/11/1964
32540272759,Lucas Pereira,30/04/2000
74863619579,Lucas Pereira,08/02/2005
50241609597,Maria Souza,12/05/1995
07193229656,Rafael Ferreira,06/05/1954
72036110212,Gabriel Rodrigues,12/09/2001
14948118044,Pedro Santos,31/03/1994
51975370189,Julia Costa,08/08/1994
79910468010,Joao Silva,08/09/1987
11601993681,Pedro Santos,06/10/1960
50206065829,Joao Silva,08/12/1979
14601803073,Gabriel Rodrigues,05/09/1963
25679851770,Julia Costa,02/04/1957
77673718633,Maria Souza,29/03/1965
74983972323,Beatriz Lima,19/07/1974
68236351912,Lucas Pereira,17/10/1979
39878180490,Ana Oliveira,09/05/1990
83628042757,Mariana Almeida,04/02/1977
70647864581,Julia Costa,25/06/1975
78941169363,Pedro Santos,27/08/1996
42024685052,Maria Souza,21/07/1985
76401579090,Ana Oliveira,20/06/1952
25501297353,Joao Silva,22/03/2001
58973222130,Ana Oliveira,05/01/1955
94302241443,Joao Silva,09/04/1977
27735900696,Maria Souza,01/03/1999
29139439875,Mariana Almeida,24/06/1972
15390662216,Rafael Ferreira,25/09/1952
59034244470,Gabriel Rodrigues,16/12/1950
24260876636,Pedro Santos,19/03/1973
27663431531,Rafael Ferreira,06/12/1958
38102919590,Joao Silva,13/02/2004
63918525659,Ana Oliveira,25/08/1955
55602686574,Julia Costa,13/03/1952
03079289179,Pedro Santos,19/02/1960
90838228814,Pedro Santos,21/07/1961
61426761295,Julia Costa,23/08/1953
02306751781,Beatriz Lima,26/09/1957
82568544127,Ana Oliveira,09/01/1983
11011563377,Rafael Ferreira,25/08/1981
31870050670,Maria Souza,11/09/1989
53408694696,Gabriel Rodrigues,26/05/1961
92083607527,Beatriz Lima,16/06/1951
74795482080,Lucas Pereira,21/02/1984
00430979537,Julia Costa,22/05/1959
25192688039,Joao Silva,07/03/1971
51857733509,Pedro Santos,15/10/1982
26796416867,Pedro Santos,29/03/1972
44900418752,Pedro Santos,09/04/1968
54015150437,Julia Costa,02/06/1981
57171790518,Joao Silva,21/10/1958
39845054341,Gabriel Rodrigues,18/04/1973
85369439624,Maria Souza,05/10/1977
92450196724,Gabriel Rodrigues,01/02/1974
77056569289,Lucas Pereira,04/01/1962
01599352085,Julia Costa,11/12/1998
08336178742,Lucas Pereira,10/02/1978
31932874711,Ana Oliveira,12/08/1962
46620273441,Mariana Almeida,06/06/2001
43896185068,Lucas Pereira,09/01/1950
00556114859,Gabriel Rodrigues,04/02/1967
95435982974,Gabriel Rodrigues,17/09/1956
67827130954,Pedro Santos,25/03/1958
87758998102,Ana Oliveira,19/11/1995
54247860903,Julia Costa,13/04/1955
33126488374,Mariana Almeida,09/02/1958
64702285889,Gabriel Rodrigues,23/08/1984
01797925894,Rafael Ferreira,08/07/1957
24561414032,Beatriz Lima,18/04/2001
65429736597,Joao Silva,26/08/1956
69710449457,Julia Costa,30/07/2004
05989635866,Pedro Santos,01/10/1990
76587046276,Gabriel Rodrigues,16/05/1973
06739231647,Ana Oliveira,14/09/1967
74546374472,Lucas Pereira,09/12/1959
29511169520,Mariana Almeida,06/07/2003
46521988561,Mariana Almeida,05/01/1955
74167657707,Joao Silva,06/04/1980
71528725836,Joao Silva,03/07/1974
33930928689,Mariana Almeida,27/08/2003
36917279751,Mariana Almeida,02/07/1958
18955516905,Maria Souza,01/01/1989
40542646118,Pedro Santos,22/01/1957
61758004267,Gabriel Rodrigues,27/01/1969
59330301397,Maria Souza,01/04/1980
30555071424,Joao Silva,20/05/1962
41951784612,Mariana Almeida,29/01/1963
78552671531,Julia Costa,26/09/1981
02799431519,Ana Oliveira,25/10/1969
36739084688,Mariana Almeida,30/03/1982
82353929940,Beatriz Lima,19/11/2003
42532706692,Gabriel Rodrigues,25/11/1972
43322557159,Ana Oliveira,12/12/1975
82852578448,Gabriel Rodrigues,02/09/1958
17722972388,Rafael Ferreira,02/09/2003
64699275483,Mariana Almeida,18/01/2004
34799242385,Joao Silva,31/01/1971
41208435675,Maria Souza,08/04/1967
31298108928,Gabriel Rodrigues,09/04/1953
06172045390,Gabriel Rodrigues,14/08/1968
13057972405,Ana Oliveira,17/07/1974
75686139275,Mariana Almeida,13/07/1984
36974349422,Rafael Ferreira,10/03/1976
48612296781,Pedro Santos,20/02/1987
07613578250,Beatriz Lima,02/01/1997
45675084461,Maria Souza,20/03/1993
36341857533,Ana Oliveira,27/03/1956
53731352867,Ana Oliveira,22/10/2005
34867302708,Mariana Almeida,02/11/1983
85018274279,Pedro Santos,28/11/1950
23336097538,Julia Costa,10/03/1950
74177348970,Rafael Ferreira,17/07/2004
42509165122,Pedro Santos,18/07/1951
38436204009,Ana Oliveira,06/02/1999
37161714741,Joao Silva,09/01/2000
67044733614,Ana Oliveira,14/11/2004
10259072327,Beatriz Lima,04/06/1959
17141287176,Lucas Pereira,20/04/1974
60361691062,Beatriz Lima,31/08/1967
67641362716,Lucas Pereira,27/02/1959
55892176235,Ana Oliveira,29/03/1965
98349536111,Julia Costa,14/07/1986
68539614589,Beatriz Lima,25/10/1967
02672236145,Julia Costa,03/10/1987
92341281604,Julia Costa,10/05/1962
00446622073,Joao Silva,11/10/1955
09864922296,Pedro Santos,20/06/1953
74278501118,Pedro Santos,19/09/1968
92188815478,Julia Costa,10/11/1974
42830780845,Julia Costa,24/12/1993
70110638976,Ana Oliveira,28/12/1996
36055494343,Maria Souza,15/02/1963
70654572793,Joao Silva,28/04/2000
29791249303,Gabriel Rodrigues,02/04/1993
67458597313,Rafael Ferreira,01/03/1980
65085775824,Pedro Santos,02/06/1957
64648800738,Julia Costa,27/07/1998
68225887166,Beatriz Lima,24/04/1955
00389145720,Ana Oliveira,23/05/1950
05639583360,Mariana Almeida,01/04/1958
97097183256,Ana Oliveira,19/05/1953
30876255178,Mariana Almeida,11/03/1963
30702970917,Rafael Ferreira,12/01/1966
46368780815,Pedro Santos,27/09/2003
22297642281,Maria Souza,02/01/2003
66006004278,Julia Costa,25/07/1968
90435917459,Ana Oliveira,17/03/2002
10629369089,Julia Costa,06/04/1976
98221835374,Ana Oliveira,08/08/1959
09464526816,Mariana Almeida,13/02/2003
24517096882,Mariana Almeida,12/08/1990
47944193305,Ana Oliveira,26/08/1972
41972234092,Julia Costa,21/01/1950
63825887277,Rafael Ferreira,23/06/1964
71407177102,Ana Oliveira,29/07/1965
39199527854,Julia Costa,04/06/1973
00347074943,Beatriz Lima,08/02/1952
56104341444,Pedro Santos,01/06/1987
36192161101,Joao Silva,26/04/1995
58062092089,Beatriz Lima,09/08/1971
10806646294,Gabriel Rodrigues,05/08/1968
41106175685,Julia Costa,02/10/1960
91646571615,Lucas Pereira,06/05/1985
39722703986,Pedro Santos,11/08/1996
41103146728,Beatriz Lima,24/08/1964
92426935269,Julia Costa,22/05/1950
32307955712,Julia Costa,26/07/1954
77717394867,Ana Oliveira,07/08/1981
53725264000,Julia Costa,26/10/1997
19537805536,Julia Costa,09/08/2002
00237966303,Julia Costa,12/08/1975
48924169068,Rafael Ferreira,29/06/1991
24269415460,Maria Souza,25/02/1956
07378235416,Lucas Pereira,18/12/2005
88220402211,Gabriel Rodrigues,13/11/1979
55615633282,Rafael Ferreira,20/06/1982
09165859375,Maria Souza,04/01/1983
22690077257,Julia Costa,20/05/1996
37708564496,Maria Souza,22/04/1996
10746487876,Mariana Almeida,24/07/1983
11498763737,Gabriel Rodrigues,30/03/2003
34088688522,Rafael Ferreira,30/12/2001
82029265226,Maria Souza,06/10/1968
29375476159,Julia Costa,24/10/1964
77994347886,Rafael Ferreira,02/10/1958
74108778943,Rafael Ferreira,26/07/1994
87791033038,Ana Oliveira,13/05/1954
91446876266,Ana Oliveira,04/05/1995
88742170410,Joao Silva,18/08/1965
64287685593,Ana Oliveira,08/08/2002
20344649840,Maria Souza,09/12/1972
29836331608,Pedro Santos,09/07/1972
25144001036,Beatriz Lima,21/04/1966
16683837879,Gabriel Rodrigues,28/07/1984
78700428502,Pedro Santos,25/07/1984
86689116953,Lucas Pereira,21/09/1968
32716393423,Gabriel Rodrigues,07/02/1957
65662520768,Lucas Pereira,24/05/2002
00535755563,Pedro Santos,09/03/1978
33815635848,Joao Silva,29/11/1973
34411242570,Pedro Santos,07/12/1962
47433945595,Gabriel Rodrigues,25/08/1997
82739960910,Gabriel Rodrigues,13/03/2002
22844089885,Joao Silva,19/05/1961
90348749687,Maria Souza,29/07/1952
70753274092,Beatriz Lima,23/12/2003
82866873571,Mariana Almeida,03/04/2003
39517073554,Lucas Pereira,18/04/2002
32749620487,Lucas Pereira,04/04/1998
24038590250,Gabriel Rodrigues,05/03/1973
86911370892,Joao Silva,17/06/1972
13480146939,Lucas Pereira,18/10/2004
15402496585,Lucas Pereira,12/10/2001
57321850656,Mariana Almeida,09/05/1958
73978587297,Mariana Almeida,21/12/2002
25822384151,Ana Oliveira,28/06/1970
23429256170,Julia Costa,31/07/1999
84026097358,Mariana Almeida,07/04/1991
28770990757,Mariana Almeida,04/01/1952
38258654023,Rafael Ferreira,04/10/1977
01260355543,Pedro Santos,27/06/2002
51646840947,Mariana Almeida,22/02/1978
28904241789,Beatriz Lima,28/05/1981
79508859556,Rafael Ferreira,25/08/1967
15008780671,Mariana Almeida,21/05/1950
86751516484,Lucas Pereira,23/04/1961
86234847761,Mariana Almeida,13/06/1954
83922257582,Beatriz Lima,12/03/1995
49585636999,Joao Silva,11/02/1959
59146935520,Joao Silva,13/12/1953
59459770929,Pedro Santos,25/06/1955
75951574689,Ana Oliveira,03/12/1970
12526050914,Lucas Pereira,13/11/1996
54030531496,Ana Oliveira,13/05/2004
72952045775,Beatriz Lima,03/06/1969
97276267227,Julia Costa,27/02/1998
91022994110,Julia Costa,29/08/1992
57260728713,Maria Souza,13/03/1962
61825848813,Pedro Santos,11/01/1997
30588409718,Julia Costa,20/07/1976
82032662980,Pedro Santos,09/04/2004
76637069682,Joao Silva,09/02/1968
68915652934,Gabriel Rodrigues,18/07/1998
19028346626,Mariana Almeida,16/09/1955
24852144281,Rafael Ferreira,09/06/1974
19320722762,Ana Oliveira,06/03/1969
61127600699,Beatriz Lima,09/10/1953
36372709742,Joao Silva,14/01/1961
96778771453,Mariana Almeida,16/02/1983
68875931959,Lucas Pereira,04/06/1979
53442819553,Rafael Ferreira,21/04/1950
54457611054,Joao Silva,23/05/1968
21285396553,Pedro Santos,12/05/1987
53301389587,Maria Souza,08/04/1960
02853533061,Rafael Ferreira,18/04/1968
36328288233,Rafael Ferreira,17/05/1951
15584644868,Beatriz Lima,27/09/1985
67593411602,Lucas Pereira,09/06/2000
20788667986,Gabriel Rodrigues,02/11/1994
51768116766,Beatriz Lima,28/03/1986
16395877370,Rafael Ferreira,07/04/1996
90661639618,Lucas Pereira,10/08/1970
09971705364,Pedro Santos,25/10/1982
30976556854,Joao Silva,12/04/1977
88472885062,Rafael Ferreira,17/04/2001
61245157121,Rafael Ferreira,04/01/1997
93964281670,Maria Souza,09/05/1955
62733487374,Beatriz Lima,27/07/1964
74843165896,Rafael Ferreira,16/10/1951
66436434206,Maria Souza,04/06/1971
78174390127,Beatriz Lima,04/10/1999
48795406906,Rafael Ferreira,31/03/1980
03549543853,Gabriel Rodrigues,06/01/1984
38069226864,Rafael Ferreira,24/01/1995
62616558393,Ana Oliveira,15/01/1996
75743319795,Pedro Santos,23/09/1991
06217774818,Joao Silva,17/06/1994
55790775051,Gabriel Rodrigues,17/04/1965
96121486092,Gabriel Rodrigues,25/03/1992
49702814069,Ana Oliveira,19/08/1999
62836038096,Maria Souza,15/12/1990
46720458347,Beatriz Lima,16/08/1995
81662389359,Julia Costa,23/11/1988
19448320253,Beatriz Lima,09/04/1965
91606270531,Beatriz Lima,23/02/1991
38613468776,Lucas Pereira,14/01/1981
76921879088,Ana Oliveira,01/09/2005
04524265758,Joao Silva,15/07/1956
87796579790,Pedro Santos,04/11/1968
34500524844,Gabriel Rodrigues,18/03/1987
47579435360,Pedro Santos,05/07/1977
32015220185,Mariana Almeida,12/11/1985
69883596460,Julia Costa,09/11/1957
68488366214,Gabriel Rodrigues,16/02/1982
69544556147,Pedro Santos,26/07/1979
88191196768,Joao Silva,15/03/1961
66326517773,Beatriz Lima,07/06/1964
39196141643,Mariana Almeida,17/01/1986
89209687675,Julia Costa,16/08/1965
70296755846,Rafael Ferreira,13/06/2001
15444026417,Maria Souza,07/04/1975
73391664921,Rafael Ferreira,02/06/1997
19946904521,Pedro Santos,20/12/1994
24664344412,Julia Costa,09/11/1955
65710792681,Beatriz Lima,10/06/1976
50793495097,Gabriel Rodrigues,23/05/1952
81097296849,Gabriel Rodrigues,08/07/1970
16707556374,Ana Oliveira,27/01/1995
82733862472,Maria Souza,12/09/1990
63758248263,Rafael Ferreira,17/12/1951
13204752668,Gabriel Rodrigues,10/07/1979
02714726995,Gabriel Rodrigues,24/04/1975
08086428872,Lucas Pereira,12/02/1984
75690227082,Julia Costa,08/04/1966
47702174870,Beatriz Lima,11/12/1974
97492901483,Julia Costa,11/11/1964
34118951464,Gabriel Rodrigues,24/02/1992
93476669877,Lucas Pereira,17/02/1959
59773460359,Joao Silva,19/04/1992
06294226943,Lucas Pereira,17/12/1967
21446220800,Lucas Pereira,27/03/1965
56875499955,Gabriel Rodrigues,12/04/1956
75601539238,Beatriz Lima,28/07/2000
09497923284,Joao Silva,12/04/1966
07738663114,Joao Silva,25/05/1982
91854042972,Mariana Almeida,17/08/1994
30613235331,Julia Costa,14/07/1961
91298301493,Lucas Pereira,05/04/1951
73492430882,Julia Costa,24/03/1968
71893999076,Mariana Almeida,06/07/1970
71150151267,Julia Costa,26/04/1984
13779006533,Rafael Ferreira,16/04/1961
13297446798,Mariana Almeida,04/07/1952
73186434442,Maria Souza,07/02/1962
35461673574,Maria Souza,05/03/1962
87151198831,Beatriz Lima,30/05/1971
22630920441,Gabriel Rodrigues,01/01/1978
47559020770,Ana Oliveira,12/07/1965
01414632988,Rafael Ferreira,16/03/1982
76392739853,Mariana Almeida,19/02/1972
99422830093,Gabriel Rodrigues,28/09/1969
52016157498,Beatriz Lima,24/09/1950
44336776982,Lucas Pereira,19/08/1992
29914373153,Beatriz Lima,26/07/1982
24890193943,Maria Souza,02/12/1985
12853375273,Ana Oliveira,13/08/1991
12962809904,Gabriel Rodrigues,19/04/2003
10020377634,Ana Oliveira,06/09/1998
33022928928,Pedro Santos,18/11/1964
91577527449,Lucas Pereira,28/08/1966
92023698331,Gabriel Rodrigues,24/03/1951
76526221109,Mariana Almeida,26/03/1973
95616858231,Beatriz Lima,30/11/1966
34177592758,Maria Souza,30/12/1960
05987305107,Beatriz Lima,01/08/1994
22207258476,Julia Costa,27/10/1981
10848884490,Beatriz Lima,23/09/2004
58496371835,Rafael Ferreira,25/04/1986
23227422907,Joao Silva,12/07/1993
98865074151,Julia Costa,18/07/2000
14467783258,Maria Souza,12/05/1991
50268252836,Julia Costa,20/04/1990
29029453842,Gabriel Rodrigues,23/08/1960
25961795325,Pedro Santos,17/05/2000
48672705995,Gabriel Rodrigues,23/06/2003
23987831168,Rafael Ferreira,15/01/1996
91411517300,Mariana Almeida,06/10/1996
93182254616,Pedro Santos,25/04/1977
65158477712,Mariana Almeida,23/01/1984
72020067854,Gabriel Rodrigues,17/01/1988
63098428672,Rafael Ferreira,04/03/1958
11748404709,Julia Costa,25/04/1966
14351976868,Rafael Ferreira,26/07/1950
06133004762,Joao Silva,02/02/1962
57060246193,Rafael Ferreira,20/01/1981
76707784551,Pedro Santos,30/11/1976
80678193999,Maria Souza,28/12/1956
25943889646,Pedro Santos,02/03/1981
18703987032,Gabriel Rodrigues,22/11/1976
80514824826,Mariana Almeida,17/06/1998
13466548474,Mariana Almeida,22/10/1964
58860730773,Rafael Ferreira,29/01/1999
69087215360,Julia Costa,11/03/1986
93340998266,Mariana Almeida,02/08/1975
11314521095,Mariana Almeida,06/06/2002
83924965066,Ana Oliveira,26/07/1956
16900587649,Lucas Pereira,11/01/1959
92980955886,Julia Costa,24/08/1963
47576695090,Joao Silva,25/10/1963
02466122751,Maria Souza,10/03/1961
36182804961,Rafael Ferreira,13/10/1987
92092176356,Joao Silva,02/11/1986
74452911904,Rafael Ferreira,01/07/1968
91168796606,Beatriz Lima,13/06/1974
80888186168,Julia Costa,04/04/1988
64103848031,Beatriz Lima,05/02/1996
19900349771,Maria Souza,11/06/1996
94692023118,Gabriel Rodrigues,17/08/1982
31120670655,Beatriz Lima,12/11/1962
67057335687,Maria Souza,07/09/1950
36558502189,Mariana Almeida,26/07/1966
03098318127,Joao Silva,23/01/1974
13692063529,Julia Costa,25/10/1971
35738332790,Beatriz Lima,16/01/1984
77222899212,Gabriel Rodrigues,03/04/1953
29659155709,Beatriz Lima,04/01/2004
37517319892,Joao Silva,02/05/1974
07287112343,Lucas Pereira,17/07/1975
91923956145,Mariana Almeida,16/11/1962
02440954469,Julia Costa,08/07/1980
12309575668,Ana Oliveira,03/11/1991
33068658931,Pedro Santos,29/05/1950
47185558706,Pedro Santos,30/09/2000
46618378080,Pedro Santos,24/04/1979
64031902820,Maria Souza,04/05/2005
74882064788,Lucas Pereira,07/09/1974
63786437695,Gabriel Rodrigues,30/07/1954
53749083191,Gabriel Rodrigues,18/01/1952
02813254703,Gabriel Rodrigues,22/11/1980
14703357231,Rafael Ferreira,18/10/1981
16164332844,Pedro Santos,22/05/1990
57565887158,Ana Oliveira,05/09/1980
73712969589,Joao Silva,02/12/1989
43647858629,Ana Oliveira,16/12/1968
95494611708,Gabriel Rodrigues,28/09/1995
13157282286,Joao Silva,19/05/1980
03514590654,Pedro Santos,02/11/1971
66513558349,Pedro Santos,01/04/1968
29172090753,Maria Souza,27/10/1966
19052016679,Pedro Santos,16/12/1961
00316675012,Mariana Almeida,28/02/1963
73838984147,Rafael Ferreira,14/03/1966
47605437484,Pedro Santos,23/12/1952
90334769472,Lucas Pereira,05/02/1960
97902782854,Rafael Ferreira,19/07/1993
94981629580,Mariana Almeida,07/12/1965
12137784300,Joao Silva,25/05/1996
91264783227,Lucas Pereira,25/11/2000
65378509578,Gabriel Rodrigues,28/08/1951
09299741836,Maria Souza,01/12/1950
65737995104,Rafael Ferreira,20/08/1966
56748435133,Ana Oliveira,12/03/1991
66250103944,Maria Souza,29/03/1994
09290896713,Rafael Ferreira,26/01/1976
84796221971,Mariana Almeida,19/08/1998
38117964155,Beatriz Lima,25/07/1983
79953135277,Maria Souza,11/06/1969
31563518261,Gabriel Rodrigues,29/01/1987
12263826877,Gabriel Rodrigues,19/04/1966
41028722177,Pedro Santos,23/02/1988
84435174526,Beatriz Lima,20/08/1982
82263004876,Pedro Santos,30/10/2002
43889116017,Rafael Ferreira,28/05/1986
72982401109,Pedro Santos,15/10/1999
78706094044,Pedro Santos,17/05/2005
19421091063,Ana Oliveira,03/03/1957
45610460142,Ana Oliveira,22/07/1960
68123088140,Pedro Santos,06/07/1994
73841561626,Lucas Pereira,10/08/1967
06727264660,Joao Silva,15/05/1995
59177648089,Beatriz Lima,27/09/1964
12584806479,Pedro Santos,11/09/1987
91480770296,Lucas Pereira,01/07/2004
96769977663,Beatriz Lima,16/09/1979
85971097046,Pedro Santos,27/08/1984
30071993430,Ana Oliveira,22/06/1963
12670624624,Gabriel Rodrigues,01/04/1974
74793664427,Gabriel Rodrigues,19/04/1959
88157874652,Gabriel Rodrigues,06/10/1975
41327712455,Rafael Ferreira,01/09/1963
80867281513,Rafael Ferreira,05/11/1952
65179507809,Julia Costa,16/04/2003
55171486818,Ana Oliveira,16/10/1999
27041517819,Beatriz Lima,29/07/1956
02650693367,Beatriz Lima,15/07/2001
98121539170,Gabriel Rodrigues,13/02/1985
52270884224,Pedro Santos,09/06/1975
21235198856,Julia Costa,10/09/1992
29040588260,Ana Oliveira,13/10/1984
97009412254,Gabriel Rodrigues,27/03/1951
42250586434,Ana Oliveira,17/03/1958
00066998878,Lucas Pereira,09/09/1991
82699219570,Ana Oliveira,11/07/2003
96916941424,Rafael Ferreira,11/05/1977
22630375406,Rafael Ferreira,28/09/1979
95853629612,Joao Silva,12/03/1984
83156680013,Maria Souza,25/04/2001
89678900957,Rafael Ferreira,17/05/1999
74220296908,Joao Silva,25/07/1958
32336224420,Rafael Ferreira,10/01/1972
67085761386,Beatriz Lima,01/03/1963
36047573325,Pedro Santos,30/01/1966
69572617487,Pedro Santos,06/12/1960
20379893413,Maria Souza,10/02/1952
64428821756,Rafael Ferreira,10/11/1955
20218335898,Pedro Santos,04/09/1955
47575306849,Rafael Ferreira,13/02/2005
72191875358,Pedro Santos,20/03/1957
46352750666,Beatriz Lima,25/12/1996
55324100973,Joao Silva,21/01/1957
39743059835,Beatriz Lima,17/07/2003
88452287686,Mariana Almeida,01/12/1999
87522923375,Gabriel Rodrigues,23/03/1963
25661859835,Pedro Santos,29/07/2004
30028548421,Joao Silva,06/08/1979
72356057164,Rafael Ferreira,16/03/1993
66913723839,Julia Costa,20/09/1998
19428268707,Gabriel Rodrigues,08/04/1986
36724887758,Ana Oliveira,07/06/1950
32418941929,Joao Silva,19/10/1971
97441786106,Julia Costa,17/12/1959
20550790342,Joao Silva,26/10/1995
71215150253,Mariana Almeida,02/10/2000
06906730129,Beatriz Lima,19/09/1975
16229766156,Beatriz Lima,03/06/1968
60400418501,Beatriz Lima,23/10/1987
76562128790,Pedro Santos,17/07/1960
69382360614,Maria Souza,06/07/1950
19187466326,Beatriz Lima,26/08/1993
72136449983,Joao Silva,28/09/1999
16088125495,Rafael Ferreira,29/12/2005
29694725293,Joao Silva,10/08/1950
03016116797,Julia Costa,05/09/1987
91688506709,Beatriz Lima,25/07/1981
45350431601,Rafael Ferreira,07/01/1978
10469054407,Maria Souza,19/04/1990
64131522536,Ana Oliveira,22/08/1958
90464390605,Gabriel Rodrigues,02/02/1984
03574851137,Joao Silva,10/09/1970
86907546093,Pedro Santos,15/06/2004
87372916009,Rafael Ferreira,04/01/1975
69846753857,Gabriel Rodrigues,14/05/1968
13271114210,Gabriel Rodrigues,10/01/2005
69605886223,Joao Silva,09/11/1981
92319107221,Joao Silva,01/10/1998
24822517975,Ana Oliveira,19/11/1990
41929876325,Lucas Pereira,20/12/1991
12920424936,Lucas Pereira,01/04/1983
21678961304,Gabriel Rodrigues,13/06/1997
65552505613,Julia Costa,07/10/1958
66405673819,Beatriz Lima,19/03/1979
93937687399,Ana Oliveira,14/04/1960
28745754633,Mariana Almeida,19/02/1966
84466448010,Julia Costa,28/06/1999
65081126134,Lucas Pereira,04/12/1975
59600853791,Ana Oliveira,30/09/1966
57546550975,Lucas Pereira,18/05/1960
48458422959,Rafael Ferreira,08/02/1977
51527067054,Julia Costa,10/10/2000
88876570805,Julia Costa,02/07/1975
86351092152,Mariana Almeida,14/09/1950
02369665515,Lucas Pereira,03/03/1951
74906512808,Maria Souza,02/04/1981
68824536589,Ana Oliveira,21/02/1974
15530123630,Julia Costa,05/06/1961
84055055100,Rafael Ferreira,14/06/1970
70786346855,Pedro Santos,15/07/1950
84401928614,Beatriz Lima,09/08/1980
78208150253,Beatriz Lima,27/10/1989
18080804367,Mariana Almeida,06/04/1963
41556904046,Julia Costa,19/12/2005
30082099080,Gabriel Rodrigues,22/02/1953
55926965142,Mariana Almeida,30/11/1964
43383058932,Gabriel Rodrigues,30/12/1950
93742203508,Ana Oliveira,25/11/2003
06433464896,Joao Silva,08/05/1957
99304559879,Julia Costa,11/04/1973
79170200638,Julia Costa,15/01/1967
23234239862,Mariana Almeida,26/04/1968
66919820504,Beatriz Lima,19/03/1995
11834741655,Rafael Ferreira,04/12/1975
31031238086,Rafael Ferreira,09/03/1983
16592577204,Pedro Santos,09/06/1981
73946344884,Lucas Pereira,01/09/1968
40220433717,Lucas Pereira,19/05/1970
49919453173,Joao Silva,10/10/1954
59734812780,Pedro Santos,16/03/1984
83290851438,Rafael Ferreira,31/10/1960
85506435594,Rafael Ferreira,06/10/1975
48664191920,Joao Silva,27/02/2001
17651936967,Joao Silva,16/08/1969
54324635847,Maria Souza,24/04/1982
11403522231,Beatriz Lima,04/11/1995
61491062656,Mariana Almeida,01/07/1993
49246509266,Julia Costa,31/10/1988
27305543801,Maria Souza,14/05/1989
62967361169,Joao Silva,17/07/1991
49547985610,Rafael Ferreira,25/05/1993
80779120690,Maria Souza,06/04/1981
19407980777,Julia Costa,12/03/1950
89294831656,Joao Silva,11/05/2000
25631583192,Beatriz Lima,14/04/1951
49328573599,Beatriz Lima,20/09/1979
11149825897,Gabriel Rodrigues,18/07/1987
80931387004,Gabriel Rodrigues,06/09/1976
44006212234,Julia Costa,07/02/1981
37982686698,Ana Oliveira,17/07/1981
44755355041,Lucas Pereira,24/07/1999
14086503523,Rafael Ferreira,07/04/1998
86511536406,Rafael Ferreira,11/08/2005
05282593309,Mariana Almeida,28/05/1984
10291146322,Mariana Almeida,20/07/1986
04825590399,Gabriel Rodrigues,24/01/1962
98841659708,Pedro Santos,05/06/1968
46374923398,Gabriel Rodrigues,22/05/1968
00279123883,Joao Silva,23/04/1965
76497203240,Maria Souza,28/01/1992
04781165665,Maria Souza,02/10/1992
81892693149,Ana Oliveira,05/06/1983
77159076121,Pedro Santos,28/08/1956
52390137316,Julia Costa,27/09/1961
25126118039,Ana Oliveira,29/11/1950
83625765438,Pedro Santos,16/09/1983
17662072664,Ana Oliveira,14/10/1972
28292149641,Mariana Almeida,19/07/1998
79067630367,Julia Costa,03/07/1959
38961335936,Ana Oliveira,12/07/1963
15730270353,Julia Costa,02/05/1988
27343890936,Joao Silva,12/01/1973
07575171973,Beatriz Lima,25/12/1995
80790835639,Joao Silva,07/01/1955
86588564382,Gabriel Rodrigues,01/10/1970
93985902416,Ana Oliveira,13/07/1994
93016342192,Mariana Almeida,23/08/1990
56555636005,Joao Silva,22/08/1963
19319081073,Beatriz Lima,28/11/1953
57790209321,Lucas Pereira,22/03/1952
19665849220,Gabriel Rodrigues,09/04/1976
60273096248,Mariana Almeida,11/04/1966
09862109637,Maria Souza,30/10/1975
57916509993,Joao Silva,26/12/1980
92097226367,Ana Oliveira,14/06/1977
48504108045,Gabriel Rodrigues,09/05/1957
18744981801,Maria Souza,29/04/1997
39019170678,Julia Costa,06/03/1982
59295553005,Maria Souza,12/10/1952
81833662358,Rafael Ferreira,07/10/1991
27762585915,Rafael Ferreira,09/11/1974
05506922379,Maria Souza,19/11/1975
87625490422,Ana Oliveira,22/07/1950
46794983264,Beatriz Lima,23/07/1996
74952355047,Beatriz Lima,28/02/1974
42318700249,Mariana Almeida,25/10/1950
17407147852,Beatriz Lima,05/08/1976
57515750493,Pedro Santos,12/10/1995
30168169287,Julia Costa,29/10/1967
53111272298,Pedro Santos,22/04/1969
38797116541,Mariana Almeida,25/08/1994
14160986426,Rafael Ferreira,01/11/1965
25186565222,Pedro Santos,06/03/1981
86257185991,Joao Silva,13/09/1981
45608392973,Lucas Pereira,02/07/2003
49020490318,Ana Oliveira,04/11/1953
95226802954,Julia Costa,23/05/2005
81924400877,Maria Souza,10/09/1969
41704839423,Gabriel Rodrigues,16/04/1971
87514214470,Maria Souza,11/05/1954
21391015679,Rafael Ferreira,31/01/1974
65959349075,Julia Costa,27/03/1966
38516798244,Gabriel Rodrigues,29/02/1996
68184764784,Rafael Ferreira,16/11/1978
73731420315,Gabriel Rodrigues,08/02/1991
38304592799,Gabriel Rodrigues,20/08/1973
29711743128,Julia Costa,02/03/1991
69489681887,Maria Souza,26/12/1969
80257381237,Joao Silva,06/11/1985
37453878586,Joao Silva,05/03/1966
25171609676,Mariana Almeida,05/01/2000
50357137463,Beatriz Lima,23/04/1969
65443650992,Rafael Ferreira,24/01/1994
30961264174,Mariana Almeida,05/11/1954
11896628419,Joao Silva,13/04/1967
89197481180,Lucas Pereira,17/12/1994
21483560482,Mariana Almeida,19/09/1966
23364893202,Maria Souza,22/06/1968
31375958440,Pedro Santos,06/06/1976
41652889606,Gabriel Rodrigues,27/02/1999
25218028258,Ana Oliveira,07/10/1995
01411709672,Joao Silva,21/04/1953
02198123850,Rafael Ferreira,24/10/1975
09390204786,Lucas Pereira,22/01/1982
91273338120,Beatriz Lima,05/10/1966
09325730589,Beatriz Lima,04/11/1974
74692064524,Julia Costa,19/08/1985
54991789704,Rafael Ferreira,28/07/1965
09093567790,Pedro Santos,23/10/1990
49468584383,Julia Costa,20/12/1956
61941586652,Mariana Almeida,20/09/1990
06971700829,Rafael Ferreira,18/05/1953
30485118924,Gabriel Rodrigues,28/04/1990
94659754347,Lucas Pereira,16/06/1955
80916956429,Maria Souza,16/04/1977
47315326642,Mariana Almeida,06/12/1996
95292160031,Gabriel Rodrigues,17/03/1962
62836035611,Ana Oliveira,16/03/1951
45894087575,Maria Souza,25/06/1971
50490796289,Rafael Ferreira,12/10/1985
08712704218,Ana Oliveira,26/07/1964
11556480571,Julia Costa,30/12/1992
82116910415,Gabriel Rodrigues,05/08/1996
70556014195,Rafael Ferreira,21/04/2001
18471210353,Beatriz Lima,03/08/1984
41457599795,Maria Souza,18/10/2002
00948075634,Ana Oliveira,06/03/1979
45164397004,Julia Costa,30/11/1959
89019961310,Maria Souza,27/01/1972
31287203799,Julia Costa,11/10/1988
15469215036,Rafael Ferreira,12/10/1966
68610436434,Beatriz Lima,07/03/1977
94058859057,Julia Costa,30/09/1999
63493989919,Joao Silva,09/05/1968
00580373723,Maria Souza,21/09/1972
24971568416,Mariana Almeida,08/07/2003
25030181866,Joao Silva,09/05/2001
78500643257,Rafael Ferreira,28/12/1967
37196581878,Joao Silva,18/03/1964
22210972008,Julia Costa,07/12/1990
22842422604,Ana Oliveira,21/06/1957
94555360037,Pedro Santos,06/09/1972
89071468617,Julia Costa,05/04/1963
75737327850,Beatriz Lima,28/10/1956
58188775109,Mariana Almeida,08/03/1961
77379838565,Pedro Santos,04/11/1969
53587939034,Ana Oliveira,15/09/1956
98456534013,Gabriel Rodrigues,26/12/1962
80162478833,Pedro Santos,25/09/1982
38307435069,Pedro Santos,11/07/2000
06471782508,Beatriz Lima,13/12/1967
93690383549,Julia Costa,01/05/1982
85328180305,Gabriel Rodrigues,22/02/1990
41203063388,Gabriel Rodrigues,04/05/1981
97856219184,Rafael Ferreira,02/10/2003
65078738884,Rafael Ferreira,10/06/1955
17542984856,Gabriel Rodrigues,12/08/1981
24916108392,Mariana Almeida,31/08/1971
84221333882,Gabriel Rodrigues,14/04/1982
15537592386,Mariana Almeida,19/02/1970
56175501341,Rafael Ferreira,24/07/1962
27739850454,Maria Souza,23/02/1970
75494452794,Gabriel Rodrigues,25/11/1950
88610262334,Pedro Santos,15/08/1951
57515884265,Julia Costa,30/06/1985
05692417261,Gabriel Rodrigues,19/08/1965
59106153255,Joao Silva,28/12/1999
49097738254,Pedro Santos,01/10/2005
76126491147,Beatriz Lima,27/10/1955
38003088077,Beatriz Lima,27/04/1964
91360546859,Julia Costa,14/12/1966
97501124241,Joao Silva,15/08/1990
84961589183,Rafael Ferreira,27/07/1955
54509565019,Mariana Almeida,24/01/1982
53419913183,Beatriz Lima,08/06/2004
20764313700,Mariana Almeida,09/08/2000
63250686535,Mariana Almeida,20/08/1953
07430843674,Lucas Pereira,31/07/1985
66171054040,Mariana Almeida,04/11/1966
83205221307,Ana Oliveira,26/11/1958
96064747982,Gabriel Rodrigues,13/06/1950
85071305995,Mariana Almeida,13/10/1986
25358226014,Pedro Santos,24/01/1973
84925755446,Lucas Pereira,17/09/1960
95986090687,Beatriz Lima,27/02/2002
18090208563,Mariana Almeida,05/01/1985
98793434290,Mariana Almeida,26/10/1972
21162861600,Beatriz Lima,02/11/1953
32284612317,Joao Silva,17/04/1994
20408096718,Ana Oliveira,12/04/1969
41090247170,Joao Silva,02/06/1975
22164262907,Ana Oliveira,06/03/1973
23306218837,Beatriz Lima,15/07/1978
66735625112,Rafael Ferreira,08/11/1959
01965777210,Lucas Pereira,17/04/1963
88781349393,Maria Souza,25/06/1963
59595950572,Julia Costa,01/02/1974
68875723520,Rafael Ferreira,15/02/1965
61928655977,Lucas Pereira,30/10/1951
19414957301,Rafael Ferreira,19/02/1978
67954383010,Julia Costa,30/10/1995
96372252720,Gabriel Rodrigues,01/11/1976
44139986169,Gabriel Rodrigues,08/03/2000
35350138228,Mariana Almeida,26/09/1964
03606509908,Lucas Pereira,16/07/1967
54205524411,Beatriz Lima,01/06/1958
70375504142,Beatriz Lima,22/06/2001
32134032959,Ana Oliveira,05/08/1977
05403766528,Maria Souza,22/07/1973
90803402933,Gabriel Rodrigues,30/12/1995
06826278241,Gabriel Rodrigues,29/04/1995
31467684684,Rafael Ferreira,22/04/1992
72761288791,Ana Oliveira,01/04/1952
42900696782,Maria Souza,08/03/1987
99436833660,Pedro Santos,11/09/1965
36023131056,Beatriz Lima,19/07/1959
92811063737,Pedro Santos,13/12/1961
91545967754,Gabriel Rodrigues,18/07/1960
64771023782,Pedro Santos,23/06/1986
29293607397,Maria Souza,15/02/1980
73909669373,Lucas Pereira,26/11/1951
13384474898,Mariana Almeida,13/09/1982
03712370673,Joao Silva,19/08/1995
08053076097,Joao Silva,18/05/1979
56752137774,Gabriel Rodrigues,26/03/1975
73841431275,Rafael Ferreira,22/02/1984
38736789940,Julia Costa,12/03/1981
45899626017,Ana Oliveira,12/06/1952
81789461219,Joao Silva,24/05/2004
29466896714,Maria Souza,13/04/1998
03937374336,Pedro Santos,20/06/2002
68643216778,Mariana Almeida,28/02/1976
67330804820,Maria Souza,01/08/1988
81917108706,Joao Silva,28/01/1977
30246028991,Gabriel Rodrigues,28/03/1972
65129190975,Julia Costa,20/04/1981
54903506378,Lucas Pereira,12/02/1963
31168621403,Pedro Santos,20/09/1991
19795422890,Pedro Santos,25/09/1952
87268467608,Julia Costa,16/12/1956
46029444817,Joao Silva,29/06/1951
52019403594,Julia Costa,13/09/1985
51334613423,Beatriz Lima,15/07/2004
83725783674,Gabriel Rodrigues,13/10/1976
07800534859,Ana Oliveira,28/06/1999
86708995194,Beatriz Lima,19/06/1992
42556303575,Julia Costa,09/06/1979
39057213997,Rafael Ferreira,13/11/1972
90181372116,Joao Silva,13/05/1957
24394441358,Ana Oliveira,15/11/1960
42622437593,Joao Silva,13/12/1956
74429012136,Ana Oliveira,22/05/1971
34412360506,Ana Oliveira,15/06/1982
59577298172,Beatriz Lima,16/03/1966
52457065103,Gabriel Rodrigues,24/04/1980
12566552035,Joao Silva,18/07/1962
82020811121,Ana Oliveira,12/06/1962
49976524051,Gabriel Rodrigues,26/06/1997
43050728382,Mariana Almeida,25/10/1984
14665409262,Julia Costa,02/02/1984
16060567101,Maria Souza,21/06/1995
11607384089,Joao Silva,26/12/1968
29724683634,Joao Silva,13/03/1953
19236087367,Julia Costa,29/01/1994
96450883511,Mariana Almeida,17/04/1958
43117537106,Mariana Almeida,10/02/1983
39431332781,Beatriz Lima,23/12/1988
78874131213,Julia Costa,28/02/1983
90371240588,Ana Oliveira,02/07/1956
71757833767,Maria Souza,24/05/1997
19983540069,Gabriel Rodrigues,02/12/1994
38619868452,Julia Costa,29/04/1980
34075604190,Ana Oliveira,12/10/1985
86152467209,Julia Costa,21/10/1974
78422722985,Gabriel Rodrigues,01/02/1962
36535557272,Pedro Santos,26/04/1984
89599701290,Maria Souza,02/09/1987
49994819303,Beatriz Lima,10/02/1982
14448694189,Maria Souza,25/08/1997
16680929869,Maria Souza,12/07/1975
61435033221,Joao Silva,30/10/2003
55168651947,Rafael Ferreira,15/11/1977
83616488293,Mariana Almeida,18/12/1954
91016359773,Gabriel Rodrigues,29/06/1970
79324755782,Lucas Pereira,20/12/1951
01400830175,Maria Souza,08/02/1982
43420112451,Pedro Santos,11/09/1952
13391824823,Beatriz Lima,29/03/1977
22910749243,Julia Costa,09/06/1987
53475671172,Mariana Almeida,16/10/1970
35638969806,Beatriz Lima,28/04/1988
19956814906,Julia Costa,29/10/1980
28240418668,Lucas Pereira,23/02/1976
08188289154,Julia Costa,10/12/1979
26877567713,Pedro Santos,02/12/1991
03890280690,Rafael Ferreira,11/07/2004
03858291413,Gabriel Rodrigues,26/11/1981
87312862975,Maria Souza,05/02/1983
90017410522,Joao Silva,07/11/2002
45293230085,Maria Souza,08/10/2001
60404357001,Lucas Pereira,09/06/1981
42776063061,Rafael Ferreira,25/12/1971
37852775992,Lucas Pereira,13/04/1997
10773505989,Rafael Ferreira,14/07/1962
11623633438,Rafael Ferreira,24/12/1959
53177958025,Beatriz Lima,22/01/1972
56513087362,Gabriel Rodrigues,20/06/1954
83960730037,Gabriel Rodrigues,27/10/1993
95105255369,Pedro Santos,06/07/1985
41499189854,Julia Costa,23/05/2003
29837862654,Mariana Almeida,03/05/1966
37979520569,Beatriz Lima,07/11/1966
03324559391,Joao Silva,21/08/2005
37368587651,Mariana Almeida,08/02/1989
72922909696,Pedro Santos,30/01/1971
86381151055,Gabriel Rodrigues,11/12/1965
56370541675,Gabriel Rodrigues,30/04/1959
56982056712,Joao Silva,27/08/1951
74278013416,Pedro Santos,05/02/1988
32639050301,Ana Oliveira,27/03/1982
23304166994,Gabriel Rodrigues,27/06/1962
27989876618,Maria Souza,19/02/1961
54115621055,Gabriel Rodrigues,19/01/2004
89968595877,Lucas Pereira,02/04/1978
27981588681,Julia Costa,19/05/1977
03089310225,Maria Souza,13/06/1988
86752501981,Pedro Santos,11/08/1959
28689374356,Ana Oliveira,22/01/1974
46061711252,Ana Oliveira,10/02/1953
48827689164,Maria Souza,18/01/1956
43751894676,Mariana Almeida,14/04/1991
95759221941,Mariana Almeida,10/01/1983
33764662610,Joao Silva,08/10/1968
23090827171,Mariana Almeida,25/03/2001
56426027675,Beatriz Lima,13/01/1962
15588602876,Pedro Santos,01/12/1961
02560777029,Pedro Santos,22/10/2000
12622125801,Julia Costa,12/09/1961
00300714867,Joao Silva,13/11/1951
13430339173,Maria Souza,26/04/1954
07321436563,Rafael Ferreira,04/03/1987
15089008152,Pedro Santos,30/11/1989
84691659461,Pedro Santos,24/02/1951
85608099677,Ana Oliveira,06/11/1966
93973436224,Beatriz Lima,16/09/1991
80170906686,Pedro Santos,04/07/1995
28329697953,Gabriel Rodrigues,22/07/1972
45780240653,Ana Oliveira,22/07/1972
04503063161,Rafael Ferreira,18/02/1988
43735894257,Beatriz Lima,01/02/1987
15491329398,Gabriel Rodrigues,01/09/1967
24176034066,Maria Souza,16/11/1970
96239705548,Beatriz Lima,27/02/1963
73740170816,Lucas Pereira,08/05/1953
66129818082,Julia Costa,24/04/1952
62999886969,Julia Costa,18/09/1989
06613431517,Beatriz Lima,01/11/1954
25688244083,Mariana Almeida,18/03/1956
17979961573,Maria Souza,04/11/1963
03060126739,Lucas Pereira,13/10/1971
49617893098,Maria Souza,26/09/1998
65849241671,Beatriz Lima,28/02/1971
76282033557,Maria Souza,22/06/1956
00871509812,Julia Costa,22/12/1965
48521738679,Maria Souza,07/12/1969
49345532618,Joao Silva,16/12/1999
96287314840,Gabriel Rodrigues,22/06/1983
05324537224,Mariana Almeida,15/03/1975
44178886009,Beatriz Lima,25/08/1958
96152013194,Beatriz Lima,11/10/2003
65204894812,Ana Oliveira,18/05/1990
22133465488,Maria Souza,03/12/1976
06152534514,Mariana Almeida,07/04/1983
98553219325,Mariana Almeida,17/06/1979
73622064118,Rafael Ferreira,14/04/1992
25080791646,Mariana Almeida,25/08/1994
01600294685,Mariana Almeida,16/02/1998
27935565455,Julia Costa,27/05/1952
30608873415,Pedro Santos,19/05/1956
79073748266,Joao Silva,18/03/1980
11426776164,Rafael Ferreira,11/11/1984
79300592622,Pedro Santos,23/05/1961
57731783345,Maria Souza,12/01/1965
41697275609,Pedro Santos,04/01/2003
29506060881,Julia Costa,21/04/1951
12970619483,Pedro Santos,23/08/1984
26134789740,Mariana Almeida,23/06/1976
38156127915,Ana Oliveira,12/02/1974
16460060242,Maria Souza,22/12/2001
12886528676,Mariana Almeida,17/12/1991
42415141264,Pedro Santos,19/01/1962
30471456016,Joao Silva,23/10/1962
72390891191,Maria Souza,18/05/1977
97929461189,Maria Souza,14/04/1986
59610694704,Lucas Pereira,30/04/2004
68554992731,Mariana Almeida,15/03/1979
56112060848,Julia Costa,09/02/1968
79061115299,Lucas Pereira,04/06/1973
09624662928,Rafael Ferreira,20/11/1966
85725855752,Maria Souza,25/04/1985
89348508636,Mariana Almeida,05/12/1978
29274085405,Julia Costa,31/10/1960
01479359565,Mariana Almeida,22/11/1961
79403038307,Mariana Almeida,13/08/1981
47401349142,Maria Souza,03/06/1967
21610266610,Ana Oliveira,02/12/1972
43564336273,Lucas Pereira,28/04/1996
70479001903,Maria Souza,20/02/1997
99682325978,Ana Oliveira,16/08/1996
05565973105,Maria Souza,03/04/1951
20058100623,Ana Oliveira,03/04/1979
26043743778,Pedro Santos,05/04/1985
40518718500,Gabriel Rodrigues,07/10/1958
31829079933,Beatriz Lima,06/10/1989
31618767977,Joao Silva,25/11/1975
39525526068,Mariana Almeida,11/07/1980
61665360110,Joao Silva,29/06/1962
89245466659,Rafael Ferreira,25/04/1954
23595718411,Pedro Santos,19/05/1979
28400813948,Lucas Pereira,14/01/1962
33117902971,Joao Silva,13/11/1961
14959434091,Ana Oliveira,16/11/1980
90779771395,Julia Costa,30/11/1996
00727262571,Gabriel Rodrigues,15/02/1970
23721521931,Mariana Almeida,27/01/1957
91952133021,Maria Souza,05/04/1977
59871493043,Pedro Santos,10/12/1956
65148891548,Pedro Santos,04/05/1953
45963719959,Beatriz Lima,08/08/1978
84782090816,Gabriel Rodrigues,05/08/1956
86037518046,Gabriel Rodrigues,14/11/1955
33807674661,Julia Costa,02/11/1990
91245627081,Rafael Ferreira,06/12/1981
15367733012,Mariana Almeida,01/11/2003
95730309632,Julia Costa,04/07/1960
14689110077,Gabriel Rodrigues,23/12/1963
07816418417,Julia Costa,01/03/1965
13659360416,Rafael Ferreira,10/10/1967
38342221434,Joao Silva,21/08/1993
98095192808,Julia Costa,17/07/1996
95630761035,Lucas Pereira,19/03/1992
95728189432,Pedro Santos,02/06/1969
38227577801,Pedro Santos,28/11/1981
91736964781,Mariana Almeida,02/09/2005
05933947348,Mariana Almeida,14/11/1973
01489555372,Rafael Ferreira,30/11/1958
78735144576,Pedro Santos,19/04/1951
45299361952,Pedro Santos,08/12/1957
82116030495,Lucas Pereira,14/06/1955
58832385761,Rafael Ferreira,24/01/1977
79004233237,Pedro Santos,10/12/1989
23464455834,Lucas Pereira,13/06/1954
05840219435,Rafael Ferreira,29/10/1952
55430894409,Gabriel Rodrigues,14/09/1950
60611738283,Maria Souza,11/01/1975
76581957498,Pedro Santos,30/08/1998
55567978628,Ana Oliveira,31/12/1964
20604898846,Rafael Ferreira,05/05/1954
63833194401,Mariana Almeida,29/05/1976
24058963958,Maria Souza,11/04/1998
21482759725,Pedro Santos,05/11/1963
99446256971,Beatriz Lima,23/02/2005
34032504045,Maria Souza,11/08/1978
51922660586,Rafael Ferreira,18/05/1980
84408140439,Joao Silva,19/04/1975
82355660096,Joao Silva,25/06/1975
29216227227,Rafael Ferreira,10/07/1969
63761415078,Ana Oliveira,16/06/1957
37162999836,Mariana Almeida,13/07/1950
07694105183,Beatriz Lima,08/05/1951
29769264996,Pedro Santos,27/05/1997
65586019433,Lucas Pereira,22/01/1987
76693245054,Ana Oliveira,28/02/1978
71569172212,Joao Silva,29/08/2000
44796817496,Maria Souza,13/09/1960
44236532273,Pedro Santos,19/09/1993
64658499622,Pedro Santos,15/07/1977
87339373854,Beatriz Lima,13/02/1956
64063809698,Rafael Ferreira,05/07/1975
47401017251,Mariana Almeida,01/07/1951
62824364007,Maria Souza,27/09/1983
77316746711,Rafael Ferreira,08/01/1982
87089739136,Joao Silva,29/01/2001
41765934244,Beatriz Lima,28/09/1992
48205312114,Rafael Ferreira,18/10/1989
83243645620,Julia Costa,25/03/1952
91179687382,Julia Costa,18/04/1963
95048404164,Rafael Ferreira,08/08/1986
31812124347,Maria Souza,19/09/1993
25784038912,Maria Souza,02/12/1967
50302681492,Julia Costa,05/10/1959
91668744505,Beatriz Lima,20/12/1963
94174438551,Beatriz Lima,27/05/1953
84586136719,Ana Oliveira,13/11/1979
75980543792,Beatriz Lima,20/08/1961
01859320546,Lucas Pereira,04/01/1977
85796877085,Joao Silva,21/06/2001
36376679069,Mariana Almeida,19/04/1964
43867591532,Mariana Almeida,21/08/2004
57888522464,Gabriel Rodrigues,14/02/1968
30667194306,Maria Souza,12/12/1956
96533817429,Gabriel Rodrigues,16/08/1959
40898590262,Lucas Pereira,20/03/1965
13616581594,Mariana Almeida,22/06/1962
26609317762,Ana Oliveira,23/03/1959
54034542448,Gabriel Rodrigues,23/05/1990
37380576077,Rafael Ferreira,19/02/1976
14069741112,Joao Silva,16/12/1984
30492514930,Joao Silva,10/02/1984
44878681829,Pedro Santos,14/05/1984
34316226971,Lucas Pereira,02/05/1986
29309907085,Mariana Almeida,14/03/1953
99141014047,Gabriel Rodrigues,26/01/1972
26628271856,Lucas Pereira,01/02/1964
44472680367,Ana Oliveira,28/06/1992
37135894415,Joao Silva,03/12/1959
19133777946,Julia Costa,18/05/1969
43642660862,Maria Souza,08/11/1986
58808961447,Julia Costa,14/05/1960
83832780514,Lucas Pereira,12/02/1959
14178159541,Pedro Santos,15/02/1976
24952027400,Julia Costa,24/06/1993
41004195987,Mariana Almeida,02/05/2005
86594250316,Beatriz Lima,12/01/1983
08671495828,Ana Oliveira,09/06/1978
01188835205,Ana Oliveira,30/10/1971
77374882028,Joao Silva,07/05/1999
74795619163,Maria Souza,24/09/1985
34832912549,Pedro Santos,15/09/1967
64344454700,Gabriel Rodrigues,16/05/1991
28370826439,Pedro Santos,07/01/1983
68641798019,Julia Costa,12/12/1959
60609200070,Julia Costa,09/04/1968
02295801152,Maria Souza,20/03/1984
01787807598,Ana Oliveira,02/08/1999
42599087345,Pedro Santos,07/11/2005
20388358991,Mariana Almeida,30/11/1951
26377407314,Lucas Pereira,06/11/1983
01447416292,Maria Souza,07/02/2003
27645734320,Rafael Ferreira,11/09/1996
18200275410,Gabriel Rodrigues,02/09/1953
43855800438,Gabriel Rodrigues,21/03/1978
26012002086,Lucas Pereira,27/12/1981
99104691109,Mariana Almeida,26/04/1974
09239715235,Maria Souza,29/12/1976
43741360074,Mariana Almeida,20/05/1954
02854588078,Gabriel Rodrigues,24/07/1953
95425378110,Joao Silva,01/08/1979
72829265240,Pedro Santos,30/01/1997
48281738067,Maria Souza,26/08/1976
64646874295,Beatriz Lima,05/02/1953
10752674604,Pedro Santos,29/11/1998
41652907416,Pedro Santos,26/06/1959
73222662748,Beatriz Lima,28/07/1998
57786644751,Maria Souza,28/10/1971
92761389395,Maria Souza,16/03/1952
13197780761,Beatriz Lima,23/07/1970
60881417583,Julia Costa,01/12/1977
91400096314,Julia Costa,27/10/1981
34922700856,Rafael Ferreira,16/02/1973
61564900059,Julia Costa,02/04/1958
91378469248,Rafael Ferreira,24/06/1968
47131262108,Lucas Pereira,07/12/1953
14814360847,Maria Souza,03/10/1982
05457153694,Lucas Pereira,02/11/1956
63545078174,Joao Silva,14/06/1980
58134701794,Beatriz Lima,15/06/1968
06579187872,Mariana Almeida,17/07/1992
36231653352,Beatriz Lima,12/08/1979
39957118070,Joao Silva,09/01/1973
45220255801,Mariana Almeida,17/11/1964
19473554480,Joao Silva,05/02/1977
65696570065,Beatriz Lima,20/03/1997
91014220616,Mariana Almeida,22/07/1983
75689807049,Lucas Pereira,02/10/1960
67415515770,Maria Souza,31/03/1990
09751939935,Ana Oliveira,26/07/1961
34954165679,Joao Silva,30/03/1979
08649671632,Rafael Ferreira,12/09/1996
68646686973,Beatriz Lima,15/12/1965
71281273249,Mariana Almeida,10/07/1978
71460618803,Pedro Santos,09/09/1953
45904772893,Lucas Pereira,20/01/1998
71007806653,Mariana Almeida,29/10/1988
99624082940,Ana Oliveira,28/10/1971
55418803160,Joao Silva,06/09/1971
68534310250,Beatriz Lima,29/12/1976
76451295717,Pedro Santos,19/04/2003
07292067321,Julia Costa,13/10/1950
70197283560,Maria Souza,25/11/1974
88071139458,Julia Costa,21/06/1991
22590439467,Maria Souza,25/08/1971
54951865857,Beatriz Lima,06/11/1979
70570281834,Beatriz Lima,04/09/1999
14801818088,Rafael Ferreira,18/04/1961
81518173847,Maria Souza,03/02/2002
00386803341,Joao Silva,12/10/1994
68929219003,Joao Silva,12/01/1954
74911823916,Lucas Pereira,03/06/1961
16608987273,Gabriel Rodrigues,18/02/1966
95581657484,Ana Oliveira,18/01/1961
44593292217,Julia Costa,12/08/1979
73244226429,Gabriel Rodrigues,23/01/1961
28131856169,Pedro Santos,03/11/2001
85169464432,Beatriz Lima,19/09/1964
19677936192,Julia Costa,21/10/1994
13202480830,Joao Silva,09/09/1961
47627520590,Julia Costa,13/07/2004
29546765117,Beatriz Lima,20/11/1959
56851468122,Pedro Santos,26/01/2002
26772826935,Mariana Almeida,13/07/1995
46189521883,Mariana Almeida,30/04/1970
35024607637,Lucas Pereira,06/12/2005
21021607969,Lucas Pereira,30/12/1962
28242041444,Gabriel Rodrigues,28/04/1967
87043617813,Rafael Ferreira,26/10/1974
72066524301,Maria Souza,02/07/1962
38332645415,Mariana Almeida,22/05/1999
17807656241,Mariana Almeida,05/07/1953
50456825349,Mariana Almeida,12/09/1999
85080925258,Maria Souza,19/06/1978
83106837875,Maria Souza,22/03/1974
31140599235,Maria Souza,02/09/1990
83270913161,Beatriz Lima,07/07/1970
60028338131,Rafael Ferreira,13/01/1951
53288768942,Maria Souza,30/01/2001
78821965427,Maria Souza,13/03/1992
90091622074,Joao Silva,03/04/1962
51917690304,Beatriz Lima,17/07/1957
45633915553,Lucas Pereira,26/07/1967
60381526359,Mariana Almeida,21/10/1963
77481548662,Joao Silva,29/06/1989
94147530057,Lucas Pereira,17/09/1992
78404780939,Julia Costa,09/10/1953
36597129297,Julia Costa,19/10/1999
54775094850,Beatriz Lima,01/09/1962
05958853327,Gabriel Rodrigues,22/03/1982
63438551399,Mariana Almeida,07/09/1992
97033468069,Beatriz Lima,09/12/1979
24353063331,Beatriz Lima,21/03/1962
88511831263,Julia Costa,27/04/1989
80492113198,Lucas Pereira,08/09/1960
92075496676,Beatriz Lima,09/09/1982
49676280209,Maria Souza,14/09/1970
42953920104,Rafael Ferreira,08/06/1969
02523853598,Rafael Ferreira,11/03/1992
87004015329,Ana Oliveira,24/08/1963
58353327093,Gabriel Rodrigues,05/08/1986
21265755926,Julia Costa,01/07/1983
75221497947,Beatriz Lima,11/11/1973
14877786589,Maria Souza,07/08/1952
05871060031,Lucas Pereira,19/10/1968
85597118284,Lucas Pereira,03/01/1995
90384416488,Maria Souza,09/10/2000
68233393740,Lucas Pereira,04/02/1956
92803645154,Gabriel Rodrigues,28/02/1950
43881580089,Lucas Pereira,03/01/1959
68464747606,Lucas Pereira,21/12/1961
38149379064,Beatriz Lima,28/09/1986
55291837957,Julia Costa,29/06/2002
00070992149,Ana Oliveira,27/12/1959
24896601566,Julia Costa,19/02/1988
54987013751,Gabriel Rodrigues,02/10/1988
83850610097,Gabriel Rodrigues,31/01/1976
37169028747,Joao Silva,29/02/1976
18486583582,Mariana Almeida,05/10/1971
08750571289,Maria Souza,25/12/1952
48029800608,Pedro Santos,25/01/1987
52813768967,Mariana Almeida,10/09/1958
27590733651,Ana Oliveira,27/03/1978
24121497548,Rafael Ferreira,22/11/1971
23754395844,Maria Souza,31/05/1969
57729754365,Maria Souza,14/03/1986
95927237185,Gabriel Rodrigues,26/05/1973
40927550173,Lucas Pereira,25/03/1954
46644422743,Lucas Pereira,13/06/1968
46836565899,Beatriz Lima,13/05/1997
92004183314,Beatriz Lima,10/08/1951
57698957185,Beatriz Lima,17/09/1954
45232068393,Julia Costa,27/02/1990
96926817481,Pedro Santos,27/02/1951
68997965101,Ana Oliveira,10/01/1965
48906142010,Beatriz Lima,24/11/1984
18861271071,Maria Souza,17/01/1981
44105761853,Gabriel Rodrigues,02/07/1954
27471304875,Maria Souza,10/08/1959
88019287615,Ana Oliveira,27/12/1981
41382642123,Rafael Ferreira,30/11/1963
21104649418,Mariana Almeida,07/05/1956
81700620596,Joao Silva,11/06/1997
58160617324,Rafael Ferreira,23/05/1960
39462726669,Mariana Almeida,31/05/2005
63104411996,Rafael Ferreira,05/12/1968
29728400975,Pedro Santos,22/11/1984
20217342425,Julia Costa,31/07/1963
10680383005,Beatriz Lima,08/12/1970
71539778631,Ana Oliveira,20/09/1967
57834379572,Lucas Pereira,30/04/1973
45046232725,Ana Oliveira,13/11/1951
62519759896,Mariana Almeida,15/09/1959
64359601165,Maria Souza,09/02/2005
59019615114,Ana Oliveira,01/02/1959
02600831066,Rafael Ferreira,06/03/1970
99583680444,Joao Silva,22/02/1984
66708060905,Julia Costa,15/02/1992
10864242771,Beatriz Lima,23/09/1971
75632041326,Pedro Santos,09/05/1958
65760390362,Ana Oliveira,30/06/2001
00583916971,Maria Souza,17/10/1993
58461571254,Rafael Ferreira,05/06/2001
89527070809,Joao Silva,23/10/1998
31285760497,Pedro Santos,31/03/1950
91450706703,Ana Oliveira,30/08/1988
84538235535,Rafael Ferreira,27/05/2004
58925306326,Pedro Santos,02/05/1986
98699478007,Ana Oliveira,04/03/1990
37491380475,Julia Costa,25/05/1995
89897108561,Gabriel Rodrigues,13/09/1996
88330105388,Joao Silva,30/03/2003
91600426591,Gabriel Rodrigues,17/04/1969
46002351020,Pedro Santos,26/10/1963
64342017730,Lucas Pereira,25/01/1991
99847388451,Ana Oliveira,17/07/1952
24358280861,Julia Costa,07/01/1965
46398986311,Lucas Pereira,13/07/1996
44020759936,Julia Costa,20/12/1958
06941406934,Mariana Almeida,23/12/1976
35768640514,Rafael Ferreira,02/05/1950
42630543296,Mariana Almeida,07/04/2001
31886217167,Maria Souza,01/10/1990
47109878810,Pedro Santos,06/01/1998
56935533811,Julia Costa,22/03/1965
36790230113,Joao Silva,10/06/2002
56932406390,Maria Souza,21/02/1983
62081016901,Joao Silva,19/03/1986
00640648812,Mariana Almeida,17/06/1997
84207505200,Lucas Pereira,08/04/1996
61267612062,Joao Silva,31/07/1966
02365820164,Gabriel Rodrigues,06/04/1984
45724757165,Pedro Santos,09/09/1956
55260389826,Lucas Pereira,05/03/1968
78958259258,Lucas Pereira,16/10/2003
52515716752,Mariana Almeida,22/07/1959
46037846569,Mariana Almeida,03/11/1987
63745276269,Julia Costa,03/06/1985
93268168760,Joao Silva,05/02/1954
98484334627,Pedro Santos,01/10/1985
22786415086,Lucas Pereira,29/01/1980
88090975243,Pedro Santos,10/01/1985
72544618306,Joao Silva,29/01/1983
46723155599,Julia Costa,17/05/1984
42239258650,Julia Costa,21/01/1987
08802415345,Rafael Ferreira,17/08/1961
07442212678,Beatriz Lima,23/01/1987
77500649575,Mariana Almeida,06/09/1954
66700648047,Beatriz Lima,27/06/1977
11025729211,Lucas Pereira,14/09/1962
06493450463,Rafael Ferreira,16/01/1986
48409874838,Ana Oliveira,08/03/1985
22829759438,Lucas Pereira,07/08/1977
41103445785,Gabriel Rodrigues,17/05/1964
94211310543,Rafael Ferreira,10/01/1967
25451778932,Maria Souza,04/09/1959
29293693608,Maria Souza,03/05/1952
27376676333,Gabriel Rodrigues,06/07/1984
01522109059,Julia Costa,04/11/1967
84232074554,Rafael Ferreira,13/05/1980
61752085116,Ana Oliveira,27/09/1974
01446354099,Ana Oliveira,18/09/1953
09847691468,Lucas Pereira,29/06/2004
95632831455,Ana Oliveira,23/06/1956
05925283805,Julia Costa,21/08/1965
16406250577,Mariana Almeida,21/02/1978
22706978629,Beatriz Lima,09/08/1959
81733577589,Joao Silva,05/09/1991
77364470108,Beatriz Lima,05/04/1998
47844119083,Joao Silva,16/03/1957
65414939235,Julia Costa,12/09/1960
81793306696,Pedro Santos,16/10/1950
74850659865,Gabriel Rodrigues,07/04/1957
84141399302,Joao Silva,24/04/1956
45791571883,Lucas Pereira,24/10/1953
74719717750,Joao Silva,08/02/1994
60656649068,Pedro Santos,01/10/1954
95070187806,Mariana Almeida,03/05/1960
72102444224,Mariana Almeida,16/07/1998
38304421422,Beatriz Lima,05/01/1993
34844527022,Gabriel Rodrigues,01/05/1974
20213568168,Joao Silva,10/08/1986
70089660458,Pedro Santos,11/09/1956
64220158518,Gabriel Rodrigues,31/10/1998
41241330220,Gabriel Rodrigues,08/09/1970
85473715783,Julia Costa,21/11/1964
86825287166,Pedro Santos,29/04/1978
84855061591,Joao Silva,10/07/1999
04073210705,Pedro Santos,13/05/1983
06644882671,Mariana Almeida,06/02/1960
80550425706,Joao Silva,18/08/1958
65368017192,Maria Souza,05/03/1981
48458953655,Pedro Santos,08/08/1977
91664328425,Beatriz Lima,07/06/1956
94548374811,Gabriel Rodrigues,08/07/1973
95919539297,Lucas Pereira,28/04/1962
87385350498,Julia Costa,24/10/1955
55916592033,Ana Oliveira,15/01/1975
91252156631,Joao Silva,23/01/1953
99640073665,Rafael Ferreira,02/02/1959
01085661929,Julia Costa,15/10/1957
47960005378,Ana Oliveira,03/08/1967
14565037551,Ana Oliveira,16/03/1971
71666463148,Pedro Santos,17/08/1956
24271251711,Joao Silva,29/07/1984
72522133535,Joao Silva,31/12/1971
92686278073,Julia Costa,06/08/2003
74999142976,Mariana Almeida,15/11/1991
95558175863,Rafael Ferreira,23/11/1991
42428469769,Gabriel Rodrigues,16/08/1984
34964492188,Gabriel Rodrigues,30/10/1987
22223860719,Maria Souza,13/10/1999
43404869073,Maria Souza,31/03/1995
33155242786,Ana Oliveira,10/08/1953
16405679195,Gabriel Rodrigues,14/10/1963
49087730996,Julia Costa,27/03/1959
64910577975,Pedro Santos,11/03/1969
02991594671,Mariana Almeida,09/10/1969
38378833785,Pedro Santos,15/04/1973
54432786675,Rafael Ferreira,08/02/1961
02314678135,Mariana Almeida,08/02/1991
12000523315,Julia Costa,03/10/1988
07556066858,Mariana Almeida,29/07/1987
95517300520,Joao Silva,20/04/1964
77044302736,Mariana Almeida,05/02/1999
40487706674,Julia Costa,02/01/1957
98746760676,Rafael Ferreira,10/08/2004
81973408829,Mariana Almeida,24/10/1999
76417867553,Pedro Santos,23/05/1952
11807499559,Gabriel Rodrigues,08/12/1986
26640118109,Ana Oliveira,25/04/2000
82881471443,Beatriz Lima,26/01/1963
88929474280,Ana Oliveira,27/12/1981
92573409702,Beatriz Lima,24/12/1973
19023848631,Lucas Pereira,09/04/1951
97365040877,Pedro Santos,24/08/1974
06275166326,Rafael Ferreira,20/01/1975
20756783568,Lucas Pereira,05/05/1962
63182583960,Mariana Almeida,21/07/1988
66631288705,Rafael Ferreira,12/03/1972
32565790487,Lucas Pereira,03/07/1989
00682936939,Gabriel Rodrigues,28/04/1952
33676508124,Mariana Almeida,23/12/2002
42690546625,Ana Oliveira,24/11/1962
77551827578,Beatriz Lima,04/09/1958
94139834943,Joao Silva,29/09/1985
69823788640,Joao Silva,06/10/1976
29061469955,Gabriel Rodrigues,21/11/1960
39591993633,Lucas Pereira,11/07/1983
17696459193,Julia Costa,13/10/1988
79642888970,Beatriz Lima,08/07/1961
60055252141,Pedro Santos,22/03/1959
37652307795,Julia Costa,18/06/1987
68511793064,Julia Costa,09/11/1979
09935825930,Ana Oliveira,14/05/1965
13121020183,Lucas Pereira,13/08/1953
72823723532,Julia Costa,29/03/1976
79948325726,Julia Costa,05/09/1964
89538096572,Lucas Pereira,12/04/1973
00103877683,Gabriel Rodrigues,10/10/1966
36936502364,Ana Oliveira,04/01/1959
51152890259,Lucas Pereira,17/09/1982
88428488234,Pedro Santos,27/04/1980
48055099302,Joao Silva,18/07/1979
72442201766,Rafael Ferreira,07/10/1954
23498413645,Mariana Almeida,10/03/1981
99980890982,Gabriel Rodrigues,22/11/1978
26850494819,Beatriz Lima,29/06/1968
67893916476,Pedro Santos,11/11/1951
47656839269,Julia Costa,04/04/1958
69930406252,Maria Souza,08/10/1961
42017315826,Mariana Almeida,27/09/1973
84845170905,Ana Oliveira,24/09/1974
99774121174,Lucas Pereira,09/10/1966
44036144325,Mariana Almeida,18/09/1977
50807687903,Maria Souza,17/08/2001
47030289963,Maria Souza,20/09/1982
14192574747,Lucas Pereira,19/08/1964
54201833295,Gabriel Rodrigues,13/08/1976
53249892971,Rafael Ferreira,18/10/1980
04058280702,Pedro Santos,17/06/1979
35970545038,Beatriz Lima,27/02/1993
42545280726,Pedro Santos,04/10/2000
16268565697,Beatriz Lima,24/03/1960
12153515682,Rafael Ferreira,11/09/1975
22148794721,Mariana Almeida,29/06/1972
71372943010,Gabriel Rodrigues,08/07/1968
27078288056,Beatriz Lima,06/02/1978
69271209929,Rafael Ferreira,10/07/1987
10317775785,Gabriel Rodrigues,03/05/1974
05153678651,Julia Costa,23/07/1986
35799653258,Joao Silva,15/02/1977
72507208549,Lucas Pereira,12/05/1973
15049108706,Beatriz Lima,08/11/1959
28519709567,Lucas Pereira,24/01/1966
11653554912,Joao Silva,25/08/1999
74807345372,Julia Costa,21/12/1988
06959666697,Mariana Almeida,15/03/1963
25636974187,Julia Costa,19/12/1970
18096746326,Mariana Almeida,26/07/1963
17257384164,Joao Silva,03/08/1998
10701504095,Julia Costa,14/02/1997
41715370602,Joao Silva,23/10/1981
90329666243,Maria Souza,15/07/2001
52458037905,Beatriz Lima,11/11/1999
50265757150,Ana Oliveira,11/03/1976
01055095001,Julia Costa,10/04/2004
48697903901,Mariana Almeida,28/07/1964
78917319725,Julia Costa,07/08/1973
77625054142,Beatriz Lima,06/07/1997
21028677712,Maria Souza,17/05/2003
98681299082,Joao Silva,22/09/1977
70140359928,Rafael Ferreira,15/10/2000
47145499065,Maria Souza,04/05/1959
39695401015,Joao Silva,23/10/1990
80743329318,Pedro Santos,02/05/2001
39925557644,Gabriel Rodrigues,17/01/1983
31901111557,Rafael Ferreira,07/10/1971
14406927417,Lucas Pereira,06/08/1996
23581677389,Mariana Almeida,03/07/1965
86699436046,Maria Souza,28/02/1961
07088043693,Beatriz Lima,03/09/2001
21276582748,Lucas Pereira,21/11/1958
82149363976,Joao Silva,15/01/1988
34476017883,Rafael Ferreira,14/02/1976
76826186398,Gabriel Rodrigues,27/08/1991
41046096807,Mariana Almeida,30/08/1957
52074247897,Joao Silva,04/08/1964
80845517041,Lucas Pereira,23/07/1951
31794859090,Joao Silva,13/08/1981
89772206028,Beatriz Lima,16/04/1996
58243884733,Gabriel Rodrigues,23/09/1988
13850371815,Julia Costa,13/01/1976
60980158070,Julia Costa,13/05/1989
46221281619,Lucas Pereira,16/07/1971
24870662371,Mariana Almeida,12/12/1988
64976747054,Joao Silva,13/11/1973
87677850981,Julia Costa,07/11/1988
59497651478,Pedro Santos,22/07/1988
32092448219,Joao Silva,17/08/1988
56687433368,Joao Silva,10/06/1962
89701161010,Ana Oliveira,07/01/1964
28061649430,Julia Costa,06/04/2002
56039219597,Julia Costa,25/11/1955
28664310453,Maria Souza,20/11/1993
09631864408,Lucas Pereira,30/05/1985
55560371588,Ana Oliveira,24/01/1996
30842281706,Ana Oliveira,19/06/1956
85313438831,Beatriz Lima,26/12/1956
64047512961,Joao Silva,11/07/1985
99555569615,Lucas Pereira,30/07/1962
91853709795,Beatriz Lima,23/12/1952
14091994523,Maria Souza,01/03/1955
88300568016,Ana Oliveira,15/09/2004
39420762730,Gabriel Rodrigues,17/03/1968
53103973147,Pedro Santos,24/12/1985
52506404693,Maria Souza,05/09/1983
86752215250,Mariana Almeida,16/09/1998
02050653205,Maria Souza,07/04/1958
42804324191,Julia Costa,18/01/1995
12685421758,Maria Souza,11/05/1994
00128760031,Pedro Santos,02/08/1977
99412624538,Maria Souza,11/08/1977
82152863731,Maria Souza,08/05/2000
04984881809,Gabriel Rodrigues,24/03/1958
33001436018,Maria Souza,18/03/1958
30452205317,Gabriel Rodrigues,27/03/1992
96444574418,Ana Oliveira,03/07/1957
09037136751,Ana Oliveira,22/06/1974
88571634119,Pedro Santos,01/08/2005
73240705995,Julia Costa,08/03/1988
07880109343,Maria Souza,30/05/1952
21424085210,Lucas Pereira,01/09/1953
77148118967,Lucas Pereira,19/11/1952
17004714172,Pedro Santos,28/04/2001
62630280218,Maria Souza,08/12/1976
11484355827,Maria Souza,14/07/1993
96315223670,Maria Souza,09/04/1956
58830619309,Pedro Santos,16/12/1995
16145967168,Pedro Santos,05/09/1981
41941373121,Rafael Ferreira,14/06/1962
76086861010,Maria Souza,20/04/1977
88507349563,Joao Silva,24/08/1965
18577238796,Ana Oliveira,11/08/2004
29100975479,Rafael Ferreira,02/08/2000
10801885122,Lucas Pereira,23/04/2001
24347277623,Julia Costa,14/05/1951
10496528897,Joao Silva,01/08/2003
78914976878,Rafael Ferreira,16/06/1958
35916394065,Pedro Santos,23/02/1995
29254732809,Maria Souza,28/04/2004
79750551875,Rafael Ferreira,15/05/1996
09416574962,Ana Oliveira,18/07/1953
65948853661,Lucas Pereira,26/08/2000
12532626082,Julia Costa,11/05/1954
37042895285,Lucas Pereira,08/05/1993
65271216817,Gabriel Rodrigues,20/09/1957
78815526157,Beatriz Lima,17/05/1960
35194896229,Rafael Ferreira,09/06/1984
53273439974,Beatriz Lima,08/10/1967
20929179905,Joao Silva,12/12/1957
80508759104,Mariana Almeida,29/10/1953
91317039050,Ana Oliveira,04/02/1971
18479903211,Ana Oliveira,15/12/1973
88406194129,Pedro Santos,16/04/1973
80290768578,Julia Costa,29/05/1995
26422909513,Rafael Ferreira,19/09/1990
54541410671,Rafael Ferreira,27/12/1989
65809173218,Julia Costa,13/05/1965
11958209348,Lucas Pereira,06/08/1957
66346099466,Rafael Ferreira,19/12/1982
71010885198,Joao Silva,08/09/1985
83973287996,Gabriel Rodrigues,12/05/1974
64421292236,Ana Oliveira,27/10/1958
03768046514,Pedro Santos,19/02/1954
41465156650,Pedro Santos,24/12/2002
44636801521,Mariana Almeida,14/05/1975
64217411374,Ana Oliveira,18/02/1987
14335887120,Beatriz Lima,26/03/1954
46314660992,Rafael Ferreira,08/06/1972
65059565816,Pedro Santos,07/01/1997
79269710724,Gabriel Rodrigues,19/07/1954
05196030558,Ana Oliveira,22/11/1970
81748069544,Julia Costa,11/06/1963
62030298842,Joao Silva,19/07/1963
76996168877,Joao Silva,13/04/1976
04529486594,Pedro Santos,24/11/1950
94286313985,Rafael Ferreira,15/07/1965
85995755911,Ana Oliveira,04/09/1986
01261727869,Mariana Almeida,01/11/1963
86461806765,Lucas Pereira,28/02/1960
16500240289,Beatriz Lima,15/05/1998
53821801332,Gabriel Rodrigues,13/02/1983
71730970466,Lucas Pereira,11/12/1959
33785678227,Gabriel Rodrigues,21/01/1983
65769460451,Joao Silva,30/06/1974
59616162016,Mariana Almeida,30/05/2004
08281748549,Ana Oliveira,01/07/1989
19993975773,Beatriz Lima,09/02/1962
75944268555,Lucas Pereira,12/10/1993
99450509825,Julia Costa,26/08/1982
37331065583,Gabriel Rodrigues,28/05/1968
85417176978,Rafael Ferreira,23/06/1965
48179355159,Maria Souza,26/09/1962
99309541247,Lucas Pereira,21/08/1983
09905115735,Julia Costa,12/07/1964
43757845774,Joao Silva,21/03/1958
47378899769,Pedro Santos,07/07/2004
60970631233,Maria Souza,13/09/1995
71013611498,Lucas Pereira,10/12/1958
60442143799,Mariana Almeida,22/09/1958
99989127833,Gabriel Rodrigues,21/07/1995
79807482771,Maria Souza,11/06/2004
29360569694,Joao Silva,26/08/1967
87693048763,Lucas Pereira,28/09/1967
86936446989,Julia Costa,18/10/1982
63808233440,Mariana Almeida,03/02/1954
22838243055,Beatriz Lima,22/10/1963
68348205309,Ana Oliveira,07/01/1979
50667021668,Pedro Santos,26/06/2002
00125024666,Beatriz Lima,09/03/1980
61173405060,Joao Silva,05/01/1968
22569071000,Beatriz Lima,28/05/1955
84877429756,Joao Silva,20/06/1969
11515247192,Beatriz Lima,18/09/1950
88857785704,Pedro Santos,10/02/1991
29454448969,Julia Costa,05/10/1985
97620191204,Gabriel Rodrigues,02/12/1956
91679003527,Beatriz Lima,17/03/1962
32843044041,Rafael Ferreira,25/04/1953
24465225153,Maria Souza,22/05/1977
46624865592,Joao Silva,17/01/1969
09710467410,Mariana Almeida,03/05/1971
30417110292,Julia Costa,11/04/1957
98065827387,Lucas Pereira,04/01/1986
80487283480,Maria Souza,20/09/1976
27961089414,Pedro Santos,19/05/2005
06078064099,Lucas Pereira,19/06/1998
94419652257,Pedro Santos,25/09/1954
05083620142,Pedro Santos,17/06/2002
80025821642,Gabriel Rodrigues,26/10/1977
44520432484,Gabriel Rodrigues,12/09/1953
90122410890,Lucas Pereira,13/07/1986
59483910014,Rafael Ferreira,15/12/1963
26621115375,Rafael Ferreira,12/12/1986
79386350651,Gabriel Rodrigues,20/06/2002
99632990528,Julia Costa,19/09/1977
50936891555,Julia Costa,18/01/1973
33024054516,Lucas Pereira,03/12/1956
68334814462,Gabriel Rodrigues,16/10/1997
47772315621,Joao Silva,08/04/1998
22132322789,Pedro Santos,02/10/1998
12706722853,Maria Souza,09/11/1999
16228115122,Ana Oliveira,05/06/1997
97120594263,Gabriel Rodrigues,08/11/1988
54590995325,Pedro Santos,30/12/1960
29395733254,Pedro Santos,30/11/1958
58213199338,Julia Costa,08/02/1962
01522284216,Joao Silva,02/06/1965
73353091438,Joao Silva,08/04/1990
29157587514,Lucas Pereira,07/03/2002
88030298570,Mariana Almeida,06/07/1963
83044919158,Joao Silva,23/09/1981
76153850631,Maria Souza,03/06/1989
50633032443,Mariana Almeida,16/11/1975
31837570862,Pedro Santos,08/07/1971
07334276777,Lucas Pereira,14/10/1969
44313419388,Beatriz Lima,20/03/1973
09279004808,Rafael Ferreira,03/08/1952
72944160665,Julia Costa,29/11/1991
82737667368,Maria Souza,21/07/1961
55684833941,Rafael Ferreira,14/06/1950
02773239156,Mariana Almeida,29/06/1996
67505982066,Gabriel Rodrigues,15/06/1964
73275496547,Ana Oliveira,25/07/1963
51488679888,Pedro Santos,30/06/1995
48503374012,Gabriel Rodrigues,06/10/1958
69740472500,Beatriz Lima,16/06/1998
34473183833,Maria Souza,11/03/1992
66738794638,Rafael Ferreira,14/09/1997
60322248741,Ana Oliveira,15/09/1996
40059347855,Maria Souza,21/01/1977
19196625205,Beatriz Lima,13/10/1962
55501419376,Beatriz Lima,12/01/1971
91407634592,Lucas Pereira,06/12/1950
69248450492,Mariana Almeida,20/06/1970
59411115839,Ana Oliveira,27/04/1975
67171101375,Lucas Pereira,15/02/1962
22267296551,Julia Costa,15/01/1951
79250205516,Gabriel Rodrigues,27/05/1980
22055852692,Lucas Pereira,12/12/1986
56915476867,Ana Oliveira,30/09/1982
38481674953,Beatriz Lima,23/08/1972
54392233995,Lucas Pereira,03/11/1964
31194159551,Lucas Pereira,06/03/1962
54670093636,Julia Costa,24/09/1988
67417848123,Julia Costa,27/06/1984
25403340855,Lucas Pereira,06/07/1966
61296180399,Julia Costa,06/11/1951
69989914951,Julia Costa,26/01/1979
30230660878,Pedro Santos,29/04/1973
02470705143,Maria Souza,15/06/1950
04185371101,Julia Costa,07/10/1965
33382682714,Mariana Almeida,21/10/1973
10307217750,Joao Silva,21/01/1971
65445243420,Maria Souza,28/06/1992
96226448681,Gabriel Rodrigues,05/12/1989
49300080719,Mariana Almeida,14/06/1958
69398073339,Beatriz Lima,18/10/1955
07254487440,Beatriz Lima,21/11/1964
99836092372,Ana Oliveira,14/08/1994
08316411946,Pedro Santos,06/02/1963
32390114192,Beatriz Lima,20/02/1952
15883459761,Beatriz Lima,20/04/1960
41915264945,Rafael Ferreira,02/05/1955
05134402919,Julia Costa,02/05/1982
69544777562,Lucas Pereira,23/09/2004
67707101289,Ana Oliveira,25/06/1960
48435597463,Mariana Almeida,11/07/1998
28250507086,Ana Oliveira,27/07/1957
33901291198,Lucas Pereira,26/10/1989
35720814709,Maria Souza,24/08/1950
74179413904,Maria Souza,22/07/1990
08699756670,Beatriz Lima,05/04/1950
80681011189,Pedro Santos,17/03/1951
58712117346,Joao Silva,21/02/2003
06217974647,Maria Souza,18/12/1977
14957194846,Julia Costa,16/02/1964
27462107390,Mariana Almeida,17/08/1986
49938153025,Mariana Almeida,15/11/1963
19539736210,Gabriel Rodrigues,08/05/1993
43162014411,Mariana Almeida,10/03/1953
16681124703,Gabriel Rodrigues,17/07/1971
96345978737,Ana Oliveira,27/06/1954
80975247123,Gabriel Rodrigues,03/04/1981
39493268618,Ana Oliveira,16/08/1965
18448167100,Rafael Ferreira,16/11/1950
32196665189,Maria Souza,11/03/1981
95917581537,Beatriz Lima,15/07/1957
10771989917,Maria Souza,18/09/1974
56574665277,Lucas Pereira,15/05/1995
06119077575,Lucas Pereira,28/06/1960
86277558796,Julia Costa,06/06/1987
69616355099,Ana Oliveira,05/11/1974
35668526517,Julia Costa,08/10/1979
54821122305,Julia Costa,07/03/1956
42907275444,Rafael Ferreira,24/03/1975
06384448043,Lucas Pereira,07/07/1978
14326997225,Maria Souza,07/08/1951
87267294971,Mariana Almeida,25/08/1970
26114123838,Beatriz Lima,01/04/1956
22212191333,Gabriel Rodrigues,27/05/1995
33944252528,Gabriel Rodrigues,13/06/1988
89192321053,Mariana Almeida,18/11/1999
15436548047,Ana Oliveira,26/06/1950
16198144884,Joao Silva,06/10/1979
17836153938,Rafael Ferreira,15/01/1972
48996153502,Ana Oliveira,04/06/1962
79038282850,Julia Costa,13/04/2005
71234276509,Rafael Ferreira,28/12/1975
90581601087,Lucas Pereira,13/09/1981
75285003736,Lucas Pereira,31/10/1968
12662749124,Julia Costa,15/12/1968
91608585807,Mariana Almeida,03/06/1998
40148591783,Maria Souza,14/10/1968
17958379566,Gabriel Rodrigues,31/08/1987
20140570311,Ana Oliveira,15/05/1957
51815656156,Julia Costa,23/03/1991
72024778294,Rafael Ferreira,21/04/1971
18050409138,Julia Costa,01/07/1996
22714159625,Maria Souza,03/05/1961
68666741039,Julia Costa,14/11/1997
64459666668,Maria Souza,22/02/1950
83850465996,Pedro Santos,11/10/1986
37249486078,Beatriz Lima,17/04/1981
56875115034,Ana Oliveira,30/08/1966
79812158853,Pedro Santos,07/11/1980
36848677147,Ana Oliveira,31/05/1974
35348881724,Lucas Pereira,17/12/1959
28230379317,Julia Costa,19/05/1953
00149614782,Maria Souza,11/08/1980
01247423575,Rafael Ferreira,09/09/1959
19322949739,Gabriel Rodrigues,03/05/2002
32397704652,Lucas Pereira,19/12/1961
82040504567,Joao Silva,08/07/2000
87334382870,Lucas Pereira,16/11/1980
12205986489,Rafael Ferreira,27/08/1995
36801588260,Beatriz Lima,05/12/1955
02012207773,Maria Souza,30/09/1970
56500647582,Ana Oliveira,19/06/1961
00649641895,Lucas Pereira,13/12/1981
69025046635,Lucas Pereira,21/07/1975
76839345117,Julia Costa,31/05/2002
33490898135,Lucas Pereira,11/04/1978
44346275794,Joao Silva,08/07/1988
36069926681,Beatriz Lima,14/10/1967
04767328460,Joao Silva,30/07/1999
23817637337,Gabriel Rodrigues,04/08/1984
29967923432,Maria Souza,03/05/1992
20474481230,Lucas Pereira,28/05/1981
97539889173,Ana Oliveira,11/06/1959
80197237507,Maria Souza,03/01/1985
34198638104,Ana Oliveira,27/01/1991
46529014963,Beatriz Lima,29/10/1977
71376019741,Gabriel Rodrigues,28/11/1985
39931526808,Lucas Pereira,25/12/1997
35554968855,Julia Costa,17/01/1960
17247388796,Beatriz Lima,25/06/1968
95857396048,Ana Oliveira,16/07/2001
38667405772,Ana Oliveira,06/01/1973
86871664454,Rafael Ferreira,27/05/1974
18321117308,Mariana Almeida,29/06/1951
99804459155,Rafael Ferreira,03/05/2001
72081123076,Lucas Pereira,06/05/2003
71267138781,Ana Oliveira,21/05/1970
31071025330,Pedro Santos,12/06/2002
78493473974,Maria Souza,01/03/1999
16584533345,Maria Souza,08/02/2003
06070927058,Lucas Pereira,09/06/1983
31790600671,Beatriz Lima,21/09/2005
80754951780,Beatriz Lima,19/06/2002
42983229329,Gabriel Rodrigues,08/08/1990
44941826126,Maria Souza,10/04/1995
61816348484,Ana Oliveira,15/03/2001
33214760440,Julia Costa,29/10/1987
10344235693,Julia Costa,24/11/1976
60457399411,Julia Costa,11/10/1989
14366109652,Julia Costa,27/10/2003
38091891804,Lucas Pereira,11/09/1976
58191884087,Ana Oliveira,31/10/1954
06996688550,Maria Souza,29/10/2001
52561679249,Lucas Pereira,04/09/1966
80728264195,Joao Silva,02/06/1969
03568633352,Gabriel Rodrigues,02/01/1959
94018604706,Beatriz Lima,01/05/1954
06086004691,Julia Costa,04/11/1965
00522916757,Pedro Santos,03/09/1992
99665295670,Gabriel Rodrigues,25/09/1961
29220394674,Joao Silva,26/11/1998
51790498371,Joao Silva,12/01/1980
11964773980,Gabriel Rodrigues,11/11/1960
76980788008,Ana Oliveira,21/11/1993
27472221855,Julia Costa,13/03/1983
41337353359,Ana Oliveira,23/12/1973
70467575050,Mariana Almeida,08/03/1988
23473992127,Julia Costa,12/08/1976
04319454553,Mariana Almeida,06/03/2005
95260912406,Lucas Pereira,12/06/1979
27105733406,Lucas Pereira,15/02/1973
86555595459,Gabriel Rodrigues,21/09/1967
79538273857,Pedro Santos,26/01/1983
20871382833,Pedro Santos,29/06/1990
84799648736,Julia Costa,11/08/1981
63980727262,Pedro Santos,16/09/1959
61324702738,Maria Souza,29/07/1984
56211399574,Gabriel Rodrigues,02/01/1978
33013256473,Julia Costa,24/10/1997
92190268466,Mariana Almeida,22/07/1983
72330995745,Lucas Pereira,12/08/1989
12146917856,Maria Souza,14/12/1975
51199311919,Lucas Pereira,04/11/1966
34976592455,Pedro Santos,13/08/1975
19544937470,Rafael Ferreira,26/02/1974
78286903640,Maria Souza,15/09/1998
48795066643,Ana Oliveira,02/03/1997
14676778836,Joao Silva,02/09/1995
73315890177,Beatriz Lima,17/07/2003
65150776891,Beatriz Lima,30/09/1985
48973054536,Julia Costa,26/04/1981
37685001266,Joao Silva,30/09/1995
56512630691,Lucas Pereira,04/10/2004
86098163423,Lucas Pereira,22/04/1969
68682513721,Joao Silva,04/04/1976
18036441512,Lucas Pereira,01/01/1996
65254831004,Maria Souza,07/05/1951
05058111662,Rafael Ferreira,18/03/1996
11870906207,Ana Oliveira,19/02/2001
28022934464,Rafael Ferreira,03/01/1992
22911833129,Pedro Santos,23/04/1977
78392485286,Maria Souza,13/02/2003
50566150871,Pedro Santos,20/05/1954
86505253329,Mariana Almeida,28/03/1964
29637771323,Pedro Santos,22/09/1971
95425227374,Rafael Ferreira,09/12/1965
82373228969,Rafael Ferreira,08/07/2004
42713368283,Mariana Almeida,28/12/1956
14688062026,Mariana Almeida,24/03/1995
96392090186,Julia Costa,10/09/1983
75232910959,Pedro Santos,04/01/1986
44567956185,Julia Costa,04/07/1999
32062795014,Pedro Santos,01/06/1986
39429001291,Ana Oliveira,13/01/1975
36428036633,Mariana Almeida,18/01/1963
58044644175,Gabriel Rodrigues,07/09/1980
41400383349,Beatriz Lima,27/05/1952
27419716781,Julia Costa,02/09/1968
13919325892,Gabriel Rodrigues,18/08/1963
72129500581,Rafael Ferreira,30/10/1987
34103025964,Mariana Almeida,13/02/1951
10749738775,Rafael Ferreira,10/04/1950
05043411162,Mariana Almeida,15/03/1996
52449628390,Maria Souza,02/11/1975
12119180742,Julia Costa,24/09/2004
62126907459,Ana Oliveira,11/03/1961
64807726285,Maria Souza,19/07/1990
62286267842,Ana Oliveira,20/09/2002
16951065862,Joao Silva,04/01/1994
32576503351,Ana Oliveira,20/01/1955
00105943593,Rafael Ferreira,11/02/2004
72432752645,Beatriz Lima,11/05/1991
39232151575,Ana Oliveira,11/10/1979
09121792073,Mariana Almeida,09/12/1980
63649568589,Maria Souza,12/02/1963
61269253652,Julia Costa,06/01/1996
14676994044,Ana Oliveira,18/05/1964
72189564560,Maria Souza,16/02/1976
98089075614,Pedro Santos,01/04/1973
59620183261,Pedro Santos,26/11/1959
25058270617,Maria Souza,07/10/1964
49337547444,Julia Costa,05/01/1975
38690260727,Lucas Pereira,10/05/2005
53516592972,Julia Costa,06/08/1988
60936421920,Gabriel Rodrigues,29/04/2001
01303964600,Lucas Pereira,19/07/1991
99612722702,Gabriel Rodrigues,27/04/1976
74215936164,Joao Silva,12/01/2000
81472544353,Lucas Pereira,16/10/1976
17780584695,Joao Silva,12/03/1979
24363875083,Maria Souza,03/06/1996
58164503253,Ana Oliveira,20/09/1996
23063291957,Julia Costa,30/09/1951
03520443162,Mariana Almeida,23/01/2004
41885974325,Rafael Ferreira,26/09/1975
61827745771,Gabriel Rodrigues,14/09/1953
58241343911,Lucas Pereira,12/02/1985
85055325364,Julia Costa,06/09/1975
02750605115,Gabriel Rodrigues,24/11/1964
31986745207,Gabriel Rodrigues,21/08/1981
66123506819,Ana Oliveira,12/06/2002
81487252525,Rafael Ferreira,20/06/1976
12424153866,Gabriel Rodrigues,27/01/1981
81706853344,Julia Costa,12/10/1957
27456492366,Rafael Ferreira,10/04/1981
52248151668,Julia Costa,06/11/1978
83030423550,Lucas Pereira,11/05/1953
13389132550,Beatriz Lima,24/05/1962
79382698910,Beatriz Lima,19/01/1972
84083049791,Beatriz Lima,25/06/2003
96874659277,Pedro Santos,02/03/1951
41809905144,Rafael Ferreira,08/09/1995
85942218449,Joao Silva,22/01/1970
81680874901,Mariana Almeida,25/02/1968
44917259018,Gabriel Rodrigues,07/06/1979
91006377506,Julia Costa,24/01/1968
54298800315,Julia Costa,03/02/1995
66010214494,Gabriel Rodrigues,27/01/1991
44880514329,Mariana Almeida,20/06/1985
32512004414,Lucas Pereira,16/05/1970
10034203047,Julia Costa,09/11/2002
95205621824,Ana Oliveira,04/02/1954
46258108562,Gabriel Rodrigues,27/10/1974
96511605616,Ana Oliveira,10/11/1985
06804228743,Maria Souza,14/11/1964
72625261629,Maria Souza,27/11/1978
29427929336,Beatriz Lima,21/03/1991
96062549590,Rafael Ferreira,20/10/1980
52303301920,Gabriel Rodrigues,05/07/1984
68772604586,Beatriz Lima,20/04/1985
68874882812,Mariana Almeida,19/02/1982
67091964967,Maria Souza,23/08/1962
99233420101,Pedro Santos,21/01/1952
85106812388,Mariana Almeida,21/01/1973
48671690947,Mariana Almeida,20/10/1992
92216752582,Ana Oliveira,11/02/1962
57052816865,Gabriel Rodrigues,21/06/1973
70891767755,Gabriel Rodrigues,24/07/1980
51882966245,Mariana Almeida,28/05/1973
92315472524,Maria Souza,16/11/1991
41685393644,Maria Souza,03/04/1951
33643055729,Lucas Pereira,22/11/1978
65754536834,Gabriel Rodrigues,17/12/1968
87384114179,Joao Silva,22/10/1989
96346309077,Gabriel Rodrigues,17/10/1985
77772166832,Beatriz Lima,24/10/1953
77243632998,Pedro Santos,05/03/1971
62890122069,Lucas Pereira,17/06/1950
78877903032,Beatriz Lima,10/01/1959
26690077227,Joao Silva,03/07/1985
89968015583,Pedro Santos,11/08/2003
67314312732,Joao Silva,30/06/1973
36759386742,Julia Costa,28/11/1985
50987498430,Maria Souza,26/01/1967
71692324167,Lucas Pereira,12/08/1974
23207294717,Maria Souza,17/05/1999
82295390381,Ana Oliveira,23/08/1953
37994534022,Rafael Ferreira,21/09/1969
32791355725,Maria Souza,03/04/1978
02807725492,Lucas Pereira,21/07/1991
73387383453,Lucas Pereira,11/03/2003
20463674766,Mariana Almeida,02/04/1955
98422510288,Ana Oliveira,20/03/1977
14102247332,Lucas Pereira,11/09/1970
05442053204,Lucas Pereira,16/10/1975
05567124386,Ana Oliveira,03/02/2002
57525514652,Lucas Pereira,13/01/1998
49779773162,Maria Souza,29/12/1958
63564003559,Pedro Santos,11/05/1960
55806151391,Ana Oliveira,03/04/2004
47668231350,Julia Costa,14/07/1998
62254810122,Mariana Almeida,13/11/2003
08201160569,Ana Oliveira,27/04/1951
18379784430,Lucas Pereira,06/09/2000
58222184934,Maria Souza,27/09/1983
45547114821,Julia Costa,01/03/1967
15679039870,Julia Costa,13/07/2004
28233080347,Gabriel Rodrigues,10/05/1991
43269747484,Maria Souza,26/10/1996
39803125045,Rafael Ferreira,11/03/1984
08856547538,Lucas Pereira,15/07/2001
87986239617,Gabriel Rodrigues,20/05/1951
96763021161,Gabriel Rodrigues,09/02/1998
45675482441,Mariana Almeida,22/05/2005
50630989569,Lucas Pereira,08/03/1960
21004092291,Joao Silva,28/10/1985
24040993049,Joao Silva,31/03/1964
68343164758,Gabriel Rodrigues,29/08/1957
94263465505,Lucas Pereira,15/07/1971
37764765255,Gabriel Rodrigues,25/05/2001
70254546328,Beatriz Lima,28/04/1960
37415944938,Rafael Ferreira,13/05/1970
41134594141,Maria Souza,11/12/1999
52679999483,Pedro Santos,09/09/1960
33794266052,Beatriz Lima,26/07/1973
06765151396,Rafael Ferreira,15/01/1974
90736641691,Julia Costa,02/11/1976
40691532781,Mariana Almeida,28/01/1979
82020624596,Julia Costa,08/06/1996
34003180332,Ana Oliveira,13/07/2002
56946621539,Joao Silva,17/10/1996
73316370153,Mariana Almeida,04/01/1961
38534312713,Mariana Almeida,16/02/1970
49818029288,Maria Souza,03/10/1990
68025697020,Mariana Almeida,21/08/1953
44154009776,Julia Costa,02/06/1968
13287667063,Julia Costa,24/07/1990
51134345687,Mariana Almeida,06/03/1961
14575114291,Julia Costa,07/04/1992
68505917175,Gabriel Rodrigues,28/06/2003
19571773780,Pedro Santos,26/11/2003
34679998835,Lucas Pereira,29/07/1984
45961577234,Lucas Pereira,01/08/1963
21339890031,Ana Oliveira,20/10/1988
61716380149,Beatriz Lima,14/06/1963
85282568345,Mariana Almeida,16/01/1955
05414857824,Maria Souza,17/08/1978
55717517330,Joao Silva,05/12/1991
38262542434,Rafael Ferreira,04/02/1970
86710236350,Lucas Pereira,18/11/1961
11955754903,Rafael Ferreira,21/07/1988
11366880359,Pedro Santos,09/01/1961
84495806560,Rafael Ferreira,22/10/1999
75531215237,Gabriel Rodrigues,03/01/1990
91799376954,Ana Oliveira,24/07/1967
45488513424,Rafael Ferreira,03/01/1979
04768241542,Mariana Almeida,27/09/1965
16995426012,Rafael Ferreira,30/06/1973
80926829607,Pedro Santos,26/08/1988
86911485818,Beatriz Lima,17/09/1974
81382481563,Julia Costa,03/11/1965
90421773667,Rafael Ferreira,23/08/1970
68061565703,Ana Oliveira,06/09/1970
39157632191,Julia Costa,22/03/1970
93322810401,Beatriz Lima,20/11/1952
30622445191,Rafael Ferreira,20/01/1975
77007082371,Beatriz Lima,20/08/1994
13740330556,Julia Costa,13/03/2000
81524432827,Lucas Pereira,29/05/1985
90886594452,Joao Silva,25/11/2003
87193502865,Rafael Ferreira,14/06/1977
70008486205,Lucas Pereira,30/12/1998
16509893133,Rafael Ferreira,20/12/1956
41204353622,Julia Costa,09/07/1965
23195815632,Maria Souza,26/02/2000
49873963813,Pedro Santos,04/09/1987
95640092597,Maria Souza,10/06/1951
32987615581,Pedro Santos,30/04/1975
23307245350,Pedro Santos,07/05/1991
66824205497,Joao Silva,09/06/1975
99764385312,Rafael Ferreira,04/08/1987
69752004432,Gabriel Rodrigues,23/09/1957
71882996785,Beatriz Lima,21/07/2005
56847434663,Lucas Pereira,17/12/1986
68596513532,Lucas Pereira,08/12/1983
41003373893,Julia Costa,31/08/1983
79727895802,Pedro Santos,20/09/1992
82176268416,Lucas Pereira,15/12/1994
22264294523,Rafael Ferreira,20/02/1989
67010339081,Ana Oliveira,10/05/1955
50080411327,Lucas Pereira,25/12/1992
86144590277,Ana Oliveira,21/02/1967
95183392163,Lucas Pereira,01/02/1981
69491148278,Gabriel Rodrigues,15/02/1963
45171052174,Pedro Santos,20/03/1997
23575623412,Gabriel Rodrigues,26/12/1960
16464358524,Pedro Santos,07/06/2003
19318225662,Rafael Ferreira,22/08/1986
34555121293,Pedro Santos,16/05/1992
50010997459,Joao Silva,20/10/1968
61198090155,Gabriel Rodrigues,14/09/1992
08388960498,Lucas Pereira,08/07/1960
93047693174,Beatriz Lima,19/03/1960
26795983618,Maria Souza,05/04/1980
47241430138,Pedro Santos,08/09/1950
60729970877,Beatriz Lima,16/09/2002
71266205257,Beatriz Lima,31/01/2005
92441704474,Maria Souza,26/10/1996
54837245004,Mariana Almeida,17/01/1994
14079959358,Pedro Santos,09/12/1990
75646402412,Maria Souza,06/12/1994
27907987370,Beatriz Lima,04/08/1967
06978320766,Maria Souza,26/12/1974
27315653564,Julia Costa,25/08/1985
96618915611,Lucas Pereira,06/03/1957
05596662500,Lucas Pereira,12/09/1985
25166453128,Joao Silva,26/04/1963
28035121388,Mariana Almeida,30/04/1969
25610019618,Ana Oliveira,08/02/1983
78184225510,Maria Souza,05/03/1952
74310026146,Mariana Almeida,03/05/1978
73036806849,Joao Silva,07/06/2000
42109734933,Maria Souza,06/04/1966
74992004313,Rafael Ferreira,30/06/1984
76184906704,Gabriel Rodrigues,23/08/2005
34979355960,Joao Silva,13/09/1966
48661173555,Pedro Santos,22/06/1999
24314354990,Mariana Almeida,12/05/1986
04994683923,Mariana Almeida,22/07/2000
11355328720,Rafael Ferreira,02/11/1983
62598626651,Julia Costa,08/04/1958
79527632777,Julia Costa,23/04/1998
75401735101,Joao Silva,20/01/1972
35469075315,Beatriz Lima,04/07/1995
34262137969,Joao Silva,06/02/1994
33528287007,Julia Costa,23/10/1968
75795765549,Maria Souza,15/08/1977
34599391880,Ana Oliveira,25/07/1980
86986399074,Julia Costa,24/03/1952
11367595094,Julia Costa,13/04/1974
36385951947,Rafael Ferreira,04/07/1996
78785840338,Rafael Ferreira,16/12/1968
98026703880,Beatriz Lima,11/02/1990
67619521399,Mariana Almeida,11/10/1957
52513718425,Gabriel Rodrigues,13/02/1988
33798957224,Beatriz Lima,27/10/1963
89626411239,Gabriel Rodrigues,05/03/1972
21306264372,Lucas Pereira,02/11/1976
15475273216,Julia Costa,17/04/1990
91810387009,Rafael Ferreira,21/08/1967
09027723060,Joao Silva,25/12/1995
96287546863,Pedro Santos,23/09/1993
05463713115,Pedro Santos,21/12/1958
34840669917,Gabriel Rodrigues,08/06/1961
51373455277,Pedro Santos,12/02/1985
67757321433,Gabriel Rodrigues,15/08/1984
17274423389,Beatriz Lima,05/10/1976
41484272652,Rafael Ferreira,11/08/1995
94148153822,Joao Silva,06/07/1971
14280469304,Beatriz Lima,16/02/1961
53247300585,Mariana Almeida,15/03/2002
65022200755,Gabriel Rodrigues,21/01/1950
37948899547,Gabriel Rodrigues,17/05/1996
18932134250,Lucas Pereira,18/05/2003
79543411751,Mariana Almeida,02/03/1992
53707939404,Lucas Pereira,15/07/1962
62431685826,Mariana Almeida,16/06/1976
87979648851,Rafael Ferreira,28/09/1955
34734436550,Pedro Santos,19/12/1962
60209654609,Maria Souza,18/02/1950
32640023239,Maria Souza,04/05/1985
03621335021,Maria Souza,13/02/2001
46858362602,Beatriz Lima,01/09/1958
42173603722,Lucas Pereira,20/06/1994
22812810613,Julia Costa,26/04/1955
33702986328,Julia Costa,24/03/1993
33000001727,Lucas Pereira,13/02/1971
89414713453,Rafael Ferreira,08/09/1970
07762082469,Pedro Santos,28/04/1977
28459384234,Rafael Ferreira,22/02/1965
47022933167,Ana Oliveira,07/12/1990
85919408452,Gabriel Rodrigues,21/02/1993
37625190054,Rafael Ferreira,30/04/1980
64127077707,Lucas Pereira,26/09/1979
34302203067,Joao Silva,06/03/1960
15446993562,Lucas Pereira,28/06/1991
01946804851,Lucas Pereira,12/01/1960
88418690026,Beatriz Lima,27/08/1952
93325470002,Mariana Almeida,12/08/1966
17423232118,Gabriel Rodrigues,26/07/1976
66507776161,Ana Oliveira,14/05/1971
65191908635,Beatriz Lima,14/04/1980
75345917822,Joao Silva,13/01/1951
07257314013,Mariana Almeida,27/05/1986
77596244754,Lucas Pereira,08/06/1963
28854032531,Ana Oliveira,04/12/1959
04386935509,Lucas Pereira,25/05/1981
79148079092,Ana Oliveira,20/10/1952
65849349993,Julia Costa,28/08/1995
94655980662,Rafael Ferreira,28/06/1953
42286327121,Gabriel Rodrigues,28/06/1969
20810495887,Pedro Santos,07/08/1978
96743074800,Ana Oliveira,18/08/2004
86460906479,Lucas Pereira,07/10/1998
19224594585,Joao Silva,05/04/1978
77443970816,Julia Costa,15/11/1957
35429303450,Beatriz Lima,13/12/1950
97665975129,Joao Silva,21/05/1977
14274278246,Rafael Ferreira,03/09/1998
85630567298,Beatriz Lima,24/07/1953
04066754828,Rafael Ferreira,11/02/1982
34561570364,Mariana Almeida,08/04/2004
51105829300,Mariana Almeida,13/10/1976
75817024138,Joao Silva,09/10/2000
83279690734,Maria Souza,09/07/2005
81391658103,Beatriz Lima,02/06/1971
85160481499,Pedro Santos,24/04/1985
48899044247,Mariana Almeida,17/03/1962
53649906785,Mariana Almeida,29/10/1995
33995222759,Pedro Santos,02/10/1975
51199137650,Joao Silva,01/06/1992
35736334688,Joao Silva,21/08/1971
33896035034,Joao Silva,05/01/1996
47633839957,Ana Oliveira,02/06/1962
41939510992,Rafael Ferreira,05/06/1958
15900348130,Rafael Ferreira,17/03/1982
96351902827,Maria Souza,21/09/1970
85857390514,Gabriel Rodrigues,17/12/1952
98689387886,Julia Costa,18/03/1998
36639071603,Beatriz Lima,27/03/1973
65310992089,Pedro Santos,16/05/1967
69028891790,Rafael Ferreira,16/07/2001
62782142215,Mariana Almeida,19/02/2003
92589052423,Gabriel Rodrigues,21/03/2004
82996806813,Lucas Pereira,09/02/1956
97539471036,Mariana Almeida,17/03/1997
55611664676,Joao Silva,20/08/1963
62725892491,Rafael Ferreira,07/12/1951
41193363249,Gabriel Rodrigues,27/04/2001
01222886784,Maria Souza,25/02/1987
48695826127,Maria Souza,10/03/2000
50994328855,Ana Oliveira,12/08/1975
51618888842,Pedro Santos,16/04/1963
76945355849,Beatriz Lima,06/08/1950
01439615152,Lucas Pereira,17/07/1997
82449397969,Beatriz Lima,15/07/2004
94943815839,Ana Oliveira,01/10/1980
24585508681,Joao Silva,19/09/1989
62561433965,Pedro Santos,28/05/1956
33225503423,Gabriel Rodrigues,23/11/1999
62671616835,Lucas Pereira,24/07/1953
06865874527,Maria Souza,24/07/1996
21498727497,Joao Silva,02/08/1987
72707167244,Gabriel Rodrigues,04/11/1970
71961089656,Julia Costa,01/12/1993
27727004066,Maria Souza,24/03/1995
06156327071,Pedro Santos,19/08/1959
29254402690,Joao Silva,03/11/1968
17680556971,Mariana Almeida,25/12/1962
31245047642,Beatriz Lima,08/12/1975
51295955792,Mariana Almeida,15/05/1955
45675601756,Beatriz Lima,10/09/1952
48179618913,Joao Silva,16/07/1974
40127496808,Pedro Santos,27/08/1954
80042630658,Lucas Pereira,09/04/1992
45767909581,Rafael Ferreira,22/07/2001
42478178761,Maria Souza,06/06/1964
53900919284,Pedro Santos,15/02/1984
59473167404,Julia Costa,03/05/1981
33683802582,Gabriel Rodrigues,25/12/1954
35477080704,Beatriz Lima,10/04/1995
15196870737,Beatriz Lima,08/09/1986
42681932744,Beatriz Lima,20/10/1985
58818509349,Joao Silva,05/08/1986
86812856332,Lucas Pereira,21/04/1961
34822736881,Beatriz Lima,28/06/1983
30075135064,Lucas Pereira,26/05/1983
39230103037,Gabriel Rodrigues,16/10/1952
50748727681,Joao Silva,23/10/1967
78437956819,Joao Silva,13/02/2004
37832084319,Julia Costa,01/03/1959
83362702202,Gabriel Rodrigues,19/03/1975
29718229635,Julia Costa,25/01/1969
73872684750,Joao Silva,21/01/1979
48644491988,Mariana Almeida,20/06/1977
45767565677,Lucas Pereira,11/05/2000
95103236772,Lucas Pereira,29/10/1964
17225021128,Rafael Ferreira,12/09/1985
32828904172,Pedro Santos,04/12/1998
82822448836,Rafael Ferreira,07/03/2000
25506460593,Lucas Pereira,10/04/1990
02632623376,Mariana Almeida,17/01/1971
56808597230,Julia Costa,20/07/1989
59786421822,Julia Costa,09/03/1959
47286614422,Joao Silva,04/03/1952
73753175536,Gabriel Rodrigues,16/07/1987
93202336821,Rafael Ferreira,25/07/1967
44740091183,Maria Souza,27/06/1958
47484480531,Pedro Santos,15/08/1959
28160389775,Mariana Almeida,18/03/1984
10374520786,Pedro Santos,26/01/1974
82197387078,Rafael Ferreira,12/08/1986
13431629356,Rafael Ferreira,14/02/1974
21636492362,Gabriel Rodrigues,02/08/1985
36687162721,Mariana Almeida,22/06/1972
10480850776,Rafael Ferreira,17/08/1999
55938239083,Gabriel Rodrigues,05/01/1968
37405428484,Maria Souza,24/03/1986
08151818590,Rafael Ferreira,01/10/1960
99616254234,Ana Oliveira,02/04/1956
69822886291,Lucas Pereira,30/08/1963
12392142734,Lucas Pereira,18/08/2002
93789291236,Gabriel Rodrigues,08/01/1978
47480072039,Beatriz Lima,20/07/1995
74624777923,Joao Silva,24/05/1975
21926435843,Gabriel Rodrigues,14/02/1993
84171002395,Julia Costa,14/02/1953
95039570465,Pedro Santos,08/02/1993
55031031715,Lucas Pereira,21/02/1977
69719698932,Pedro Santos,04/02/1978
46388385219,Pedro Santos,02/12/1973
93700529426,Gabriel Rodrigues,07/12/1956
13290700131,Rafael Ferreira,21/04/1993
20992572111,Maria Souza,07/05/1985
79910322443,Beatriz Lima,03/06/1950
35902769040,Gabriel Rodrigues,12/06/1966
91368924352,Beatriz Lima,09/04/1965
85166878846,Joao Silva,07/02/1951
13401833114,Joao Silva,06/10/1999
87889510405,Mariana Almeida,06/08/1956
58880874615,Lucas Pereira,25/05/1954
14099037007,Mariana Almeida,11/06/1997
53929328284,Beatriz Lima,16/08/2005
16759909365,Ana Oliveira,20/03/1954
20320862676,Pedro Santos,04/05/1987
52782669572,Mariana Almeida,30/10/2000
06658592091,Rafael Ferreira,23/06/1955
47884421756,Maria Souza,25/05/1965
51072110404,Maria Souza,16/09/1999
71823483086,Julia Costa,12/11/1982
71403165597,Gabriel Rodrigues,25/05/1951
04340923713,Pedro Santos,16/01/2000
19010294878,Ana Oliveira,26/12/1969
01394803182,Lucas Pereira,04/09/1968
02061601906,Mariana Almeida,07/07/2003
41649209627,Ana Oliveira,08/11/2002
59187830333,Lucas Pereira,20/07/1995
64549149913,Beatriz Lima,02/03/2000
14626055189,Rafael Ferreira,27/08/1998
03579975149,Beatriz Lima,22/10/1989
63389934898,Lucas Pereira,17/04/1969
37894435678,Mariana Almeida,16/05/1976
37901515321,Rafael Ferreira,01/07/1978
77144855155,Julia Costa,02/03/1961
24782850178,Mariana Almeida,27/12/1959
67429298426,Pedro Santos,06/05/1972
95131383305,Pedro Santos,18/12/2004
06593964338,Gabriel Rodrigues,08/09/1953
95631418580,Ana Oliveira,20/07/1978
34336497565,Joao Silva,15/03/1965
59390468158,Lucas Pereira,12/04/1986
98695232578,Julia Costa,05/03/1966
77215019329,Pedro Santos,02/12/1957
01134701575,Maria Souza,01/09/1980
81987818712,Ana Oliveira,06/03/2003
61624650958,Rafael Ferreira,20/01/2000
28738104533,Lucas Pereira,18/03/1989
43829365774,Joao Silva,14/05/1963
33083426890,Ana Oliveira,03/01/2005
94506638252,Pedro Santos,22/02/1974
44681667573,Maria Souza,29/09/1989
58372069393,Lucas Pereira,09/07/1957
02912760593,Lucas Pereira,04/11/1953
35551732935,Rafael Ferreira,01/09/1996
58238608101,Joao Silva,03/01/1993
78736739911,Joao Silva,06/05/1973
50958945128,Pedro Santos,29/11/1978
42329334988,Beatriz Lima,04/06/1965
09897122398,Pedro Santos,23/04/1957
60608302161,Ana Oliveira,23/02/1998
98462567148,Mariana Almeida,20/10/1988
35096836539,Julia Costa,14/05/1987
83222814998,Ana Oliveira,04/05/2005
95999759761,Rafael Ferreira,03/05/1965
10528651471,Lucas Pereira,26/06/1959
37833676227,Maria Souza,05/05/1976
84543649758,Ana Oliveira,21/10/1996
43113291555,Maria Souza,12/09/1965
92745385036,Beatriz Lima,22/03/1975
86045648061,Beatriz Lima,25/11/2003
82757439508,Gabriel Rodrigues,07/01/1974
46318813438,Lucas Pereira,23/02/1990
78139495296,Lucas Pereira,10/03/1952
68114791223,Ana Oliveira,04/04/1976
21281640342,Mariana Almeida,07/04/1997
06914250474,Maria Souza,11/02/1991
23867923388,Rafael Ferreira,19/02/1976
59448145293,Pedro Santos,28/04/2003
31360522539,Joao Silva,17/09/1985
35812656963,Ana Oliveira,30/06/1959
17049080126,Pedro Santos,10/06/1987
46167145299,Pedro Santos,12/12/1970
69704216600,Beatriz Lima,29/01/1983
56174520092,Rafael Ferreira,04/04/1974
57206361254,Beatriz Lima,10/03/1953
25719262024,Beatriz Lima,13/02/1990
16459181051,Mariana Almeida,14/03/1966
11252651217,Pedro Santos,19/03/1992
06054925661,Pedro Santos,24/09/1957
62018261520,Pedro Santos,11/09/1969
38070651923,Pedro Santos,11/06/1970
03052537619,Ana Oliveira,22/08/1966
94134969282,Maria Souza,27/02/2004
48141090504,Julia Costa,25/07/1988
07318340735,Joao Silva,11/12/1979
74466186864,Julia Costa,04/08/1999
53214758439,Gabriel Rodrigues,16/10/1956
78425160040,Ana Oliveira,01/01/1996
27797505483,Rafael Ferreira,04/07/1962
12958203718,Pedro Santos,10/08/1976
90589466009,Beatriz Lima,23/06/2003
18893009511,Mariana Almeida,19/10/1955
29260934219,Lucas Pereira,24/06/2003
57700256729,Rafael Ferreira,28/11/1950
93211108169,Rafael Ferreira,06/08/1956
93210986750,Pedro Santos,11/03/1951
11455399294,Gabriel Rodrigues,10/05/1958
01909648218,Joao Silva,28/04/1984
50731475332,Mariana Almeida,22/09/1990
65164940587,Joao Silva,08/12/1971
85262507024,Mariana Almeida,26/09/1963
19934374280,Mariana Almeida,02/03/1979
87400073139,Maria Souza,16/06/1988
06118749985,Ana Oliveira,08/09/2002
24290989230,Pedro Santos,21/08/1988
39797342934,Mariana Almeida,30/03/1962
78486625338,Julia Costa,04/12/2001
28311003774,Joao Silva,25/05/1981
32807685432,Beatriz Lima,04/03/1965
76610848332,Joao Silva,14/11/1974
08600614113,Lucas Pereira,30/11/1980
77110181595,Beatriz Lima,21/12/1995
66183042397,Lucas Pereira,17/08/2005
23511697646,Mariana Almeida,26/12/2002
98568813517,Mariana Almeida,09/01/1984
38837386465,Lucas Pereira,12/01/1969
00207789892,Maria Souza,26/11/1955
83267460542,Rafael Ferreira,17/04/1963
65471433881,Beatriz Lima,06/09/1977
22694344905,Mariana Almeida,28/03/1988
85695231500,Lucas Pereira,30/03/1972
45306259559,Pedro Santos,23/07/1996
17116564457,Julia Costa,13/01/1961
18415943221,Gabriel Rodrigues,17/04/1953
32646782902,Julia Costa,31/12/1990
24049238096,Gabriel Rodrigues,27/11/1961
64444568151,Lucas Pereira,25/06/1987
42964579824,Mariana Almeida,24/09/1972
87632877895,Lucas Pereira,21/06/1960
71957631163,Lucas Pereira,13/02/1971
99805522731,Beatriz Lima,24/12/1999
39703581127,Maria Souza,02/05/1980
50562994674,Mariana Almeida,01/10/1964
36944426061,Lucas Pereira,17/08/1977
40130089612,Beatriz Lima,08/07/1983
81820644209,Lucas Pereira,04/05/1995
29369560540,Rafael Ferreira,08/06/1965
75804676017,Beatriz Lima,01/03/1961
21199424177,Ana Oliveira,12/05/1974
35667489580,Pedro Santos,15/09/1998
56837624476,Ana Oliveira,19/03/1991
10207838855,Ana Oliveira,12/05/2001
30481725653,Gabriel Rodrigues,26/10/1998
31617832108,Pedro Santos,11/03/1966
66082090434,Joao Silva,28/06/1988
85482787542,Gabriel Rodrigues,05/12/1985
74449439843,Julia Costa,10/11/1989
64101748447,Rafael Ferreira,24/07/1968
13841418001,Beatriz Lima,15/03/1958
64086082409,Ana Oliveira,23/02/1971
97132482494,Gabriel Rodrigues,07/12/1996
64388695666,Ana Oliveira,28/12/1963
45261070584,Julia Costa,15/11/1960
79396827848,Mariana Almeida,12/07/2005
49951985170,Mariana Almeida,14/04/1961
02959781139,Ana Oliveira,02/05/2003
67443975735,Ana Oliveira,18/03/1966
88982923164,Gabriel Rodrigues,11/09/1954
36996819511,Rafael Ferreira,16/06/1997
41786887589,Gabriel Rodrigues,31/03/1960
69631052472,Ana Oliveira,10/03/1972
40616956239,Julia Costa,01/06/1994
45118265290,Mariana Almeida,07/10/1987
47174769519,Maria Souza,21/05/1950
37744826328,Lucas Pereira,30/10/1992
67361254039,Beatriz Lima,18/07/1962
50783825588,Lucas Pereira,12/03/1972
90848614410,Maria Souza,13/10/1983
97685061543,Beatriz Lima,18/03/1969
06293351893,Beatriz Lima,22/03/1985
79308048219,Gabriel Rodrigues,19/08/1993
26535394476,Maria Souza,20/01/1951
21343284397,Rafael Ferreira,01/08/1952
50452379866,Pedro Santos,29/07/2002
41850960081,Rafael Ferreira,30/09/1959
06511625729,Maria Souza,22/09/1991
48211471879,Lucas Pereira,11/10/1962
51268219698,Pedro Santos,30/06/1974
06103522956,Lucas Pereira,30/03/1960
56507505275,Ana Oliveira,11/07/1982
12395875875,Beatriz Lima,13/08/1998
67648547539,Joao Silva,09/11/1984
78481726665,Ana Oliveira,13/09/1976
38917329465,Mariana Almeida,20/08/1984
83055563679,Ana Oliveira,13/05/1951
97358232941,Julia Costa,17/05/1983
66088674778,Mariana Almeida,19/07/1961
29277403543,Joao Silva,04/04/1990
82767363985,Beatriz Lima,29/01/1983
01231975888,Joao Silva,24/09/1997
63312590516,Mariana Almeida,07/09/1951
16304035287,Julia Costa,26/07/1999
97823558749,Maria Souza,02/09/1959
24119624714,Rafael Ferreira,05/08/1990
46073518182,Maria Souza,14/01/1985
95517865367,Julia Costa,13/12/1973
99062943107,Beatriz Lima,29/07/2004
00901273865,Julia Costa,19/02/1974
69423668577,Maria Souza,07/12/1964
77472795237,Maria Souza,19/08/1991
83403881794,Maria Souza,22/12/1967
12766882254,Julia Costa,18/08/1990
33303092584,Rafael Ferreira,17/05/1986
61852048499,Pedro Santos,20/08/1963
24219093462,Pedro Santos,25/06/1981
81646668192,Julia Costa,15/02/1969
78419548032,Gabriel Rodrigues,11/06/1988
32549017508,Joao Silva,06/06/1981
33977955809,Beatriz Lima,01/07/1976
51328680679,Joao Silva,05/08/1989
47841072453,Beatriz Lima,08/12/1991
68826011625,Julia Costa,09/02/1964
03110485186,Rafael Ferreira,07/06/1963
24918901457,Julia Costa,26/09/1960
15745548331,Rafael Ferreira,22/08/1967
69685160606,Rafael Ferreira,14/12/1983
20644093084,Pedro Santos,01/06/1965
58188336263,Maria Souza,01/02/1976
13081560546,Joao Silva,10/02/1989
11610465974,Ana Oliveira,06/02/2005
15252385555,Gabriel Rodrigues,28/10/1967
93984673067,Mariana Almeida,29/12/1952
76169283292,Mariana Almeida,28/07/1984
82065963691,Pedro Santos,12/11/1961
79840716689,Ana Oliveira,27/02/1960
33991668804,Lucas Pereira,07/07/1962
96148973592,Maria Souza,24/01/1972
10322109985,Julia Costa,17/01/1970
02746689901,Rafael Ferreira,09/09/2005
46313721308,Maria Souza,27/12/2000
82142721940,Julia Costa,16/01/1997
77343316229,Julia Costa,22/09/1987
88719300426,Joao Silva,05/10/1973
29964216123,Julia Costa,26/11/1980
39891864951,Julia Costa,01/05/1977
96936974267,Beatriz Lima,24/08/1999
27337150874,Rafael Ferreira,18/06/1976
39781519036,Mariana Almeida,08/04/1985
95198471284,Maria Souza,10/12/1974
72049899373,Maria Souza,17/09/1974
62491248872,Maria Souza,26/02/1962
86320449801,Mariana Almeida,25/01/1983
94835396999,Beatriz Lima,31/10/1966
62073668594,Lucas Pereira,07/04/1975
67504112953,Rafael Ferreira,30/09/1993
42639285010,Lucas Pereira,05/09/1981
47258579950,Lucas Pereira,04/08/1979
18089056709,Joao Silva,19/02/1994
96300153860,Joao Silva,16/04/1983
16049324812,Lucas Pereira,21/06/1993
53718410522,Julia Costa,19/03/1988
54815411216,Ana Oliveira,30/10/1983
45085724371,Maria Souza,03/08/1964
36318194602,Joao Silva,09/01/1967
69560956410,Pedro Santos,25/05/1976
14447395574,Mariana Almeida,20/06/1986
28678365348,Julia Costa,11/09/1988
12438445236,Maria Souza,11/12/1998
77391109826,Ana Oliveira,13/03/1985
32632894956,Maria Souza,02/05/1999
74544199654,Maria Souza,24/12/1960
90491765346,Gabriel Rodrigues,08/02/1987
54400601552,Rafael Ferreira,02/02/1998
88660851408,Lucas Pereira,10/10/1961
16641314621,Pedro Santos,15/04/1998
30486976175,Beatriz Lima,18/04/1998
53172202573,Rafael Ferreira,09/01/1954
30760756243,Mariana Almeida,31/10/1992
67378490858,Gabriel Rodrigues,01/06/1973
12339217629,Pedro Santos,04/12/1952
26254591126,Pedro Santos,30/07/1974
93376634995,Pedro Santos,30/09/1964
07221300457,Julia Costa,17/09/1969
39980633621,Joao Silva,24/04/1994
60029657358,Ana Oliveira,06/04/1975
31463122302,Mariana Almeida,06/04/1994
19843724921,Joao Silva,22/04/1969
64709571078,Joao Silva,20/10/1960
25693795121,Julia Costa,14/11/2000
35805939016,Rafael Ferreira,14/03/1962
00425651181,Pedro Santos,28/11/1963
74611299799,Mariana Almeida,15/03/1960
68959789666,Julia Costa,06/05/1971
45926705514,Beatriz Lima,29/05/1955
77240888879,Beatriz Lima,30/01/1987
07909501403,Mariana Almeida,03/03/1982
88227167094,Rafael Ferreira,13/01/1984
44377946161,Julia Costa,30/10/2000
50060890419,Gabriel Rodrigues,18/11/1966
92038125107,Lucas Pereira,13/05/1974
44541815581,Maria Souza,01/06/1986
02542959200,Julia Costa,25/10/1994
84938342817,Gabriel Rodrigues,05/01/1957
03844922550,Mariana Almeida,29/08/1958
44912053940,Pedro Santos,28/04/1974
86412227987,Pedro Santos,09/03/1963
83219815026,Lucas Pereira,26/06/1959
01172513263,Lucas Pereira,22/11/2003
96115694156,Mariana Almeida,13/04/1983
21725906684,Gabriel Rodrigues,30/06/1994
44906986925,Pedro Santos,23/06/1964
09302423683,Pedro Santos,29/07/1992
64437264038,Lucas Pereira,01/03/1955
90578617521,Gabriel Rodrigues,18/05/1996
88248914167,Pedro Santos,09/03/1976
06681080662,Julia Costa,22/10/2002
66176466039,Pedro Santos,25/09/1956
95392412810,Rafael Ferreira,06/03/1979
69087641710,Lucas Pereira,18/05/1973
00903818253,Gabriel Rodrigues,22/07/1964
56143456590,Lucas Pereira,01/10/1962
93385761560,Ana Oliveira,28/03/1974
08951606167,Mariana Almeida,09/04/1950
69009950341,Joao Silva,12/08/1967
89975379041,Maria Souza,10/05/1952
82614525421,Mariana Almeida,27/10/2004
47561785847,Julia Costa,20/01/1987
07623764565,Joao Silva,02/11/1996
86685421546,Ana Oliveira,04/07/1980
52189177391,Mariana Almeida,25/09/1976
85760897538,Mariana Almeida,08/11/1960
93701397322,Gabriel Rodrigues,05/05/2000
47592058935,Julia Costa,19/04/1970
08644693421,Beatriz Lima,13/11/1993
73323371585,Beatriz Lima,25/02/1951
81169810964,Julia Costa,16/06/2002
19432855574,Mariana Almeida,12/05/1977
40090503651,Beatriz Lima,27/08/1961
40526079000,Gabriel Rodrigues,27/07/1968
15221294461,Rafael Ferreira,01/05/2000
79045843396,Joao Silva,08/12/1956
28460705542,Maria Souza,29/12/1983
61304683324,Lucas Pereira,16/12/1983
83540731601,Rafael Ferreira,08/01/1986
67171046171,Joao Silva,17/01/1997
76135161284,Gabriel Rodrigues,29/05/1962
67745343957,Pedro Santos,26/10/1977
44183527839,Julia Costa,19/07/1966
45574195895,Rafael Ferreira,12/06/1990
85796774150,Rafael Ferreira,17/11/1956
45788939606,Ana Oliveira,20/02/1997
92784077311,Maria Souza,13/05/1998
89343233903,Rafael Ferreira,04/06/2002
44309816483,Maria Souza,25/11/2003
47111311024,Beatriz Lima,22/05/1954
56220460135,Mariana Almeida,26/10/1969
20787087375,Lucas Pereira,03/04/1965
49137768963,Gabriel Rodrigues,07/12/2003
13533477684,Rafael Ferreira,12/10/1982
00893129339,Lucas Pereira,06/12/1997
37650590845,Lucas Pereira,07/08/1960
60367640366,Beatriz Lima,09/01/1990
82378079551,Ana Oliveira,28/06/1999
44587355995,Lucas Pereira,09/07/1999
60886117130,Beatriz Lima,07/12/2005
41726086253,Beatriz Lima,20/10/1995
55150320184,Maria Souza,03/06/1954
72471327753,Rafael Ferreira,15/11/1989
15428024272,Joao Silva,23/12/2005
20052370943,Julia Costa,27/11/1964
79845827999,Gabriel Rodrigues,22/07/1997
84382232504,Julia Costa,19/11/1982
12215818035,Pedro Santos,01/03/1977
08146182143,Pedro Santos,05/03/1951
63202364978,Joao Silva,16/09/1994
59736337187,Ana Oliveira,09/11/1996
96925258802,Gabriel Rodrigues,30/07/1959
23515962366,Joao Silva,15/05/2002
20551609589,Ana Oliveira,09/07/2003
96907206506,Maria Souza,07/06/1961
55184621998,Mariana Almeida,20/09/1971
33940270552,Maria Souza,13/05/1964
04367748528,Ana Oliveira,02/06/2003
49434178234,Julia Costa,05/03/2001
52109424103,Ana Oliveira,08/10/1981
41540703058,Rafael Ferreira,20/12/1960
48062464952,Joao Silva,20/03/1983
93192926399,Pedro Santos,22/07/1982
82151902281,Ana Oliveira,09/06/1992
18987375673,Maria Souza,22/12/1988
09854917674,Gabriel Rodrigues,15/02/1956
80260258707,Beatriz Lima,14/01/1956
58198959393,Pedro Santos,02/06/1975
53231007152,Julia Costa,30/01/1997
68187526515,Gabriel Rodrigues,17/11/1979
83887483658,Ana Oliveira,20/10/1977
49599347311,Mariana Almeida,19/07/1999
40779504200,Maria Souza,21/11/1999
25797029030,Joao Silva,15/05/1978
45429936364,Rafael Ferreira,25/04/1986
46737130453,Joao Silva,25/12/1950
27945938484,Julia Costa,04/04/1955
00840014532,Julia Costa,11/12/1963
96070969826,Julia Costa,22/11/1950
58671684656,Pedro Santos,14/10/1953
09265499725,Ana Oliveira,14/12/1954
25187725351,Gabriel Rodrigues,15/10/1962
03499745557,Mariana Almeida,28/11/1952
30052794346,Mariana Almeida,03/09/1999
90089276285,Maria Souza,27/01/1981
48773127324,Joao Silva,08/10/1983
71241006297,Julia Costa,05/05/1964
19226472571,Maria Souza,02/12/1992
82681193684,Rafael Ferreira,20/08/1998
19878595510,Rafael Ferreira,12/05/2002
28265290319,Joao Silva,20/04/1950
64616037630,Mariana Almeida,13/10/1951
21670684182,Mariana Almeida,06/10/1977
42333812115,Julia Costa,26/09/1951
77245716185,Beatriz Lima,02/04/1952
06356671028,Lucas Pereira,30/07/1951
96140226673,Mariana Almeida,08/12/2002
01631618190,Beatriz Lima,12/09/1956
68763367522,Gabriel Rodrigues,26/05/1951
09142576879,Joao Silva,18/04/2002
99849561079,Ana Oliveira,20/02/1985
68506887399,Mariana Almeida,30/06/1985
61166233548,Mariana Almeida,14/08/1974
55192943071,Julia Costa,25/03/1951
89411341564,Gabriel Rodrigues,24/11/1962
15304339477,Mariana Almeida,28/04/1999
71590147544,Ana Oliveira,25/11/1964
73624162194,Ana Oliveira,29/11/1984
38963571911,Pedro Santos,13/11/1974
88671125248,Joao Silva,28/12/2005
62214654966,Ana Oliveira,03/11/1991
65244828053,Maria Souza,17/06/1962
72982780837,Rafael Ferreira,26/12/1980
54674051134,Rafael Ferreira,26/01/1953
97243292586,Julia Costa,16/09/2001
90040088352,Joao Silva,20/07/1963
15637387241,Mariana Almeida,29/02/1968
72468475981,Gabriel Rodrigues,18/02/1962
89728219377,Rafael Ferreira,10/08/2000
39621667010,Gabriel Rodrigues,19/11/1957
79373005408,Beatriz Lima,09/09/1995
08809039074,Mariana Almeida,24/11/1981
11332106021,Ana Oliveira,03/07/1951
23952712403,Mariana Almeida,15/10/1965
80882498468,Ana Oliveira,08/02/1976
41728650010,Gabriel Rodrigues,02/05/2000
72481152437,Julia Costa,09/11/1980
26515514671,Pedro Santos,20/05/1984
69571147854,Rafael Ferreira,07/10/1967
05563622865,Beatriz Lima,18/01/1968
75147540576,Pedro Santos,09/01/1957
40609755461,Joao Silva,30/07/1954
36342902014,Julia Costa,25/03/1979
06996494795,Julia Costa,09/02/1973
76446496195,Joao Silva,01/08/1978
90332001838,Mariana Almeida,22/07/1966
97874022344,Mariana Almeida,19/06/1984
92022451311,Lucas Pereira,20/03/1967
66317117828,Mariana Almeida,11/11/1950
95140968742,Mariana Almeida,15/12/1992
97798041699,Julia Costa,13/11/1985
67596171843,Beatriz Lima,30/04/1954
36163617036,Mariana Almeida,07/06/1953
77785787836,Rafael Ferreira,15/08/1978
69108399851,Pedro Santos,09/02/2000
49447794946,Maria Souza,21/02/1973
96735003875,Mariana Almeida,19/03/1999
42130126651,Beatriz Lima,27/02/1959
04791954086,Pedro Santos,29/09/1956
09657030135,Pedro Santos,26/11/1989
87172422145,Mariana Almeida,15/06/1964
25626931057,Julia Costa,28/04/1951
05729463580,Mariana Almeida,08/10/1956
23461136319,Mariana Almeida,26/05/1983
79334044432,Julia Costa,10/05/1958
79344570339,Pedro Santos,30/09/1976
72051373028,Gabriel Rodrigues,04/01/1985
35175426840,Joao Silva,30/08/1953
93460731979,Rafael Ferreira,20/04/1973
86508772831,Gabriel Rodrigues,29/08/1973
43453741160,Mariana Almeida,13/01/1979
78149139879,Beatriz Lima,31/12/1956
83629596823,Rafael Ferreira,31/12/1977
17758939135,Pedro Santos,27/12/1972
64775553166,Julia Costa,03/01/1966
86730044683,Lucas Pereira,09/07/1953
29907611949,Joao Silva,17/02/1988
19351859866,Ana Oliveira,18/06/1956
51621037464,Ana Oliveira,27/05/1972
93980806597,Rafael Ferreira,15/05/1980
40661420732,Rafael Ferreira,12/11/1974
30347067331,Julia Costa,14/08/1989
46465879696,Joao Silva,10/09/1996
16454628309,Beatriz Lima,21/12/1972
92381582703,Mariana Almeida,05/05/1978
23250576659,Mariana Almeida,03/11/1965
84185987253,Joao Silva,10/04/1999
45215544740,Lucas Pereira,04/06/1968
17699881270,Julia Costa,24/12/1973
41078225283,Mariana Almeida,17/06/1966
09312625121,Maria Souza,27/08/1971
44570852180,Joao Silva,12/10/1960
16753615149,Rafael Ferreira,09/01/1999
14368239721,Beatriz Lima,26/12/1972
93255378485,Pedro Santos,05/09/2001
75736057796,Lucas Pereira,16/04/1963
12041313999,Joao Silva,10/12/1966
71070883991,Ana Oliveira,03/03/1962
14030085829,Maria Souza,26/01/1982
52744351957,Joao Silva,12/07/1994
64270567202,Ana Oliveira,24/10/1991
47748042978,Ana Oliveira,03/11/1951
95871157013,Julia Costa,10/07/1977
49632327911,Ana Oliveira,04/11/1955
11182685534,Ana Oliveira,16/08/1995
52575789669,Gabriel Rodrigues,24/03/1964
66867438961,Joao Silva,31/12/2001
91517843366,Maria Souza,25/10/1998
41819144735,Pedro Santos,23/02/1983
90902009887,Rafael Ferreira,15/08/1991
67573893917,Beatriz Lima,18/07/1977
22797973282,Mariana Almeida,08/08/1962
49432829414,Mariana Almeida,01/05/1958
90649332502,Rafael Ferreira,17/05/1964
69983685245,Julia Costa,20/08/1988
92000944481,Joao Silva,26/03/1980
97200572436,Maria Souza,10/10/2000
91468765962,Ana Oliveira,07/07/1977
22916093679,Lucas Pereira,26/05/1994
53354072398,Julia Costa,25/08/1984
35294375571,Pedro Santos,31/05/1993
41697056802,Maria Souza,03/11/2005
67764894437,Beatriz Lima,14/11/2003
84366336668,Maria Souza,15/01/1965
15221019259,Pedro Santos,17/10/1974
64727426848,Gabriel Rodrigues,06/04/1957
15781266164,Rafael Ferreira,13/10/1971
20280448951,Julia Costa,27/06/1952
48469122938,Julia Costa,15/08/1968
36449793600,Gabriel Rodrigues,30/08/1969
84063963146,Joao Silva,17/12/1982
96701042306,Gabriel Rodrigues,16/04/2005
38581121441,Julia Costa,27/05/1954
63208468261,Maria Souza,12/06/1972
65195715274,Julia Costa,13/09/1976
38882507512,Gabriel Rodrigues,19/04/1953
13973231468,Rafael Ferreira,04/04/1962
50362802094,Ana Oliveira,13/05/1995
05350826212,Gabriel Rodrigues,20/09/1974
22745055894,Rafael Ferreira,03/04/1985
26693192013,Maria Souza,01/05/1988
73919391281,Julia Costa,27/04/2004
31729028811,Ana Oliveira,11/03/1999
41566736944,Julia Costa,08/04/1986
71845352283,Mariana Almeida,11/12/1975
33694771110,Rafael Ferreira,03/05/1997
65158961502,Pedro Santos,31/12/1975
24751401701,Rafael Ferreira,18/02/1998
96914564872,Pedro Santos,27/03/1973
81866146237,Joao Silva,25/03/1954
67734947065,Maria Souza,12/08/1999
85925857935,Pedro Santos,10/04/1973
35349809470,Joao Silva,16/05/1985
43458877383,Joao Silva,23/04/1959
85152905124,Beatriz Lima,01/11/1959
50654732634,Beatriz Lima,20/09/1973
53413016211,Maria Souza,05/08/1952
95422649032,Joao Silva,11/12/1969
80876119526,Lucas Pereira,11/02/1979
34672870348,Julia Costa,16/06/1961
69372584759,Beatriz Lima,26/01/1977
92624896188,Julia Costa,05/07/1983
65706211926,Julia Costa,29/01/2005
60969155014,Mariana Almeida,17/11/1984
48008864432,Mariana Almeida,17/01/1970
07819386787,Joao Silva,03/05/1983
83563262512,Pedro Santos,06/01/1964
87298813664,Gabriel Rodrigues,15/04/1978
58362367750,Rafael Ferreira,25/09/1966
09341027974,Joao Silva,25/03/1988
99371307621,Julia Costa,15/04/1961
47684835053,Maria Souza,27/11/1954
20305401106,Maria Souza,02/01/1955
05777329424,Joao Silva,20/01/1966
95900152158,Gabriel Rodrigues,19/01/1964
83289738020,Ana Oliveira,23/04/1983
10352152200,Pedro Santos,02/08/1954
83684142647,Ana Oliveira,30/10/2001
21860312650,Lucas Pereira,29/07/1970
11330656930,Pedro Santos,04/07/1969
25826070388,Beatriz Lima,10/02/2004
83991864672,Ana Oliveira,17/10/1959
95954094302,Beatriz Lima,22/04/1999
27526115363,Mariana Almeida,02/01/1980
83430477400,Mariana Almeida,10/01/1958
81801570361,Pedro Santos,13/06/1967
41306276201,Rafael Ferreira,13/03/1987
02995780957,Ana Oliveira,22/04/1997
71391913488,Pedro Santos,03/03/1982
78528083032,Maria Souza,31/08/1987
81471502622,Gabriel Rodrigues,07/11/1989
39580517667,Rafael Ferreira,14/03/1969
39368162589,Julia Costa,17/01/1974
32132442906,Ana Oliveira,20/07/2003
23947391982,Pedro Santos,04/02/1977
57565178069,Beatriz Lima,22/04/1986
63440628291,Rafael Ferreira,12/04/1992
75850358870,Lucas Pereira,09/09/1976
96449238591,Ana Oliveira,31/10/1959
17253375381,Rafael Ferreira,31/12/1985
38406020154,Lucas Pereira,07/12/2001
61399055752,Mariana Almeida,28/07/1981
94513088400,Beatriz Lima,26/03/2001
13066100908,Pedro Santos,13/12/1970
43372672218,Ana Oliveira,10/09/1974
15365299343,Pedro Santos,31/08/1954
61468424064,Ana Oliveira,18/05/1966
52713125971,Lucas Pereira,14/10/1998
54434374720,Gabriel Rodrigues,31/08/2005
64804535130,Gabriel Rodrigues,08/09/1960
33718729856,Joao Silva,20/06/1995
59015393474,Julia Costa,17/11/1993
31304578192,Gabriel Rodrigues,15/05/1974
05019239989,Rafael Ferreira,28/02/1954
24928580971,Joao Silva,07/02/1959
02480317070,Ana Oliveira,04/07/1988
56921894457,Ana Oliveira,09/04/1990
78648388548,Gabriel Rodrigues,09/07/1967
20576570943,Beatriz Lima,31/07/1977
74179972159,Joao Silva,16/03/1959
61141657204,Mariana Almeida,27/11/1976
16744367616,Pedro Santos,11/01/1966
94290827780,Mariana Almeida,10/01/2005
46586847612,Pedro Santos,29/06/1980
64105074882,Mariana Almeida,06/04/1996
40474785604,Pedro Santos,26/08/1978
19744839379,Pedro Santos,14/06/1972
68237613536,Julia Costa,27/10/1976
39167360137,Pedro Santos,05/11/1954
08431073389,Ana Oliveira,05/08/2004
16689711479,Ana Oliveira,12/07/1954
93710814218,Julia Costa,20/07/1967
44070678125,Beatriz Lima,20/02/2001
39618688621,Rafael Ferreira,08/07/1978
26150104860,Rafael Ferreira,10/02/1976
14816856403,Pedro Santos,01/07/1996
21413383941,Julia Costa,08/01/1995
68045494568,Pedro Santos,15/12/1988
13170817591,Maria Souza,13/09/1988
32181456805,Rafael Ferreira,13/08/1977
51924698605,Joao Silva,22/09/1962
87163239732,Maria Souza,29/04/1967
49084922226,Gabriel Rodrigues,15/09/1964
28744310401,Ana Oliveira,29/01/1966
49340926318,Rafael Ferreira,13/12/2003
32619753118,Joao Silva,06/06/2005
19425392835,Joao Silva,25/11/1994
31611878243,Lucas Pereira,27/09/1960
00123495638,Lucas Pereira,01/01/1966
86924229087,Mariana Almeida,25/02/2003
07159094108,Lucas Pereira,15/04/1999
04775335933,Ana Oliveira,13/10/1953
30572431531,Ana Oliveira,03/04/1996
44367158877,Maria Souza,20/04/1999
06383504245,Gabriel Rodrigues,10/04/1966
64032741736,Joao Silva,01/11/1968
04555290631,Julia Costa,15/10/1956
71874108925,Beatriz Lima,22/12/1966
33631337616,Joao Silva,09/11/1984
39685155374,Maria Souza,05/08/1989
85052196821,Lucas Pereira,21/09/1963
48073953771,Rafael Ferreira,04/05/1988
35672687289,Mariana Almeida,11/01/1954
75331668743,Gabriel Rodrigues,23/09/1964
25432905467,Lucas Pereira,21/10/1964
25192565841,Julia Costa,03/12/1971
27124868609,Ana Oliveira,09/05/1980
78843030422,Joao Silva,23/11/1955
91762990632,Pedro Santos,27/07/1973
59457142078,Ana Oliveira,07/05/1988
20111741343,Mariana Almeida,19/04/1961
62327796977,Maria Souza,05/05/1979
15674814788,Ana Oliveira,24/02/1990
89784122480,Pedro Santos,02/12/2004
83456572580,Rafael Ferreira,27/07/1965
49947082861,Julia Costa,04/04/2005
37024851390,Joao Silva,27/04/1969
60354425017,Lucas Pereira,11/01/1991
75621910603,Beatriz Lima,27/12/1998
48683689141,Pedro Santos,03/04/1980
93013550454,Julia Costa,24/07/1991
89031512028,Pedro Santos,17/03/2005
89243872021,Julia Costa,04/08/1960
68012126045,Pedro Santos,23/10/1981
17540901112,Beatriz Lima,13/04/1985
10810355180,Rafael Ferreira,16/08/1990
54570547319,Beatriz Lima,05/09/1961
40651438520,Joao Silva,09/10/1953
52158895333,Beatriz Lima,17/08/1991
97072973821,Pedro Santos,23/06/1997
22905022507,Lucas Pereira,13/02/1954
74938712348,Ana Oliveira,14/07/1991
66829880101,Julia Costa,25/06/1993
32014881681,Joao Silva,19/08/1978
97188105380,Pedro Santos,16/08/1994
36738567815,Lucas Pereira,18/08/1996
55975728163,Maria Souza,09/11/1952
92244522328,Beatriz Lima,07/03/1997
94591364979,Gabriel Rodrigues,12/05/1993
15832063383,Pedro Santos,12/04/1957
80381172987,Gabriel Rodrigues,26/10/1982
92696551021,Joao Silva,19/06/1955
93189925636,Pedro Santos,22/07/1990
65210111887,Lucas Pereira,19/09/1954
60926929956,Pedro Santos,14/03/1996
99357345092,Pedro Santos,10/05/1970
28914872696,Mariana Almeida,15/07/1967
92581293192,Gabriel Rodrigues,28/10/1984
07997103165,Julia Costa,18/03/2004
58385330384,Rafael Ferreira,06/05/1998
60774153263,Maria Souza,06/12/1966
50134252341,Beatriz Lima,24/06/1968
50102299251,Ana Oliveira,18/05/1997
06611316538,Ana Oliveira,09/12/2000
57371692511,Pedro Santos,28/12/1989
78480757564,Julia Costa,08/02/1951
40172929494,Mariana Almeida,31/10/1997
81803623304,Mariana Almeida,20/04/1996
80231582966,Lucas Pereira,22/10/1954
84408712595,Gabriel Rodrigues,05/09/1972
00924224687,Ana Oliveira,23/01/1979
78957452210,Pedro Santos,03/11/1973
59578873168,Mariana Almeida,12/11/1951
49980507399,Gabriel Rodrigues,24/05/1967
46643793287,Beatriz Lima,30/11/2001
80137472741,Julia Costa,13/09/1977
02666816103,Rafael Ferreira,25/10/1991
39941001845,Julia Costa,19/02/1988
59069813313,Pedro Santos,29/12/1967
13285850237,Rafael Ferreira,22/01/1976
29776348915,Lucas Pereira,11/06/1993
05039370522,Maria Souza,12/12/1974
84847962062,Lucas Pereira,30/12/1962
79613005068,Lucas Pereira,05/04/1996
74320699728,Joao Silva,27/09/1993
54809733786,Joao Silva,14/04/1988
63135713088,Beatriz Lima,07/05/1954
97956830699,Rafael Ferreira,08/11/1968
61105434319,Gabriel Rodrigues,16/07/1990
68423095419,Ana Oliveira,04/04/2000
25650580215,Julia Costa,18/12/2001
07529792149,Mariana Almeida,04/11/1967
89560123368,Lucas Pereira,25/03/1974
10613308255,Lucas Pereira,01/03/1950
95467647023,Gabriel Rodrigues,13/06/1974
97907274767,Gabriel Rodrigues,25/12/1955
30400279470,Beatriz Lima,12/09/1952
24834391085,Lucas Pereira,04/08/2002
55167231034,Beatriz Lima,20/06/1955
54919383397,Ana Oliveira,13/10/1974
92085138370,Lucas Pereira,28/11/1973
67182754400,Beatriz Lima,15/01/1950
75564411371,Rafael Ferreira,08/10/2004
14453774446,Ana Oliveira,06/12/1981
70098746507,Lucas Pereira,04/09/2003
87163465177,Julia Costa,27/05/1993
03761770949,Ana Oliveira,22/06/1974
42271984473,Rafael Ferreira,23/12/1986
79827404132,Rafael Ferreira,18/07/1999
74569470754,Pedro Santos,12/06/1997
82263106295,Ana Oliveira,15/08/1950
54829397295,Pedro Santos,12/03/1990
46300339828,Gabriel Rodrigues,24/11/1956
64113641778,Gabriel Rodrigues,22/07/1968
64908140366,Rafael Ferreira,13/10/1997
52145173763,Pedro Santos,28/03/1986
56761221983,Lucas Pereira,14/02/1984
15588613545,Pedro Santos,02/02/1997
16807266091,Beatriz Lima,18/11/1987
55866777656,Maria Souza,16/08/1998
24857253941,Maria Souza,17/02/1950
51204717523,Joao Silva,01/11/1990
13407798253,Pedro Santos,09/02/1951
47389631228,Joao Silva,15/08/1967
33710946050,Mariana Almeida,20/05/1961
34422525272,Ana Oliveira,13/03/1950
10804964967,Julia Costa,22/01/1987
95186350615,Rafael Ferreira,08/03/1986
29387079535,Julia Costa,05/08/1961
53850478335,Joao Silva,08/06/1979
34702841121,Pedro Santos,05/04/1982
83999560779,Ana Oliveira,13/07/1956
56468787040,Lucas Pereira,15/03/1954
10089518109,Gabriel Rodrigues,19/10/1965
39196280723,Joao Silva,07/10/1976
35591346146,Mariana Almeida,04/05/1981
76471095277,Pedro Santos,22/02/1964
88882803150,Pedro Santos,07/10/1951
43955701939,Pedro Santos,29/12/1973
78544961271,Julia Costa,08/12/2005
83190742349,Joao Silva,28/01/1970
30304641261,Rafael Ferreira,01/09/1987
62874847596,Maria Souza,23/09/1985
93693766871,Maria Souza,17/04/1973
40131904451,Gabriel Rodrigues,12/01/1981
53802347875,Beatriz Lima,22/08/1951
74034497549,Maria Souza,12/02/2000
45615143652,Maria Souza,07/04/1997
87973323282,Mariana Almeida,26/03/1975
29631959197,Joao Silva,16/03/2005
33560864059,Gabriel Rodrigues,02/09/1993
14592987317,Maria Souza,26/12/2003
47918885462,Pedro Santos,25/07/1973
60238379420,Mariana Almeida,28/02/1993
80589281207,Joao Silva,16/11/1983
29668176736,Gabriel Rodrigues,14/12/1957
23520841975,Mariana Almeida,03/09/2002
61616448914,Ana Oliveira,01/07/1955
61854194863,Pedro Santos,12/10/1954
09069031473,Maria Souza,25/01/1979
12088958597,Ana Oliveira,18/08/1989
29797723880,Rafael Ferreira,02/01/2003
96541630938,Julia Costa,25/08/1961
70926292332,Julia Costa,07/04/1996
84635510466,Rafael Ferreira,28/08/2000
92022556946,Lucas Pereira,12/08/1986
54537237278,Maria Souza,30/04/1970
84247032751,Lucas Pereira,10/02/1990
83632161427,Julia Costa,08/08/1979
90546080813,Ana Oliveira,27/11/1950
53219875892,Beatriz Lima,06/04/1996
93385041540,Beatriz Lima,23/08/1997
35093107629,Lucas Pereira,17/02/1986
91909685543,Julia Costa,26/07/1959
55376894683,Lucas Pereira,24/10/1956
81502837783,Lucas Pereira,30/10/1986
02996759119,Rafael Ferreira,29/05/1972
19095606912,Julia Costa,25/11/1997
31642279022,Pedro Santos,19/11/1967
79678856618,Maria Souza,05/12/1984
78160062365,Gabriel Rodrigues,07/04/2000
95408411839,Beatriz Lima,26/12/2002
27244892486,Pedro Santos,27/08/1989
80570878580,Lucas Pereira,21/04/1959
52152887219,Mariana Almeida,18/05/1993
02921426558,Rafael Ferreira,30/04/1979
39630225187,Maria Souza,27/07/1985
33297224624,Rafael Ferreira,09/12/1967
36941623513,Mariana Almeida,07/12/1965
20268071023,Julia Costa,21/12/1974
61122101402,Lucas Pereira,25/03/1964
62480728040,Pedro Santos,13/03/1983
16150556993,Pedro Santos,12/01/1992
20020220470,Joao Silva,09/01/1984
19837461558,Pedro Santos,27/07/1988
54798125792,Lucas Pereira,27/05/1953
95853105000,Mariana Almeida,08/01/1989
19654190739,Gabriel Rodrigues,02/09/1979
58226801854,Maria Souza,29/08/1980
72051492719,Joao Silva,28/06/1954
06464895152,Beatriz Lima,30/08/1987
35103590922,Joao Silva,27/06/1952
25886992760,Lucas Pereira,05/07/1997
50222240009,Ana Oliveira,31/07/2003
42365906203,Maria Souza,22/01/1986
30211935073,Ana Oliveira,09/07/1987
60497841213,Gabriel Rodrigues,16/01/1994
68717924954,Mariana Almeida,19/08/1950
15422280997,Pedro Santos,02/12/1963
57783142822,Joao Silva,22/07/1960
11257006860,Gabriel Rodrigues,29/12/1968
13268110695,Joao Silva,11/05/1982
53408054319,Ana Oliveira,27/05/1980
73141439023,Gabriel Rodrigues,28/08/1954
39652466214,Mariana Almeida,05/11/1994
75763639035,Mariana Almeida,18/07/1965
85583711974,Lucas Pereira,28/06/1967
64610132198,Gabriel Rodrigues,20/02/1974
26383389684,Beatriz Lima,31/10/1998
59820100652,Julia Costa,10/10/1996
21440597546,Gabriel Rodrigues,19/03/2002
82529151447,Ana Oliveira,28/10/2000
86930927631,Rafael Ferreira,09/09/2002
58301237968,Lucas Pereira,06/02/1965
54832904929,Maria Souza,17/06/1978
78933343506,Mariana Almeida,22/02/1993
29189467670,Rafael Ferreira,29/07/1969
65147702070,Ana Oliveira,28/08/1955
93495123552,Rafael Ferreira,19/11/1977
79127724550,Julia Costa,14/06/1952
69347623641,Pedro Santos,16/04/1957
02838355808,Ana Oliveira,27/02/1968
67133238679,Maria Souza,05/04/1986
22609711093,Maria Souza,02/05/1980
81015013998,Beatriz Lima,05/07/1962
93029122773,Pedro Santos,27/09/1977
57496265296,Lucas Pereira,03/08/1995
32853842665,Pedro Santos,27/04/1992
54696129266,Beatriz Lima,11/03/1994
88420570567,Gabriel Rodrigues,12/05/2002
72561362954,Joao Silva,22/09/1973
98744900863,Gabriel Rodrigues,12/08/1982
80221828665,Joao Silva,15/12/1979
66915074967,Ana Oliveira,28/03/1969
85236979086,Rafael Ferreira,19/10/1975
60611223672,Pedro Santos,08/06/1985
12834450336,Julia Costa,06/04/1964
46714528893,Gabriel Rodrigues,17/07/1972
93523940250,Maria Souza,08/02/1985
92743009988,Rafael Ferreira,19/11/1976
34125283533,Ana Oliveira,17/03/2000
32447067480,Julia Costa,06/09/1977
50352135229,Rafael Ferreira,04/10/1956
31449226919,Ana Oliveira,13/02/1996
39232189792,Beatriz Lima,13/02/1981
91760039562,Rafael Ferreira,28/03/1986
30838539640,Mariana Almeida,18/02/1966
84831970292,Gabriel Rodrigues,09/05/1979
90580713692,Gabriel Rodrigues,10/07/1988
68665516900,Lucas Pereira,01/10/1971
83679151043,Rafael Ferreira,31/01/1987
80437910514,Rafael Ferreira,20/10/1968
86200250389,Joao Silva,22/12/1978
59707098118,Pedro Santos,06/01/1969
56350160461,Mariana Almeida,25/09/1964
41671146832,Ana Oliveira,22/05/1951
84747485952,Joao Silva,03/03/1972
66776554063,Gabriel Rodrigues,16/12/1957
07750463199,Gabriel Rodrigues,26/05/2003
32004111260,Joao Silva,06/12/1997
17022906241,Maria Souza,07/12/1965
40609341503,Rafael Ferreira,27/05/1979
52182704097,Julia Costa,10/11/1967
06204509447,Julia Costa,25/06/1987
39745333067,Maria Souza,30/04/1960
30306488741,Lucas Pereira,31/03/1954
98939729592,Julia Costa,03/04/1958
06817889021,Pedro Santos,29/11/1975
33255486318,Joao Silva,24/06/2004
09194878171,Mariana Almeida,18/04/1978
36728423491,Gabriel Rodrigues,14/01/1989
89556034632,Lucas Pereira,12/06/1991
82000044877,Joao Silva,09/02/1984
30535474610,Maria Souza,12/08/1996
21608992313,Rafael Ferreira,13/08/1968
25065296240,Beatriz Lima,25/09/1996
46322421263,Pedro Santos,09/04/1987
28420182387,Joao Silva,11/05/1997
50391715763,Lucas Pereira,21/10/1978
89714892223,Joao Silva,16/10/1959
77030764539,Gabriel Rodrigues,26/11/1994
75547424916,Gabriel Rodrigues,21/04/1955
97185706659,Gabriel Rodrigues,04/02/1976
58908806091,Beatriz Lima,15/01/1965
73395048293,Rafael Ferreira,10/04/1970
25875845755,Rafael Ferreira,01/12/1951
86579860996,Beatriz Lima,24/01/1965
29850444056,Rafael Ferreira,22/03/1958
69626551282,Beatriz Lima,03/05/1966
66066311398,Pedro Santos,28/03/1957
77569578192,Julia Costa,25/08/1964
18836217599,Lucas Pereira,06/09/1970
00955202040,Maria Souza,21/03/2001
80773349832,Rafael Ferreira,16/12/1952
96517287288,Rafael Ferreira,08/01/1950
59608299539,Pedro Santos,04/11/1952
60858193324,Rafael Ferreira,30/11/1969
77854218761,Rafael Ferreira,24/07/1991
81492475954,Joao Silva,20/01/1953
21801576000,Joao Silva,03/12/1991
99018745753,Beatriz Lima,02/05/1962
63023831188,Lucas Pereira,24/12/1973
05391825696,Pedro Santos,25/02/1977
90631849002,Maria Souza,12/03/1974
82432521586,Pedro Santos,24/01/1973
14145862684,Maria Souza,15/11/2003
29914640682,Gabriel Rodrigues,16/04/1995
73347977316,Beatriz Lima,17/09/1951
57218990687,Ana Oliveira,03/10/1952
12883869111,Rafael Ferreira,10/02/1988
64444648301,Mariana Almeida,10/06/1978
68535833273,Julia Costa,30/05/1981
89488564088,Ana Oliveira,05/02/1954
76349732869,Maria Souza,22/08/2005
78492856167,Pedro Santos,17/02/1990
49569099493,Beatriz Lima,22/02/1950
53446033918,Maria Souza,05/10/1991
38920013300,Pedro Santos,19/09/1995
60739449171,Lucas Pereira,12/12/1992
06944768617,Maria Souza,24/09/1995
66877417952,Joao Silva,16/04/1991
59242274393,Rafael Ferreira,25/07/1951
04944135527,Joao Silva,22/11/1990
40546224994,Beatriz Lima,15/04/1983
14457777976,Julia Costa,16/09/1953
88584771969,Maria Souza,23/08/1962
73415127491,Pedro Santos,29/06/1965
30082461713,Gabriel Rodrigues,21/06/1973
06785573085,Pedro Santos,22/10/1951
36375696494,Julia Costa,10/10/1991
26394427100,Beatriz Lima,23/05/1997
32148101824,Julia Costa,08/12/1974
32255721412,Ana Oliveira,15/09/2005
37732766442,Rafael Ferreira,21/05/1973
01787915126,Beatriz Lima,01/03/1981
77154843236,Julia Costa,22/02/1976
47033080539,Joao Silva,14/08/2000
06711965694,Joao Silva,13/03/2000
60706973836,Rafael Ferreira,28/01/1976
78504694667,Mariana Almeida,10/08/1986
77843002832,Maria Souza,22/03/1963
91855788165,Pedro Santos,02/08/1951
17423356025,Ana Oliveira,01/12/1964
03120834449,Julia Costa,03/06/1999
68679784129,Maria Souza,16/11/1950
11484674659,Beatriz Lima,10/02/1990
38098363115,Pedro Santos,24/10/1990
64671879410,Joao Silva,11/03/2003
46529109164,Rafael Ferreira,23/03/1974
60299455973,Joao Silva,05/01/1987
71981084888,Lucas Pereira,23/06/1954
70033736374,Beatriz Lima,22/03/1979
55511253538,Pedro Santos,06/03/1969
69782723820,Lucas Pereira,12/05/1983
82570844241,Beatriz Lima,01/01/1989
38909307595,Joao Silva,31/05/1970
65486362291,Gabriel Rodrigues,27/05/1993
05911544888,Lucas Pereira,03/04/1982
48983416599,Ana Oliveira,03/10/1983
37933526350,Mariana Almeida,29/01/1973
71892386196,Mariana Almeida,14/06/1959
59746115464,Lucas Pereira,30/09/1950
59343678827,Joao Silva,31/07/1977
96854040493,Mariana Almeida,05/10/1975
58872560403,Julia Costa,02/05/1964
68137874510,Maria Souza,01/10/1957
71085628845,Gabriel Rodrigues,07/08/1996
34673619539,Lucas Pereira,29/01/1952
70784884191,Beatriz Lima,09/02/1970
73889282259,Maria Souza,14/05/1997
16542934144,Gabriel Rodrigues,17/11/1997
67939332199,Mariana Almeida,13/01/1979
67779087281,Gabriel Rodrigues,09/11/1975
34988798767,Beatriz Lima,05/12/1965
87751438652,Julia Costa,14/01/1952
03975347027,Gabriel Rodrigues,11/03/1956
73664532116,Mariana Almeida,21/10/1970
21824830060,Rafael Ferreira,07/01/2003
57385198142,Mariana Almeida,28/03/1988
29913462193,Pedro Santos,06/08/1972
36494099204,Gabriel Rodrigues,25/04/1981
99797107801,Rafael Ferreira,12/04/1993
47897995272,Joao Silva,01/09/1967
36648201213,Ana Oliveira,29/05/1952
11218987211,Lucas Pereira,23/01/1959
55272348039,Rafael Ferreira,23/08/1996
24298836037,Julia Costa,17/09/1989
31754901494,Joao Silva,02/10/1992
49018917976,Joao Silva,05/10/1966
14337146803,Gabriel Rodrigues,18/02/2004
40878731533,Beatriz Lima,23/06/1987
77934692092,Lucas Pereira,22/06/1970
61008967832,Rafael Ferreira,26/04/1953
15902920564,Pedro Santos,20/03/1987
93040127040,Maria Souza,07/02/1998
41826196590,Rafael Ferreira,16/07/1976
53061101392,Lucas Pereira,03/06/1972
98852167493,Pedro Santos,22/08/1997
74113029727,Ana Oliveira,05/02/1991
95432097423,Joao Silva,25/11/1976
16203755075,Pedro Santos,24/01/1996
26835602064,Joao Silva,11/01/1958
66568977916,Julia Costa,03/06/1993
53799217991,Rafael Ferreira,28/11/1983
29165665656,Beatriz Lima,28/02/1950
96652071009,Beatriz Lima,31/01/1965
81410652524,Beatriz Lima,12/03/1954
25653386333,Ana Oliveira,13/09/1993
17321242748,Pedro Santos,05/05/1967
52160241246,Lucas Pereira,19/05/1970
75295353730,Lucas Pereira,17/05/1959
18382014854,Rafael Ferreira,21/01/1973
57540620606,Beatriz Lima,14/11/1974
34038341646,Ana Oliveira,09/12/1990
42494958421,Gabriel Rodrigues,12/11/1998
39824632825,Joao Silva,13/06/1956
58580166372,Maria Souza,10/01/1996
50505882347,Julia Costa,27/03/1996
69131552131,Ana Oliveira,05/05/1993
61734647526,Maria Souza,08/10/1964
72452283379,Ana Oliveira,18/10/1964
72341310744,Julia Costa,19/07/1950
89548868955,Gabriel Rodrigues,25/05/1988
75752871671,Julia Costa,26/04/1989
12889669705,Ana Oliveira,21/05/1992
59632162110,Pedro Santos,06/07/1973
12321794792,Beatriz Lima,19/06/1956
12810578786,Mariana Almeida,03/05/1981
34308581535,Ana Oliveira,16/04/2005
64836806578,Beatriz Lima,21/08/2000
65593986459,Pedro Santos,28/05/1991
38152345417,Julia Costa,17/06/1953
35443952557,Beatriz Lima,28/02/1979
90628768673,Julia Costa,28/08/1952
20511840743,Joao Silva,09/11/1976
06265248217,Julia Costa,22/04/1958
13294376960,Mariana Almeida,10/12/2001
57530786507,Joao Silva,07/03/1989
82235665507,Mariana Almeida,31/08/1996
26037561213,Maria Souza,27/04/1961
02198957487,Beatriz Lima,18/08/1956
04675880382,Julia Costa,29/10/1978
94925329405,Ana Oliveira,01/10/1982
13251549647,Lucas Pereira,05/02/1954
30274815396,Lucas Pereira,11/11/1968
47288758428,Ana Oliveira,09/04/1987
49331755918,Mariana Almeida,16/07/1993
25698496745,Maria Souza,28/11/1985
79015390602,Julia Costa,22/10/1959
58828632887,Ana Oliveira,15/03/1962
84861528099,Beatriz Lima,13/08/1980
34642577701,Joao Silva,02/11/1988
44948928219,Ana Oliveira,21/05/1999
08305954645,Ana Oliveira,08/09/1972
87155847890,Maria Souza,18/09/1963
82999847221,Joao Silva,14/11/1968
82947282756,Joao Silva,08/01/1954
45480338972,Pedro Santos,29/09/1987
11292421247,Lucas Pereira,02/04/1987
33282170101,Beatriz Lima,22/08/1982
04619327390,Gabriel Rodrigues,26/04/1957
68870536591,Mariana Almeida,23/01/1996
92601233335,Maria Souza,05/12/1958
41631893712,Joao Silva,26/04/1979
34035423413,Rafael Ferreira,24/11/1967
54669518967,Ana Oliveira,12/12/1984
90589595349,Gabriel Rodrigues,25/10/2003
90014567699,Joao Silva,04/11/1998
42264196590,Julia Costa,12/10/1990
33199647530,Maria Souza,31/05/2003
06217303367,Ana Oliveira,11/09/1964
03413476180,Lucas Pereira,10/09/1998
14636751879,Lucas Pereira,01/04/1962
30809121575,Julia Costa,06/04/1978
15558312271,Rafael Ferreira,13/11/1973
74302412073,Mariana Almeida,31/10/1994
99161322517,Mariana Almeida,22/08/1974
94442732801,Rafael Ferreira,16/11/1969
45408212911,Julia Costa,10/04/2004
44362006843,Gabriel Rodrigues,15/12/1972
12006948583,Lucas Pereira,20/11/1968
29069254221,Beatriz Lima,01/10/1963
23496821304,Rafael Ferreira,18/02/1985
93347130794,Beatriz Lima,13/01/1992
58334050887,Lucas Pereira,28/10/1953
68504706901,Beatriz Lima,03/07/1985
91991122937,Rafael Ferreira,23/04/1968
06215779416,Joao Silva,05/08/1954
58131889435,Maria Souza,19/11/1955
72900864488,Gabriel Rodrigues,04/11/1964
53603942073,Julia Costa,04/06/1966
02606211905,Lucas Pereira,03/09/1983
06298253145,Lucas Pereira,27/07/1981
53258787246,Mariana Almeida,29/10/1990
54532939981,Lucas Pereira,17/05/1991
77727424309,Joao Silva,19/07/1990
04097016634,Rafael Ferreira,21/06/1969
07334332602,Gabriel Rodrigues,16/03/1977
47930979361,Ana Oliveira,04/07/1984
75499348762,Pedro Santos,21/05/2000
75432331146,Gabriel Rodrigues,30/05/1958
69921541934,Joao Silva,02/08/1970
78993180577,Maria Souza,11/10/1977
15090269342,Mariana Almeida,09/10/1953
75663079119,Ana Oliveira,01/05/1969
46007651766,Rafael Ferreira,29/11/1990
99152536735,Joao Silva,12/09/1964
17983414056,Mariana Almeida,03/03/1979
26519000205,Mariana Almeida,16/08/1982
73044124214,Ana Oliveira,23/03/1957
96335959076,Mariana Almeida,27/10/1978
01759815612,Gabriel Rodrigues,07/08/1950
87132424353,Lucas Pereira,03/03/1980
46161669600,Beatriz Lima,21/04/2005
46531799660,Gabriel Rodrigues,30/11/1971
84357836450,Ana Oliveira,02/10/1971
07694880536,Rafael Ferreira,23/07/2001
59042948412,Gabriel Rodrigues,23/02/2002
44041562702,Julia Costa,25/06/1966
23393864942,Joao Silva,27/03/1995
46243973825,Mariana Almeida,20/10/1962
38903001395,Lucas Pereira,11/02/1986
60036348001,Mariana Almeida,20/09/1987
44472287899,Rafael Ferreira,25/08/1969
98968693277,Pedro Santos,21/12/2005
48296703853,Rafael Ferreira,04/08/1981
27575357940,Ana Oliveira,04/06/1974
89886888818,Rafael Ferreira,07/06/2004
85006296565,Rafael Ferreira,09/06/1956
81690696221,Rafael Ferreira,12/09/1988
01581765774,Mariana Almeida,24/06/1969
28248714669,Mariana Almeida,30/05/1988
82897023879,Ana Oliveira,06/09/1972
11122284344,Ana Oliveira,16/05/1992
79041826334,Pedro Santos,18/04/2002
79065725873,Julia Costa,24/02/2000
06440638472,Ana Oliveira,08/09/1956
73876292963,Gabriel Rodrigues,15/08/1961
56857236826,Gabriel Rodrigues,26/05/1978
86953105158,Ana Oliveira,13/08/1958
88539202411,Lucas Pereira,24/08/1964
24417535976,Ana Oliveira,22/02/1996
52704592287,Maria Souza,08/10/1981
76772795829,Ana Oliveira,04/01/1995
27004261487,Joao Silva,26/04/1986
20463058754,Gabriel Rodrigues,21/01/1981
02481838911,Julia Costa,16/05/1994
99978001600,Julia Costa,04/01/1986
90472759464,Joao Silva,02/03/1971
45020664055,Beatriz Lima,14/04/1995
33363236862,Mariana Almeida,04/02/1951
05683905572,Rafael Ferreira,09/06/1993
52627543042,Lucas Pereira,14/09/1981
10138804114,Beatriz Lima,16/08/2004
55414109005,Julia Costa,16/06/1953
23896614490,Rafael Ferreira,07/01/1971
39263831021,Joao Silva,11/09/1959
35132147093,Rafael Ferreira,03/01/1955
66810757327,Mariana Almeida,03/06/1959
67484796086,Mariana Almeida,02/09/1966
04371955821,Gabriel Rodrigues,27/05/1979
67022588550,Lucas Pereira,30/04/2005
16014145320,Ana Oliveira,12/09/1969
57270963899,Mariana Almeida,19/10/1976
12513536942,Beatriz Lima,21/12/2002
29594491022,Rafael Ferreira,14/06/1990
95896104349,Joao Silva,22/08/1990
36383477222,Lucas Pereira,15/12/1953
32893757321,Mariana Almeida,16/12/1980
79121859352,Gabriel Rodrigues,21/10/1955
09143292845,Beatriz Lima,18/03/1952
61386066325,Gabriel Rodrigues,13/05/1968
35301058721,Maria Souza,06/04/1977
65598921110,Pedro Santos,21/05/1965
16247370040,Joao Silva,03/07/1996
39524617152,Lucas Pereira,07/08/1988
75224880180,Joao Silva,07/07/1957
44105180729,Gabriel Rodrigues,03/08/1965
66578907740,Beatriz Lima,12/11/1980
99514746358,Maria Souza,30/11/1979
75373332535,Julia Costa,15/01/1951
67660807437,Rafael Ferreira,15/04/1994
41806933416,Julia Costa,22/07/1971
31823090914,Joao Silva,20/01/1956
54340150604,Lucas Pereira,24/04/1995
01366385640,Joao Silva,14/02/1974
13399139676,Ana Oliveira,16/02/1984
73607732331,Lucas Pereira,04/04/1965
69193185242,Julia Costa,19/02/1977
71785381754,Gabriel Rodrigues,07/02/1952
74126589462,Lucas Pereira,22/08/1971
19950754288,Ana Oliveira,03/01/1976
87928530544,Beatriz Lima,04/08/1968
45542451761,Lucas Pereira,19/10/1959
53900379772,Mariana Almeida,03/07/1960
63750555101,Beatriz Lima,18/02/2003
32196983573,Lucas Pereira,10/01/1958
74111446692,Gabriel Rodrigues,02/03/1967
17860995278,Lucas Pereira,18/07/1985
60205140124,Pedro Santos,15/04/1950
06032307034,Beatriz Lima,21/05/1991
83383267993,Mariana Almeida,28/01/1971
93238319836,Ana Oliveira,24/07/1989
56547001906,Mariana Almeida,13/12/1969
37494158077,Beatriz Lima,02/02/1976
38759859693,Ana Oliveira,27/06/1991
28539078666,Rafael Ferreira,06/08/1990
92136767746,Beatriz Lima,03/04/1967
36819487935,Lucas Pereira,06/02/1986
16530742174,Joao Silva,30/06/1975
40894988325,Mariana Almeida,16/11/2003
89350567746,Rafael Ferreira,15/10/1954
69413387410,Rafael Ferreira,20/08/1979
23322056518,Ana Oliveira,12/04/1981
36680630966,Mariana Almeida,05/07/1999
28060907134,Julia Costa,30/08/1999
76366474681,Mariana Almeida,22/01/1986
04182987058,Julia Costa,04/08/1960
55932063235,Pedro Santos,27/05/1960
69582327532,Mariana Almeida,31/08/1982
43772139277,Gabriel Rodrigues,19/07/1980
58423050274,Gabriel Rodrigues,21/12/2004
72066420125,Gabriel Rodrigues,17/09/1955
98458339582,Lucas Pereira,26/09/1988
64511757480,Beatriz Lima,19/11/1953
60994906754,Mariana Almeida,19/04/1958
75732381685,Julia Costa,25/05/1957
80592302007,Ana Oliveira,14/12/1988
47740636194,Rafael Ferreira,01/11/1963
52615575673,Joao Silva,04/04/1966
46776968167,Beatriz Lima,14/08/1983
08123763036,Joao Silva,15/04/1983
91731449938,Joao Silva,03/06/1958
44225178303,Mariana Almeida,28/10/2001
08708185571,Rafael Ferreira,11/09/1963
51552479370,Rafael Ferreira,28/02/1987
12459238886,Maria Souza,28/01/1960
86085139442,Rafael Ferreira,08/04/1965
31823668847,Julia Costa,26/06/1982
81287392082,Pedro Santos,08/08/1950
03325963456,Julia Costa,15/03/1991
09032896697,Lucas Pereira,26/10/1961
45607877825,Gabriel Rodrigues,07/05/1968
74463632866,Mariana Almeida,22/12/1988
25565276003,Joao Silva,21/12/1980
62184474838,Mariana Almeida,14/09/1987
02570235916,Maria Souza,08/08/1987
47784590194,Ana Oliveira,05/01/1974
19805932613,Ana Oliveira,05/01/1973
79381341270,Gabriel Rodrigues,18/11/1988
89515113692,Ana Oliveira,28/05/1964
10907175242,Mariana Almeida,28/08/1963
51120775724,Gabriel Rodrigues,13/03/1970
08320161985,Gabriel Rodrigues,18/05/1977
10558909385,Rafael Ferreira,13/09/1955
61020897928,Lucas Pereira,12/07/1963
03904459731,Beatriz Lima,20/03/1959
10414408457,Pedro Santos,22/08/1985
79008848390,Rafael Ferreira,04/02/2005
43742427740,Gabriel Rodrigues,27/06/1953
68549020618,Mariana Almeida,14/07/2001
91582496036,Rafael Ferreira,26/11/1965
69711535251,Pedro Santos,19/04/1963
80120100380,Mariana Almeida,16/03/2004
78064005957,Julia Costa,30/04/1951
80880653189,Gabriel Rodrigues,01/10/1963
22022115411,Joao Silva,11/07/1957
15606703163,Rafael Ferreira,25/10/1957
77682423682,Lucas Pereira,10/09/1968
17243317453,Rafael Ferreira,25/01/1978
52046043712,Beatriz Lima,30/10/1991
34344118618,Mariana Almeida,07/03/1990
57864078843,Pedro Santos,02/11/1997
88225633801,Lucas Pereira,22/10/2001
19595500069,Mariana Almeida,03/09/1987
24353969636,Ana Oliveira,23/02/1962
23973934870,Lucas Pereira,05/09/1980
32583155855,Rafael Ferreira,28/08/1991
56063791402,Beatriz Lima,30/10/1972
53234988883,Pedro Santos,09/07/1974
10217578218,Joao Silva,06/04/1963
91617681069,Gabriel Rodrigues,01/03/1974
62595712637,Julia Costa,15/11/1986
15981597006,Lucas Pereira,09/10/1999
12986406376,Beatriz Lima,24/06/1962
01351802490,Beatriz Lima,19/01/2003
38683560045,Beatriz Lima,12/07/1984
58286977244,Ana Oliveira,30/01/1955
64599576404,Julia Costa,13/09/1973
59407497124,Julia Costa,17/08/2002
01219704262,Maria Souza,01/02/1960
28450479524,Rafael Ferreira,05/09/1966
74504160642,Pedro Santos,03/07/1980
90441478371,Mariana Almeida,17/09/1966
23407944801,Julia Costa,24/03/1989
18473160552,Mariana Almeida,30/12/1992
46905850429,Beatriz Lima,08/05/2004
11279385946,Joao Silva,02/02/1951
76611102808,Lucas Pereira,30/09/1977
35188096925,Julia Costa,23/02/1985
81473852757,Beatriz Lima,09/05/2001
38564130695,Ana Oliveira,11/08/1968
92297458324,Joao Silva,28/08/1956
29525989071,Maria Souza,05/09/1973
98826051076,Maria Souza,17/01/1969
01426022325,Lucas Pereira,23/01/1964
21250020546,Gabriel Rodrigues,30/09/1972
93458731689,Joao Silva,18/11/1970
22272078148,Mariana Almeida,14/03/1994
33507733601,Ana Oliveira,18/06/1968
94658212476,Joao Silva,13/11/1985
94160299867,Julia Costa,18/03/2001
48448022294,Ana Oliveira,27/06/2004
47369232418,Rafael Ferreira,21/06/2004
77648225928,Rafael Ferreira,21/12/1952
52256923174,Beatriz Lima,21/06/1954
32284115879,Beatriz Lima,27/12/1998
18629557083,Ana Oliveira,25/10/1959
67635108942,Ana Oliveira,10/01/1997
49987601353,Beatriz Lima,27/09/1998
79785896543,Rafael Ferreira,15/10/1972
53801716160,Mariana Almeida,07/03/1999
16560985850,Mariana Almeida,15/04/1983
34808654062,Lucas Pereira,11/08/1979
42292055796,Lucas Pereira,08/10/2002
69988685378,Joao Silva,14/12/1997
42141270276,Lucas Pereira,30/10/1987
37927875770,Beatriz Lima,23/08/1981
66498095340,Joao Silva,16/10/1986
93475728473,Maria Souza,15/05/1983
49053971815,Gabriel Rodrigues,09/05/1987
53822856645,Rafael Ferreira,17/05/1989
25767382435,Lucas Pereira,07/05/1977
14629992601,Maria Souza,22/03/1968
90025675761,Joao Silva,29/04/2004
46596486829,Rafael Ferreira,06/07/1974
26524117432,Julia Costa,26/08/1972
97962190116,Julia Costa,13/01/1962
47757556587,Julia Costa,31/03/1998
98813982270,Julia Costa,10/12/1990
10951550867,Maria Souza,24/11/1956
80294479999,Maria Souza,02/03/1962
05775132667,Lucas Pereira,18/12/1959
34695628227,Gabriel Rodrigues,14/07/1997
58175829221,Lucas Pereira,11/05/1972
37646351332,Julia Costa,16/06/1977
48563247539,Beatriz Lima,20/08/1977
09022379585,Lucas Pereira,01/12/1993
64441140781,Pedro Santos,03/08/1972
96004219187,Beatriz Lima,10/05/1983
33113976400,Pedro Santos,03/07/1979
51063497136,Mariana Almeida,31/10/1952
21375364660,Maria Souza,08/04/1958
60009661154,Joao Silva,26/03/1968
66867534165,Beatriz Lima,23/06/1957
95871434710,Mariana Almeida,03/06/1984
32334399723,Joao Silva,05/10/1985
76004442099,Pedro Santos,09/12/1963
37165949687,Joao Silva,16/02/1995
10472134547,Beatriz Lima,23/04/1968
51175460492,Mariana Almeida,27/08/1986
56778734707,Joao Silva,02/02/1964
16184070073,Maria Souza,16/06/1988
41808949944,Beatriz Lima,06/02/1968
86770656120,Julia Costa,10/06/1988
86988192878,Maria Souza,07/05/1975
55792699052,Beatriz Lima,13/06/1984
10651693907,Julia Costa,31/08/1965
72836468915,Beatriz Lima,23/07/1957
75607857179,Rafael Ferreira,11/02/1981
23778788293,Julia Costa,08/06/1966
12298359600,Joao Silva,02/01/1974
89494682237,Pedro Santos,11/12/1990
65553385839,Gabriel Rodrigues,22/09/1999
07841711672,Pedro Santos,02/08/1994
72456713748,Beatriz Lima,12/07/1983
94081207654,Beatriz Lima,11/10/1964
01140632099,Lucas Pereira,11/02/1995
07929772718,Pedro Santos,04/04/1957
53559667079,Rafael Ferreira,13/10/1999
98298501120,Joao Silva,06/10/1972
92715583496,Ana Oliveira,16/03/1973
85345136075,Ana Oliveira,15/05/1951
44061254612,Maria Souza,01/04/1960
82265591453,Julia Costa,03/11/1978
30172310886,Maria Souza,05/08/1987
05369081921,Gabriel Rodrigues,06/01/1972
93682217996,Pedro Santos,06/10/1957
34789755153,Joao Silva,10/04/1978
82256135383,Beatriz Lima,29/11/2001
59387683737,Julia Costa,07/02/2005
70741330426,Beatriz Lima,21/08/1990
53684578855,Gabriel Rodrigues,22/12/1997
19087614423,Pedro Santos,14/09/1983
77183478734,Julia Costa,18/07/1990
97012368937,Ana Oliveira,17/04/1989
08033879344,Pedro Santos,10/01/1968
07210654779,Beatriz Lima,17/02/1992
42597805150,Joao Silva,09/07/1968
72807547769,Beatriz Lima,14/01/1961
65731043766,Beatriz Lima,16/09/1981
32489339344,Julia Costa,20/05/2000
31095128533,Joao Silva,23/05/1967
71561434721,Pedro Santos,10/12/2002
36723049691,Julia Costa,05/05/1970
93094530035,Rafael Ferreira,14/03/1951
33521864964,Maria Souza,02/02/1991
01594713129,Beatriz Lima,08/04/1984
49206459082,Beatriz Lima,24/06/1962
06683970995,Lucas Pereira,26/05/1997
34541480569,Pedro Santos,26/03/1987
54238673206,Ana Oliveira,23/02/1954
00386969173,Lucas Pereira,20/02/1972
69439579786,Lucas Pereira,16/02/1981
30950553236,Lucas Pereira,27/02/1988
51499906552,Pedro Santos,06/09/1995
28472248594,Beatriz Lima,11/08/1965
31782287552,Lucas Pereira,10/05/1957
08656508613,Maria Souza,27/11/1985
27380194635,Beatriz Lima,28/06/1964
88217748358,Beatriz Lima,18/11/1992
66866396042,Maria Souza,23/05/1971
78011543926,Julia Costa,03/07/1951
55845334628,Ana Oliveira,08/03/1962
51239096700,Rafael Ferreira,05/12/1967
75055517256,Gabriel Rodrigues,25/05/1956
30948157029,Gabriel Rodrigues,11/01/1968
73154865504,Lucas Pereira,20/01/1953
99106880690,Lucas Pereira,31/12/1981
08591373079,Pedro Santos,18/05/1953
63393224926,Lucas Pereira,10/08/2002
23576792704,Maria Souza,11/11/2005
98759631379,Gabriel Rodrigues,01/03/1991
45151448318,Lucas Pereira,30/04/1972
93238242997,Beatriz Lima,17/03/1977
05012605023,Pedro Santos,23/09/1981
58410156630,Mariana Almeida,11/11/1972
49567339081,Ana Oliveira,18/05/1985
35752467197,Julia Costa,20/07/1971
22223598665,Ana Oliveira,20/07/1979
97132580642,Lucas Pereira,06/08/1986
81905159461,Beatriz Lima,28/11/1950
13910055821,Pedro Santos,28/03/1950
43971813601,Gabriel Rodrigues,23/12/1951
21850059689,Joao Silva,27/07/1968
89910810872,Lucas Pereira,10/09/1979
90955608159,Mariana Almeida,09/09/1994
83105521871,Rafael Ferreira,07/09/1986
69176344932,Ana Oliveira,02/09/1985
73781495850,Ana Oliveira,10/12/2001
33967180442,Julia Costa,30/04/1991
78980438864,Maria Souza,01/08/1997
36886490395,Lucas Pereira,03/04/1979
86935791778,Ana Oliveira,27/07/1983
25141824728,Rafael Ferreira,18/05/1982
89317077762,Joao Silva,28/05/1962
93282769401,Julia Costa,15/04/1956
65661167409,Mariana Almeida,26/04/1977
50817318727,Rafael Ferreira,16/04/1951
35253210108,Mariana Almeida,14/08/1961
06542836702,Julia Costa,04/05/2001
35726463077,Ana Oliveira,22/01/1971
24511467116,Rafael Ferreira,17/12/1963
00368106095,Beatriz Lima,04/08/2002
09484797026,Ana Oliveira,23/03/2003
12332165491,Lucas Pereira,04/07/1990
99508942512,Rafael Ferreira,26/03/1984
47519056559,Mariana Almeida,12/06/1995
66260998548,Joao Silva,11/06/1965
42616063075,Joao Silva,22/08/1983
24122578827,Joao Silva,06/06/1989
59097340496,Joao Silva,17/08/1996
76906043014,Ana Oliveira,25/06/1991
35290731178,Pedro Santos,02/07/1986
88158695106,Lucas Pereira,14/12/1990
15435134006,Rafael Ferreira,25/10/2004
09490659941,Pedro Santos,01/11/1958
58847368735,Rafael Ferreira,27/05/1969
55950522791,Maria Souza,03/09/1996
18359978017,Beatriz Lima,08/05/1982
75975139443,Julia Costa,03/11/1998
30057466264,Rafael Ferreira,16/04/1994
31568231120,Rafael Ferreira,22/08/1985
08172446543,Lucas Pereira,12/04/1997
78145475356,Joao Silva,30/12/1952
25635218029,Ana Oliveira,11/07/1999
65909427898,Rafael Ferreira,02/04/1972
96637163585,Pedro Santos,17/10/1985
70753890378,Julia Costa,26/11/1983
71648991961,Julia Costa,30/10/1960
45313316519,Julia Costa,18/04/1995
77275294937,Mariana Almeida,02/05/1968
91633558036,Pedro Santos,04/02/1955
70165853896,Julia Costa,03/06/2005
80992878821,Beatriz Lima,19/11/1964
89962544840,Gabriel Rodrigues,04/04/1955
30762684885,Mariana Almeida,09/01/1963
95311598266,Beatriz Lima,30/11/2005
21262184143,Maria Souza,11/02/1965
67016332276,Beatriz Lima,11/09/1997
26376050934,Julia Costa,12/02/2003
02443905866,Gabriel Rodrigues,23/04/1951
34197252498,Beatriz Lima,23/08/1988
36926423048,Lucas Pereira,23/04/1976
03849451572,Lucas Pereira,03/01/1960
16936429342,Maria Souza,29/01/1951
55657079799,Julia Costa,02/10/1977
77242349370,Pedro Santos,24/08/1990
63402180100,Maria Souza,10/04/1980
71597481185,Joao Silva,24/02/1970
72111277528,Rafael Ferreira,17/06/1991
66301969436,Joao Silva,17/08/1970
67435030375,Maria Souza,04/12/1996
48851277071,Julia Costa,01/09/1966
90473757854,Lucas Pereira,21/08/1959
36409723160,Maria Souza,03/02/1963
47638357385,Mariana Almeida,18/07/1969
75774428289,Ana Oliveira,02/07/1985
43038600885,Lucas Pereira,31/05/1998
28934708168,Gabriel Rodrigues,13/07/1995
39018701822,Lucas Pereira,02/12/1960
96810886080,Mariana Almeida,14/07/1999
59278660531,Gabriel Rodrigues,23/06/1987
04816857159,Pedro Santos,11/02/1998
47890833569,Lucas Pereira,03/09/1955
98812364727,Joao Silva,29/09/1987
44114803137,Mariana Almeida,03/08/1985
99665382132,Mariana Almeida,29/03/1986
02964256978,Lucas Pereira,05/06/1997
30820636074,Julia Costa,29/10/1982
27261310445,Maria Souza,16/02/1962
65818859030,Beatriz Lima,26/03/1951
51326112948,Gabriel Rodrigues,25/08/1998
24525484402,Mariana Almeida,16/04/1999
07672127353,Joao Silva,26/03/1996
52133497130,Joao Silva,19/07/1988
46498375543,Julia Costa,04/03/1980
71364979834,Maria Souza,08/09/1983
97532920074,Ana Oliveira,18/12/1978
87697407874,Pedro Santos,25/08/1967
08016282931,Mariana Almeida,10/03/1973
08099465844,Pedro Santos,30/12/1954
32852940052,Mariana Almeida,28/07/1970
80528529276,Joao Silva,30/07/1982
78872625321,Julia Costa,15/02/1974
20362647817,Pedro Santos,11/05/1990
35647553277,Rafael Ferreira,30/10/1970
07203636767,Joao Silva,05/05/1998
94959712204,Maria Souza,16/03/1959
17702678444,Pedro Santos,10/02/2000
56821920317,Pedro Santos,17/02/2000
36935609258,Joao Silva,24/01/2001
22665270274,Lucas Pereira,31/03/1965
84528190560,Ana Oliveira,31/10/2000
61176733703,Julia Costa,30/07/1966
13490696467,Mariana Almeida,14/05/1988
27691145365,Ana Oliveira,05/08/1981
33687541852,Maria Souza,09/09/1987
01648495122,Maria Souza,13/03/1956
61874790196,Julia Costa,03/02/1999
81456439294,Rafael Ferreira,15/01/2002
61367407552,Mariana Almeida,05/04/1971
78185524842,Ana Oliveira,14/11/1962
83982044657,Maria Souza,01/03/2003
65663704972,Ana Oliveira,04/01/1954
21074640543,Joao Silva,17/09/1959
79929483224,Mariana Almeida,04/08/1950
36588088565,Pedro Santos,12/08/1982
37587733931,Gabriel Rodrigues,25/07/1987
41075358002,Joao Silva,24/09/1990
98811985509,Beatriz Lima,26/08/1991
32462555136,Mariana Almeida,12/10/1996
48539108927,Pedro Santos,26/06/1983
00511480813,Beatriz Lima,14/05/1966
40020340851,Julia Costa,04/09/1997
63422594730,Lucas Pereira,20/05/1978
17535717558,Maria Souza,29/05/1976
01071262894,Mariana Almeida,10/12/2002
58851195079,Gabriel Rodrigues,28/04/1993
91124261363,Ana Oliveira,23/03/1970
70702461148,Joao Silva,11/01/1952
96293350998,Maria Souza,30/12/1952
79016424866,Julia Costa,12/10/1971
62498937866,Julia Costa,29/02/1996
63144838362,Maria Souza,01/06/1962
35336659552,Maria Souza,20/09/1979
49462462051,Rafael Ferreira,28/08/1986
83581943055,Rafael Ferreira,22/10/1977
97105057973,Pedro Santos,20/07/1978
53147731702,Beatriz Lima,18/10/1992
56715625136,Rafael Ferreira,27/09/1983
78596014022,Ana Oliveira,10/10/1963
95035832808,Maria Souza,25/12/1978
08959006061,Mariana Almeida,23/04/1956
46825607353,Ana Oliveira,29/03/1982
10369254515,Ana Oliveira,25/11/1999
35398572410,Pedro Santos,16/08/1991
73744412655,Beatriz Lima,06/04/1961
13972493014,Joao Silva,28/04/1967
69611609747,Maria Souza,07/10/1978
04830863307,Beatriz Lima,08/06/1963
96979044690,Rafael Ferreira,27/09/1968
52051157851,Julia Costa,27/10/1969
50358603461,Julia Costa,25/01/1992
49142723566,Mariana Almeida,27/11/2000
97414327005,Lucas Pereira,16/10/1997
46096496190,Pedro Santos,30/01/1995
96891453748,Pedro Santos,29/05/1959
54613874968,Beatriz Lima,17/07/1989
95935934374,Joao Silva,05/02/1975
90777748243,Rafael Ferreira,10/03/1967
90189112458,Pedro Santos,24/10/1971
39817068077,Julia Costa,16/11/1959
86823280187,Gabriel Rodrigues,07/01/1985
37365219571,Rafael Ferreira,10/02/1957
44700167595,Maria Souza,06/08/1951
79548160008,Lucas Pereira,26/09/1955
51887799119,Beatriz Lima,13/02/1998
59561270834,Joao Silva,09/04/1975
94507025704,Gabriel Rodrigues,17/03/1984
82253654045,Mariana Almeida,18/08/2005
39502698695,Lucas Pereira,27/06/1950
83494971220,Mariana Almeida,20/03/1975
82850029534,Gabriel Rodrigues,16/11/1959
45482392401,Maria Souza,25/03/1966
26263454029,Pedro Santos,13/01/1996
61723032264,Lucas Pereira,21/02/2000
90778595643,Gabriel Rodrigues,22/06/1983
55091580952,Rafael Ferreira,03/03/1965
30579942831,Julia Costa,09/05/1976
61918138567,Gabriel Rodrigues,27/04/1982
98194949652,Rafael Ferreira,10/04/1957
26692454780,Maria Souza,23/08/1978
92007169882,Julia Costa,19/06/1956
71790063568,Lucas Pereira,27/10/2001
51548032979,Pedro Santos,03/05/1999
25523704550,Beatriz Lima,25/08/1950
10014122444,Ana Oliveira,03/01/1971
79477704043,Lucas Pereira,02/05/1981
58507166915,Rafael Ferreira,07/06/1996
65264708156,Lucas Pereira,16/07/1950
11095674488,Ana Oliveira,28/02/1972
43322685329,Beatriz Lima,05/10/1964
94441213128,Gabriel Rodrigues,21/12/1959
49706636498,Gabriel Rodrigues,14/10/1994
79530639337,Ana Oliveira,12/02/1995
35569904580,Julia Costa,18/09/2005
60087924468,Maria Souza,09/04/2005
95526608834,Pedro Santos,15/03/1989
67295672450,Gabriel Rodrigues,23/05/1999
82890158741,Ana Oliveira,28/02/1966
53785301377,Pedro Santos,09/02/1988
50214682515,Ana Oliveira,16/06/1982
52226462669,Pedro Santos,19/01/1966
52918444458,Gabriel Rodrigues,24/10/1951
70581800222,Julia Costa,20/01/1991
82099162341,Maria Souza,22/07/1959
60946763675,Joao Silva,19/05/1975
65321021002,Joao Silva,14/12/1955
32291862732,Lucas Pereira,14/02/1973
14862327581,Pedro Santos,17/07/1983
67145258529,Gabriel Rodrigues,16/09/1998
19689730639,Gabriel Rodrigues,23/11/1991
88840020084,Julia Costa,02/12/1971
61432154912,Pedro Santos,21/01/1992
10294331042,Mariana Almeida,21/08/1981
98648951624,Maria Souza,25/08/1993
00046495954,Julia Costa,29/12/1990
16419244761,Pedro Santos,11/12/1950
25040421255,Rafael Ferreira,13/09/1985
08995113951,Gabriel Rodrigues,26/05/1982
55568879658,Joao Silva,12/05/1997
71967751243,Joao Silva,08/06/1978
07834941757,Maria Souza,12/07/1986
99244537736,Mariana Almeida,16/01/1956
03011781590,Joao Silva,28/12/1994
14777464609,Julia Costa,25/11/1976
24801335799,Mariana Almeida,03/08/1950
42806888144,Ana Oliveira,22/04/1958
02086001365,Pedro Santos,12/12/1956
67977284744,Julia Costa,22/06/1959
90012335748,Julia Costa,21/08/1988
55462123408,Julia Costa,03/03/1984
27657024630,Maria Souza,16/10/1998
25090780834,Joao Silva,22/04/1974
61909819259,Julia Costa,21/06/1995
16408833493,Rafael Ferreira,30/03/1956
66256571362,Rafael Ferreira,18/12/1995
08511823418,Maria Souza,25/05/1969
59369651101,Pedro Santos,06/02/1973
99417123850,Maria Souza,19/10/1993
17044988953,Maria Souza,10/01/2001
32874189564,Rafael Ferreira,16/12/1978
67165006509,Beatriz Lima,03/03/1979
03445016134,Beatriz Lima,21/06/1992
52240234516,Maria Souza,16/06/2005
48429435188,Julia Costa,16/05/1956
34721640340,Lucas Pereira,05/10/1984
20984816199,Pedro Santos,21/05/1981
61145974265,Beatriz Lima,26/02/1973
24351292038,Mariana Almeida,24/11/1958
26393750387,Julia Costa,30/09/1991
56681665617,Maria Souza,25/09/1953
00560241246,Julia Costa,22/05/1979
06683750690,Julia Costa,21/05/2000
67310494699,Joao Silva,24/03/1969
38553991987,Ana Oliveira,09/01/1960
67135734037,Julia Costa,07/11/1950
90561972290,Ana Oliveira,02/01/1985
78657549767,Pedro Santos,12/09/1968
82110599675,Lucas Pereira,13/04/1997
59012621424,Gabriel Rodrigues,15/04/1967
67653411094,Rafael Ferreira,06/04/1959
15638440655,Ana Oliveira,11/02/1952
22911560540,Beatriz Lima,04/12/1965
44499780137,Gabriel Rodrigues,21/06/1979
29306006169,Gabriel Rodrigues,25/07/1989
48944211004,Lucas Pereira,04/11/1985
87294486080,Joao Silva,22/11/1953
57911704076,Gabriel Rodrigues,04/02/1967
99357638136,Ana Oliveira,08/11/1967
98851255912,Ana Oliveira,12/09/1965
26040361340,Ana Oliveira,15/12/1950
65785193551,Gabriel Rodrigues,16/09/1956
95120275610,Rafael Ferreira,21/12/1958
68433629175,Maria Souza,15/04/1996
86414938199,Maria Souza,07/02/1998
79138238323,Beatriz Lima,16/11/1980
13324778514,Beatriz Lima,04/02/1964
19230152079,Pedro Santos,17/04/1965
80340748390,Pedro Santos,21/08/1973
21148859216,Mariana Almeida,30/07/1979
19938617224,Lucas Pereira,17/01/2002
41876557655,Joao Silva,20/09/1998
57604477787,Mariana Almeida,21/02/1990
36173856858,Julia Costa,07/03/1956
47017170939,Rafael Ferreira,22/10/1995
26546945290,Gabriel Rodrigues,26/12/1978
89298020295,Rafael Ferreira,30/01/1953
34319847961,Mariana Almeida,17/05/1964
38550660762,Pedro Santos,25/08/1989
74095661526,Lucas Pereira,16/12/1992
96600502394,Pedro Santos,30/12/1987
07194710989,Beatriz Lima,06/06/1967
64663895070,Pedro Santos,06/11/1969
40048371521,Ana Oliveira,08/12/1971
68652352473,Julia Costa,19/07/1951
93174397987,Pedro Santos,23/12/1987
62177771237,Julia Costa,03/07/1952
06993602738,Julia Costa,05/02/1996
04218683795,Lucas Pereira,25/10/2001
84190158209,Lucas Pereira,05/02/1957
01879102989,Gabriel Rodrigues,14/06/1958
48123681489,Ana Oliveira,05/09/1969
29663587234,Pedro Santos,28/11/1987
53828924038,Maria Souza,01/12/1995
75586669961,Mariana Almeida,12/08/1951
02836545045,Maria Souza,03/09/1987
45150820290,Julia Costa,11/10/1997
23103670230,Rafael Ferreira,17/09/1985
56732096045,Pedro Santos,25/07/1990
33301602067,Maria Souza,15/10/1967
45565652571,Julia Costa,07/06/1967
73064193542,Gabriel Rodrigues,08/05/1985
81180165965,Ana Oliveira,08/07/2005
87211982368,Maria Souza,12/07/1954
59594899710,Gabriel Rodrigues,17/09/2001
88145597592,Julia Costa,01/10/1978
60036841537,Mariana Almeida,23/07/1952
08773887644,Lucas Pereira,13/01/1973
23691139572,Gabriel Rodrigues,24/01/1963
87913495347,Rafael Ferreira,19/03/1980
53390157552,Beatriz Lima,10/10/2004
06758018614,Pedro Santos,24/11/1993
28454421641,Julia Costa,17/01/1980
90867766434,Beatriz Lima,08/02/1957
95619261266,Lucas Pereira,13/11/1974
25816587482,Gabriel Rodrigues,23/05/1964
85176124880,Maria Souza,15/11/1958
44366886311,Beatriz Lima,10/02/1961
02774054199,Lucas Pereira,24/11/1977
21670184119,Beatriz Lima,15/04/1950
48895561482,Pedro Santos,13/09/1972
95221694733,Rafael Ferreira,13/01/1998
38115974617,Gabriel Rodrigues,31/05/1953
34330916346,Lucas Pereira,23/11/1992
38463044277,Julia Costa,13/02/1971
87116595951,Maria Souza,10/06/1993
14950061626,Rafael Ferreira,11/04/1985
18948615479,Mariana Almeida,01/12/1999
33881444707,Ana Oliveira,22/01/2003
42518326310,Ana Oliveira,03/05/1995
30358971143,Joao Silva,03/08/1951
07374632338,Rafael Ferreira,19/06/1975
25608227528,Julia Costa,18/12/1984
95227796516,Julia Costa,07/07/1957
29705269647,Joao Silva,17/04/1973
33019362385,Ana Oliveira,10/10/1991
82013134817,Lucas Pereira,15/08/1977
73849799457,Joao Silva,25/04/1964
48338086060,Joao Silva,16/03/1968
60878432707,Joao Silva,25/03/1985
02768356047,Joao Silva,10/08/1970
44424997972,Ana Oliveira,19/08/1977
15096781008,Maria Souza,12/06/1967
57201647018,Ana Oliveira,12/08/1970
90873365259,Ana Oliveira,23/10/1984
47412730084,Pedro Santos,31/10/1959
00286257222,Rafael Ferreira,22/10/1992
29724602489,Pedro Santos,18/01/1976
87847944474,Joao Silva,22/07/1974
39425909611,Rafael Ferreira,23/12/1982
24983953953,Pedro Santos,06/10/1988
39553794913,Maria Souza,06/10/1958
43270846327,Gabriel Rodrigues,18/10/1983
55913009319,Beatriz Lima,14/01/1960
27300595902,Maria Souza,19/03/1993
51011141145,Maria Souza,23/02/1964
66871565434,Rafael Ferreira,09/07/1992
83971150975,Lucas Pereira,18/06/1961
84571319280,Mariana Almeida,26/04/1960
58257742811,Lucas Pereira,28/05/1998
81090090799,Beatriz Lima,27/11/2005
86168254411,Beatriz Lima,24/10/2000
45482125233,Mariana Almeida,23/02/1984
87094867841,Rafael Ferreira,15/12/1951
04708314959,Maria Souza,30/04/1977
18843759026,Maria Souza,29/08/1973
53882437858,Julia Costa,09/11/1999
82285530070,Maria Souza,20/05/1968
18663714706,Gabriel Rodrigues,24/11/1986
29175370552,Gabriel Rodrigues,07/04/2003
75150213730,Beatriz Lima,05/05/1960
04323954049,Gabriel Rodrigues,14/01/1980
24657208203,Joao Silva,29/10/2001
34222134338,Beatriz Lima,12/02/1959
45604141129,Ana Oliveira,18/08/1983
43672647064,Maria Souza,06/06/1953
88645175477,Pedro Santos,17/09/1962
53670954291,Julia Costa,21/11/1958
90800485545,Lucas Pereira,07/11/2004
14605280049,Rafael Ferreira,23/11/1987
95825706353,Mariana Almeida,26/02/2005
25966015432,Rafael Ferreira,09/04/1993
81420471882,Pedro Santos,27/11/1969
62411673107,Beatriz Lima,23/02/1967
45006684921,Rafael Ferreira,19/05/1960
06123329485,Mariana Almeida,27/05/1998
50043652564,Ana Oliveira,05/07/1983
93968459745,Gabriel Rodrigues,08/01/1951
50755427916,Gabriel Rodrigues,26/05/1978
26020349542,Beatriz Lima,27/12/1987
00867724227,Lucas Pereira,29/03/1969
58644197571,Pedro Santos,20/10/1992
42283097737,Mariana Almeida,11/10/1958
88296955319,Mariana Almeida,26/06/1970
70803434380,Julia Costa,15/03/1959
27593427024,Mariana Almeida,15/09/1955
45877668154,Joao Silva,13/05/1980
91041785009,Rafael Ferreira,27/04/1986
12725439244,Joao Silva,05/06/2001
85556348527,Rafael Ferreira,11/03/2004
39046520303,Maria Souza,26/04/1996
34911539569,Julia Costa,09/02/1974
54977658843,Ana Oliveira,04/07/2001
58518778757,Beatriz Lima,20/10/1997
58098187581,Maria Souza,25/09/1997
29404954464,Ana Oliveira,27/03/1985
64787593302,Ana Oliveira,03/07/1969
08941966657,Beatriz Lima,13/06/1957
73059969889,Lucas Pereira,10/05/1978
87443043256,Ana Oliveira,01/09/2004
56430988287,Mariana Almeida,14/06/2005
96368893703,Joao Silva,03/07/1999
60899931243,Rafael Ferreira,11/02/1976
88282763207,Joao Silva,01/02/1994
93174144539,Rafael Ferreira,12/10/1961
14649451180,Gabriel Rodrigues,26/06/1982
07368943624,Maria Souza,27/10/1980
06324774795,Julia Costa,08/09/1957
78122346421,Mariana Almeida,25/08/1997
54083202382,Mariana Almeida,24/07/1986
59637394956,Rafael Ferreira,19/01/1958
91135121341,Lucas Pereira,10/07/1995
74292834215,Mariana Almeida,30/08/1971
02088938142,Beatriz Lima,16/05/1988
11350523969,Julia Costa,13/08/2000
26668868502,Lucas Pereira,29/10/1994
92429616421,Maria Souza,14/11/1968
18499738783,Rafael Ferreira,23/08/1958
12105044326,Ana Oliveira,28/08/1979
02586049981,Pedro Santos,03/04/1958
11446204855,Beatriz Lima,31/03/1971
77758414933,Rafael Ferreira,22/03/1968
20630932706,Mariana Almeida,12/11/1979
95980274963,Beatriz Lima,11/12/1990
39767081097,Joao Silva,10/03/1991
95286222827,Pedro Santos,06/04/1970
55448976725,Maria Souza,01/08/1964
25694371307,Maria Souza,20/12/2000
75292586794,Ana Oliveira,04/10/2003
80662888675,Lucas Pereira,16/12/1996
27155119653,Julia Costa,04/12/2005
29612413857,Maria Souza,30/06/1985
79250368887,Julia Costa,13/12/1979
32476264082,Julia Costa,21/03/1994
60367773152,Ana Oliveira,20/04/1951
65883362185,Lucas Pereira,03/08/1961
61041421365,Mariana Almeida,02/11/1951
66811004325,Beatriz Lima,10/08/2004
60828683489,Mariana Almeida,10/07/1968
41525723468,Rafael Ferreira,14/05/1974
28706949882,Rafael Ferreira,14/07/1977
86229645425,Maria Souza,18/04/1959
87237660912,Julia Costa,29/01/1974
65151947794,Joao Silva,09/03/1958
91367453127,Joao Silva,29/09/1967
99631343372,Pedro Santos,31/10/1956
58362933645,Mariana Almeida,25/12/1984
79701187291,Rafael Ferreira,31/01/1964
05263791347,Pedro Santos,22/10/2005
07213677685,Maria Souza,24/07/1970
29161407550,Maria Souza,04/11/1980
18385438658,Mariana Almeida,22/03/1961
42634826298,Maria Souza,07/05/1958
45721085287,Mariana Almeida,28/07/1964
05297849702,Joao Silva,01/04/2002
73098257931,Julia Costa,15/04/1977
08084570482,Lucas Pereira,02/09/1957
02223161283,Gabriel Rodrigues,22/04/2004
69033348760,Mariana Almeida,07/07/1997
70121808517,Joao Silva,12/11/1961
31552505857,Pedro Santos,16/01/2001
56117654388,Maria Souza,09/07/1987
68100780294,Julia Costa,17/11/1997
95950382466,Ana Oliveira,02/12/1960
30975992938,Pedro Santos,30/04/1996
40253289285,Ana Oliveira,29/03/2001
19519807151,Lucas Pereira,23/02/1966
20293371412,Beatriz Lima,24/01/1957
95081046833,Mariana Almeida,06/07/1969
72328718406,Julia Costa,07/08/1981
61299917439,Pedro Santos,26/04/1974
34232504179,Pedro Santos,13/02/1998
14476800652,Lucas Pereira,30/12/1964
51704773518,Beatriz Lima,16/02/1973
86111182426,Gabriel Rodrigues,22/06/1977
18923533248,Maria Souza,13/10/1957
79489550146,Gabriel Rodrigues,19/10/1980
40872424803,Joao Silva,11/12/1987
71453567559,Pedro Santos,25/04/1976
74958011783,Rafael Ferreira,23/05/1994
87279324048,Beatriz Lima,15/11/1974
45605266087,Ana Oliveira,11/08/1980
34101992198,Joao Silva,27/10/1989
48328845324,Mariana Almeida,08/08/1985
44695191209,Maria Souza,11/07/2004
19887789446,Mariana Almeida,31/01/1959
08754200415,Julia Costa,01/06/1952
33968695604,Rafael Ferreira,28/10/1997
87835708883,Pedro Santos,11/03/1983
27960273569,Maria Souza,01/12/1977
24932262398,Gabriel Rodrigues,20/03/1973
51046724102,Joao Silva,19/07/1987
07957943179,Lucas Pereira,29/04/1996
53068766884,Pedro Santos,20/09/1955
14736833314,Pedro Santos,11/11/1978
49337786988,Ana Oliveira,11/01/1988
53471924014,Mariana Almeida,01/10/1962
83277982219,Rafael Ferreira,30/03/1983
43181099010,Beatriz Lima,28/11/1955
92920093395,Maria Souza,09/05/1972
23516195993,Mariana Almeida,20/04/1995
16377066340,Beatriz Lima,11/12/1972
15620440065,Julia Costa,06/04/1962
42436803849,Pedro Santos,28/10/1967
10992771576,Joao Silva,15/04/1956
62972081782,Julia Costa,29/03/1959
50124300483,Joao Silva,01/04/1963
99882311538,Pedro Santos,09/01/1999
10499961831,Ana Oliveira,07/06/1973
55636307016,Gabriel Rodrigues,08/06/1961
69272951657,Mariana Almeida,09/11/1982
17425458928,Julia Costa,29/06/1996
91919218468,Mariana Almeida,10/10/1978
36047574907,Pedro Santos,13/02/1989
79237917730,Rafael Ferreira,19/09/1987
03039619060,Julia Costa,19/08/2003
21696258639,Lucas Pereira,03/03/1967
03659007753,Rafael Ferreira,04/08/1965
02664031003,Rafael Ferreira,26/08/2003
11058042607,Mariana Almeida,04/09/2002
01964935675,Beatriz Lima,20/09/2004
04649301833,Mariana Almeida,01/03/1992
54138892633,Beatriz Lima,30/01/1962
04265155258,Joao Silva,22/06/1952
18434833008,Joao Silva,17/02/1954
48378269007,Mariana Almeida,19/05/1978
91843920380,Maria Souza,09/04/1994
02837042053,Rafael Ferreira,18/08/1951
45937085808,Julia Costa,25/06/1961
94704555520,Mariana Almeida,18/04/1961
55537321689,Julia Costa,13/02/1968
38888671000,Julia Costa,11/12/1992
47121684886,Gabriel Rodrigues,08/04/1969
87831618393,Beatriz Lima,28/07/1964
25535846231,Julia Costa,25/03/1951
94172257138,Pedro Santos,23/02/1951
57425721074,Beatriz Lima,11/07/1966
60753902174,Lucas Pereira,05/11/1998
68346313404,Ana Oliveira,17/11/1990
74454127938,Mariana Almeida,24/08/1959
12912434146,Lucas Pereira,07/05/1953
81075690924,Rafael Ferreira,04/12/1972
74175251236,Julia Costa,16/10/1965
73427259949,Maria Souza,07/05/1973
57050216839,Beatriz Lima,09/03/1972
95888273237,Ana Oliveira,29/08/1984
31209967047,Julia Costa,12/03/1995
78833631637,Beatriz Lima,01/02/1991
05136783072,Rafael Ferreira,26/07/1968
77305888872,Lucas Pereira,24/03/1980
88100432646,Ana Oliveira,08/04/2002
50647476107,Lucas Pereira,05/07/1954
38466664637,Julia Costa,04/08/1968
15812365682,Beatriz Lima,10/08/1978
52897904781,Lucas Pereira,27/12/1997
64422148157,Maria Souza,07/07/1958
05390284011,Beatriz Lima,28/01/1950
58941436342,Lucas Pereira,17/11/1996
84295215113,Rafael Ferreira,05/10/1987
93008519318,Gabriel Rodrigues,14/10/1999
52780847094,Pedro Santos,27/05/1987
05509695917,Rafael Ferreira,23/01/1994
51462590716,Julia Costa,04/03/1958
26425083944,Julia Costa,18/06/1983
26779985877,Gabriel Rodrigues,02/01/2001
96761786050,Mariana Almeida,23/06/1988
35762464627,Julia Costa,19/02/2000
16899242332,Joao Silva,20/04/1981
56119628704,Lucas Pereira,19/01/1998
69762620461,Lucas Pereira,11/01/1987
31153179307,Julia Costa,18/02/1964
03797370889,Julia Costa,21/05/1997
68608466935,Beatriz Lima,15/06/1963
87524380202,Ana Oliveira,16/01/1989
39984048278,Pedro Santos,02/06/1994
50380442566,Maria Souza,20/04/1960
93722466553,Pedro Santos,17/11/1995
59382819347,Joao Silva,18/12/2000
82563277894,Ana Oliveira,14/12/1982
82319808228,Maria Souza,03/12/1969
05029970441,Joao Silva,02/12/1965
63093086344,Mariana Almeida,10/08/1996
78621723980,Maria Souza,18/03/1951
93190692861,Beatriz Lima,10/10/1998
42076381233,Ana Oliveira,02/07/1982
95986056099,Pedro Santos,18/04/1984
44176636546,Julia Costa,22/10/1966
74300896582,Lucas Pereira,12/07/1959
71720267743,Maria Souza,08/12/2003
91510677264,Pedro Santos,26/07/1988
54586984258,Julia Costa,03/09/1958
78092304070,Ana Oliveira,01/05/2001
70860888801,Rafael Ferreira,29/11/1958
07823422372,Gabriel Rodrigues,25/04/1955
74054422095,Lucas Pereira,20/08/2000
52830175777,Ana Oliveira,08/10/1976
96449468620,Lucas Pereira,05/12/2001
81322248223,Julia Costa,13/03/1994
11132553691,Lucas Pereira,02/11/1993
76227706428,Mariana Almeida,08/11/1990
37540088201,Maria Souza,22/11/1963
11019286283,Lucas Pereira,01/04/1964
14989987671,Lucas Pereira,19/07/1981
46012847943,Mariana Almeida,11/09/1962
75854603463,Ana Oliveira,06/05/1974
21545049375,Rafael Ferreira,17/12/1986
77721036223,Beatriz Lima,09/03/1952
78817584960,Maria Souza,09/05/1951
76861939173,Gabriel Rodrigues,20/12/2002
45395093040,Ana Oliveira,07/07/1974
23594234512,Rafael Ferreira,25/04/1992
00478486011,Pedro Santos,08/07/1970
41061528921,Pedro Santos,17/12/1992
73482710636,Ana Oliveira,28/09/1987
70166917153,Julia Costa,05/07/1977
78223654236,Gabriel Rodrigues,13/03/1977
96581360958,Pedro Santos,15/11/1965
44684612595,Gabriel Rodrigues,14/09/1994
63586419442,Rafael Ferreira,24/08/1998
82860379874,Lucas Pereira,27/09/1989
83704810009,Pedro Santos,10/04/1998
69764990693,Beatriz Lima,02/10/1954
51577794510,Beatriz Lima,25/03/1978
05261037344,Pedro Santos,06/05/1955
23662764509,Julia Costa,04/04/1953
69585092818,Maria Souza,21/12/1989
49730394264,Rafael Ferreira,06/01/1964
04609955069,Lucas Pereira,02/08/1965
03556922939,Rafael Ferreira,01/07/1969
00979111909,Gabriel Rodrigues,24/03/1983
38637641074,Joao Silva,06/01/1981
57173928588,Pedro Santos,04/01/1979
67714226488,Rafael Ferreira,11/03/1980
66296321751,Rafael Ferreira,02/07/1996
68008880680,Mariana Almeida,27/10/1954
92441853586,Lucas Pereira,13/09/1956
81979422870,Rafael Ferreira,26/01/1969
78495352935,Gabriel Rodrigues,11/01/1971
59948858113,Ana Oliveira,16/05/1958
44510498636,Gabriel Rodrigues,28/03/1995
81618366954,Maria Souza,07/04/1954
77436192362,Maria Souza,31/10/1955
38037433557,Rafael Ferreira,30/11/1956
09833914797,Mariana Almeida,10/09/2002
83223755143,Pedro Santos,04/11/1961
32241608333,Maria Souza,10/05/2000
81857603614,Pedro Santos,12/01/1968
14622220306,Julia Costa,23/07/1966
23489103116,Ana Oliveira,26/04/1952
23836009748,Julia Costa,25/03/1972
01810569340,Ana Oliveira,21/03/1980
10338687430,Ana Oliveira,25/05/1988
05672836409,Julia Costa,12/05/1951
67383357216,Maria Souza,01/12/2005
40894702806,Mariana Almeida,13/07/1961
74068825080,Pedro Santos,18/09/1968
81121743492,Lucas Pereira,06/10/1994
73798548486,Mariana Almeida,19/07/1971
06352834799,Mariana Almeida,05/02/2004
27732437594,Beatriz Lima,14/05/1985
65370302450,Pedro Santos,15/03/1964
26082168099,Gabriel Rodrigues,05/02/1970
46799250886,Lucas Pereira,14/07/2001
78654129215,Lucas Pereira,07/10/1978
99539232476,Ana Oliveira,07/09/1973
26578927017,Julia Costa,07/09/1958
71145895931,Lucas Pereira,19/10/1951
94326897251,Beatriz Lima,08/05/1997
00927252905,Beatriz Lima,10/07/1953
65372267972,Ana Oliveira,10/08/1960
78651695139,Gabriel Rodrigues,27/06/1997
66308065834,Lucas Pereira,04/09/1982
70177805811,Lucas Pereira,18/04/1997
13354225272,Beatriz Lima,08/02/2000
62936635834,Lucas Pereira,09/06/1978
52155162036,Rafael Ferreira,14/03/1997
60072515647,Beatriz Lima,25/09/1960
07892005398,Ana Oliveira,26/07/1982
85178832284,Joao Silva,07/08/1953
59626009092,Ana Oliveira,07/10/1976
49371435315,Pedro Santos,06/06/1957
66826133317,Gabriel Rodrigues,04/11/1974
43163593553,Gabriel Rodrigues,16/05/1961
07375446174,Beatriz Lima,26/11/1959
72814031929,Gabriel Rodrigues,25/04/1973
22799173329,Julia Costa,28/09/1951
85933968820,Ana Oliveira,02/12/1957
42124840910,Pedro Santos,19/07/1988
69495210157,Mariana Almeida,24/05/1966
78405979767,Rafael Ferreira,03/03/1953
11688162832,Ana Oliveira,30/06/1963
48374107765,Gabriel Rodrigues,30/04/1953
84524865971,Pedro Santos,08/03/1989
13541295799,Joao Silva,23/05/1991
57462865049,Pedro Santos,15/12/1980
09223291770,Ana Oliveira,05/07/1993
26462983572,Rafael Ferreira,22/09/1981
41736670432,Mariana Almeida,17/02/1997
61732392409,Mariana Almeida,21/10/2004
85623879147,Gabriel Rodrigues,04/09/1960
44803222761,Julia Costa,10/04/1963
82392543409,Maria Souza,06/03/1973
40070872400,Joao Silva,11/05/2004
12149965602,Julia Costa,26/09/1993
60864400872,Ana Oliveira,04/06/1963
65678640268,Pedro Santos,10/10/1990
53224350661,Gabriel Rodrigues,15/08/1994
01050732149,Mariana Almeida,22/06/1976
97649350955,Joao Silva,10/08/1955
94898980506,Gabriel Rodrigues,01/12/2004
72930039005,Julia Costa,07/01/1966
56943296892,Gabriel Rodrigues,27/01/1992
86207146066,Joao Silva,15/06/1984
37990732621,Joao Silva,07/09/1953
91839281716,Maria Souza,22/10/1956
15034316251,Beatriz Lima,28/08/1977
95557085859,Mariana Almeida,17/10/2000
41223286380,Ana Oliveira,31/01/1986
02617789825,Julia Costa,19/03/1963
95326149760,Beatriz Lima,17/11/1968
68702943746,Ana Oliveira,24/12/1995
48049536616,Beatriz Lima,18/04/1961
32345517189,Joao Silva,21/12/1958
54708610290,Joao Silva,29/04/1954
20581033378,Gabriel Rodrigues,16/05/1974
20630313293,Maria Souza,09/11/1961
81557183377,Joao Silva,17/10/1957
15093523252,Rafael Ferreira,08/12/1982
34944531177,Beatriz Lima,18/07/1989
05865136036,Beatriz Lima,22/05/1997
56837372776,Julia Costa,15/09/1986
78611504160,Gabriel Rodrigues,25/08/1996
93017385147,Gabriel Rodrigues,23/04/1983
31849553555,Beatriz Lima,29/07/2005
64047065788,Ana Oliveira,15/03/1967
73902366892,Ana Oliveira,22/06/1980
96550752993,Maria Souza,23/06/1956
69342837422,Joao Silva,09/06/1950
87885232471,Maria Souza,10/11/1996
17393114350,Rafael Ferreira,29/03/1964
38800034319,Maria Souza,26/08/1979
28657973151,Joao Silva,18/03/1957
67072708427,Lucas Pereira,14/07/1964
02799046593,Lucas Pereira,28/04/1961
97718754854,Ana Oliveira,30/12/2002
58143501487,Lucas Pereira,27/03/1992
76394564830,Mariana Almeida,13/05/1998
28223235792,Beatriz Lima,03/12/1961
53246460858,Ana Oliveira,28/03/1981
12881923756,Beatriz Lima,21/12/1991
88459437008,Joao Silva,17/08/1981
29087980932,Lucas Pereira,20/04/2000
11327940915,Mariana Almeida,28/08/1957
55576101924,Pedro Santos,28/03/1985
81678466053,Lucas Pereira,01/04/1999
22109941385,Beatriz Lima,24/05/1986
35474853542,Maria Souza,18/06/2001
44644838724,Ana Oliveira,06/04/1986
41825997285,Mariana Almeida,01/08/1987
06289213360,Joao Silva,21/06/1963
10353926303,Maria Souza,05/06/1964
02929150540,Ana Oliveira,01/07/2002
97601413286,Mariana Almeida,24/04/1982
68085058177,Pedro Santos,10/04/1995
61057110916,Rafael Ferreira,21/01/1954
51041947880,Beatriz Lima,18/10/1992
68740982825,Mariana Almeida,14/07/1968
92573143283,Beatriz Lima,04/09/1970
00312032454,Gabriel Rodrigues,14/07/1951
79795559284,Pedro Santos,27/06/1974
10235440667,Gabriel Rodrigues,24/01/1971
61451464218,Julia Costa,25/03/1996
85280673109,Beatriz Lima,25/09/1950
66436271176,Maria Souza,24/01/1998
55298876286,Beatriz Lima,04/02/1960
17950027061,Julia Costa,30/11/2002
71051980160,Lucas Pereira,16/09/1998
44853767399,Rafael Ferreira,21/08/1979
60741271131,Beatriz Lima,13/12/1991
17210150988,Maria Souza,01/10/1997
62168693560,Beatriz Lima,11/03/1957
55099756470,Ana Oliveira,04/05/1968
36059595346,Pedro Santos,18/04/1966
58139035490,Julia Costa,20/04/2003
05137050490,Mariana Almeida,09/02/1952
10908097276,Julia Costa,08/06/1975
86269706852,Rafael Ferreira,31/10/1983
56805520089,Beatriz Lima,24/12/1953
36697369844,Gabriel Rodrigues,19/03/1965
15748114162,Beatriz Lima,20/03/1964
31759551566,Joao Silva,08/05/1959
02581842912,Joao Silva,22/02/1995
79746622043,Mariana Almeida,12/10/1962
42970077524,Lucas Pereira,10/06/2002
46087738331,Ana Oliveira,18/12/1959
25967199608,Julia Costa,01/12/1971
46727336695,Ana Oliveira,21/10/1955
63792730873,Gabriel Rodrigues,12/06/1990
78234514900,Mariana Almeida,16/04/1956
65639066618,Rafael Ferreira,06/09/2003
23452056860,Pedro Santos,04/02/1992
24480210106,Rafael Ferreira,11/02/1977
86851845207,Ana Oliveira,11/12/1997
12548906253,Julia Costa,05/02/1997
25649930333,Lucas Pereira,24/06/1995
19533510664,Beatriz Lima,24/11/1973
75122213174,Julia Costa,23/01/1983
00335640527,Maria Souza,08/02/1991
01057262850,Gabriel Rodrigues,16/12/1979
99960713715,Julia Costa,06/10/1953
00012585279,Ana Oliveira,22/12/1999
36275227815,Ana Oliveira,24/01/1978
74588794495,Rafael Ferreira,02/07/1997
44715553957,Beatriz Lima,04/12/1973
62785798539,Gabriel Rodrigues,01/11/1961
72916311230,Gabriel Rodrigues,27/08/1969
92786158671,Pedro Santos,27/03/1970
69367710531,Joao Silva,29/12/1966
38948555081,Lucas Pereira,15/10/1995
83813788644,Rafael Ferreira,25/09/1978
53819469617,Ana Oliveira,11/03/1966
36081868039,Rafael Ferreira,20/02/2005
76749897785,Maria Souza,23/02/1977
50969124779,Lucas Pereira,19/11/1956
62926042569,Joao Silva,23/02/1950
60555713463,Joao Silva,18/12/1993
56893545551,Maria Souza,18/08/1976
88088750743,Mariana Almeida,07/05/1985
02777098715,Lucas Pereira,29/12/1985
66221288307,Lucas Pereira,04/05/1986
80787048782,Beatriz Lima,03/10/1998
35947466462,Joao Silva,07/09/1974
47252531375,Mariana Almeida,11/10/1959
65421814373,Julia Costa,27/10/2000
00138567392,Mariana Almeida,27/07/2002
20766605693,Lucas Pereira,16/02/2002
91941895595,Maria Souza,13/08/1979
60970956933,Julia Costa,23/08/1955
75376286546,Maria Souza,30/03/1952
09525906262,Ana Oliveira,20/06/1970
44346790392,Maria Souza,22/12/1980
56690531461,Joao Silva,16/04/1952
00473844375,Joao Silva,06/10/1962
02656028484,Maria Souza,27/10/1992
01134997541,Rafael Ferreira,19/03/1963
22224849965,Pedro Santos,05/12/1973
92180223249,Joao Silva,01/10/1957
15684557182,Rafael Ferreira,14/08/1992
61079067982,Beatriz Lima,05/10/1963
06651281832,Beatriz Lima,20/05/2000
36039684587,Gabriel Rodrigues,04/02/1976
49490674845,Julia Costa,12/03/1975
77174902327,Pedro Santos,17/06/1958
12579593099,Lucas Pereira,17/01/1964
83716382107,Lucas Pereira,17/09/1976
42903038532,Gabriel Rodrigues,11/03/1957
45208219751,Mariana Almeida,01/12/1955
31134046985,Mariana Almeida,16/09/1971
75220128198,Beatriz Lima,13/09/1965
17664550967,Maria Souza,24/04/1974
04940050078,Gabriel Rodrigues,13/01/1989
51127827337,Pedro Santos,20/01/1986
64962925144,Rafael Ferreira,01/11/1967
16668442820,Julia Costa,04/05/1950
30427661830,Julia Costa,21/06/1992
25061489551,Pedro Santos,08/07/2005
32639170874,Julia Costa,17/05/1980
73522218599,Gabriel Rodrigues,24/07/1973
92322271345,Rafael Ferreira,12/06/2005
78967486185,Julia Costa,02/03/2004
08726716383,Rafael Ferreira,11/06/1956
58001610480,Mariana Almeida,14/03/1992
10436751314,Julia Costa,20/11/1963
99744263863,Joao Silva,08/09/1998
88076937577,Lucas Pereira,23/02/2004
83555564148,Pedro Santos,20/12/1970
19854624105,Beatriz Lima,16/09/1970
87122899588,Pedro Santos,10/12/1983
96232833386,Maria Souza,15/04/1996
93873201409,Maria Souza,06/11/1994
55225720644,Mariana Almeida,18/02/1952
71829382122,Julia Costa,28/10/1998
82510953692,Lucas Pereira,01/09/1983
27448061266,Joao Silva,01/05/1950
75385491744,Mariana Almeida,10/12/1976
98142760706,Gabriel Rodrigues,28/08/1990
14245991525,Joao Silva,22/01/1978
24588812916,Pedro Santos,24/06/1983
53164466772,Rafael Ferreira,23/03/1977
06684421335,Gabriel Rodrigues,24/09/2002
21903756660,Pedro Santos,27/12/1957
88749792126,Gabriel Rodrigues,17/08/1975
51015369226,Joao Silva,24/06/1959
16270381116,Mariana Almeida,05/02/1979
65248868886,Joao Silva,25/04/1969
50725584529,Beatriz Lima,19/01/1966
76872998849,Joao Silva,10/09/1974
83589647449,Rafael Ferreira,31/10/1994
47265820918,Rafael Ferreira,06/02/1998
58610543279,Mariana Almeida,14/05/1953
29554809057,Beatriz Lima,15/01/1971
41948450904,Rafael Ferreira,18/09/1997
13114995056,Rafael Ferreira,19/06/1955
55439861766,Ana Oliveira,25/05/2004
17532089701,Mariana Almeida,18/11/1974
28484438906,Julia Costa,16/06/1986
25090283005,Lucas Pereira,22/02/1997
99093336409,Maria Souza,02/12/1981
59045618556,Julia Costa,14/02/1988
56299056336,Pedro Santos,12/11/1966
38543180106,Lucas Pereira,12/11/1983
39741727385,Pedro Santos,01/06/1963
47442613212,Beatriz Lima,25/09/1952
23359612508,Pedro Santos,13/07/1986
35950650102,Mariana Almeida,28/10/1986
44668653134,Joao Silva,08/10/1968
59023742238,Maria Souza,23/08/1958
57556669537,Rafael Ferreira,25/06/1989
80779971851,Rafael Ferreira,07/11/2003
34078789563,Joao Silva,01/09/1980
56381140433,Julia Costa,10/03/1998
15880063617,Julia Costa,28/04/1988
95116581020,Mariana Almeida,25/10/1981
00318615571,Lucas Pereira,29/03/1974
97476651994,Pedro Santos,06/09/1959
39432534565,Ana Oliveira,06/09/1966
08162621736,Lucas Pereira,14/02/1963
10202808564,Rafael Ferreira,15/04/1955
86051400957,Rafael Ferreira,21/12/1986
56869167263,Beatriz Lima,01/10/1977
75826932245,Pedro Santos,08/10/1988
61519725701,Beatriz Lima,22/08/1953
61698815768,Mariana Almeida,09/07/1974
81472211520,Rafael Ferreira,16/05/1974
54415631327,Rafael Ferreira,11/03/1955
21607344536,Rafael Ferreira,22/01/1960
78171226003,Mariana Almeida,19/10/1999
60599073433,Beatriz Lima,27/10/1973
43015274270,Beatriz Lima,12/04/2001
22538503226,Beatriz Lima,25/03/1999
42338378272,Ana Oliveira,26/03/1992
58695891311,Pedro Santos,03/02/2000
06508697935,Pedro Santos,03/01/1992
83331949796,Gabriel Rodrigues,23/09/1988
35493639063,Gabriel Rodrigues,06/01/1972
10244559412,Lucas Pereira,21/05/1998
05309437021,Joao Silva,13/10/1966
36258606067,Mariana Almeida,10/06/1995
90817338893,Rafael Ferreira,23/02/1973
58867105405,Ana Oliveira,12/10/1957
44380599323,Lucas Pereira,26/11/2005
21188120311,Mariana Almeida,22/04/2001
45076577535,Ana Oliveira,14/03/1985
61858217101,Gabriel Rodrigues,01/04/1963
27165701770,Rafael Ferreira,31/10/1955
46330272973,Beatriz Lima,02/12/2005
93573839013,Joao Silva,29/12/1989
91190119145,Lucas Pereira,07/05/1959
39420170700,Rafael Ferreira,31/08/1995
02302811381,Ana Oliveira,27/02/1964
60630048373,Beatriz Lima,26/09/1970
35861041352,Maria Souza,23/10/1955
98652550378,Gabriel Rodrigues,16/02/1983
67379973220,Gabriel Rodrigues,05/09/1981
55266387689,Ana Oliveira,25/04/1975
84801935749,Pedro Santos,09/07/1977
21693437505,Lucas Pereira,20/03/1971
15905862705,Rafael Ferreira,07/12/1967
84082561862,Joao Silva,24/08/1979
03695906753,Joao Silva,05/01/1953
31681991756,Ana Oliveira,06/04/1950
54646419650,Lucas Pereira,11/06/1975
81324036797,Joao Silva,11/05/1982
61249240965,Beatriz Lima,22/01/1981
87997653444,Lucas Pereira,22/09/1956
32375340259,Gabriel Rodrigues,23/03/1963
84999122316,Ana Oliveira,09/08/1989
88659327006,Pedro Santos,20/03/1998
97446080990,Pedro Santos,21/04/1954
00757667095,Joao Silva,16/03/1983
10606675713,Rafael Ferreira,08/10/1954
62153347376,Ana Oliveira,18/10/1976
92029851909,Pedro Santos,20/09/1974
11041316038,Pedro Santos,20/11/1968
58040872805,Gabriel Rodrigues,02/11/1954
04451225111,Mariana Almeida,09/05/2004
73583848162,Ana Oliveira,02/04/1969
13951306555,Pedro Santos,16/09/1965
38829599571,Beatriz Lima,02/03/1955
65794894489,Maria Souza,13/02/1970
69404227914,Julia Costa,01/04/1985
33732157045,Beatriz Lima,28/02/1991
60739681248,Pedro Santos,30/08/1975
30441963083,Ana Oliveira,28/10/1999
46583356343,Ana Oliveira,12/01/1977
25463151386,Gabriel Rodrigues,10/09/1966
90805710342,Pedro Santos,07/10/1984
05515198174,Joao Silva,01/03/1962
95391472710,Rafael Ferreira,20/03/1962
39668707440,Ana Oliveira,07/02/2005
39890190108,Ana Oliveira,29/10/1968
40779639681,Mariana Almeida,26/03/1981
26132519671,Rafael Ferreira,23/03/1986
54386067764,Lucas Pereira,29/03/1998
43935329465,Lucas Pereira,07/07/2002
49907749705,Maria Souza,15/01/1982
12173365191,Rafael Ferreira,19/02/1996
43538126074,Pedro Santos,23/10/1987
14181632858,Beatriz Lima,26/10/1957
02608953032,Ana Oliveira,12/04/1983
24501346184,Maria Souza,27/07/1953
19852094575,Julia Costa,16/12/1959
82005006941,Julia Costa,09/08/1990
35718403338,Lucas Pereira,27/06/1989
76688316347,Maria Souza,06/10/2003
55208323669,Joao Silva,31/10/1981
26284315338,Beatriz Lima,22/02/2003
07706236719,Gabriel Rodrigues,03/08/1985
61108899859,Gabriel Rodrigues,05/07/1996
04929730690,Ana Oliveira,08/08/1974
46759174360,Ana Oliveira,22/06/1957
47850052762,Beatriz Lima,21/02/1996
93223603989,Maria Souza,28/10/1982
12972906677,Mariana Almeida,05/01/1984
75483252954,Maria Souza,03/11/1976
42113209193,Lucas Pereira,22/09/1961
34639763352,Ana Oliveira,06/05/1990
13235533148,Mariana Almeida,24/09/1992
88712670426,Rafael Ferreira,11/02/1954
24918746065,Lucas Pereira,11/01/1995
89369765779,Ana Oliveira,19/02/1958
55465115218,Ana Oliveira,19/05/1969
63692669653,Rafael Ferreira,18/04/1999
28947698110,Pedro Santos,21/07/1986
28433026704,Pedro Santos,07/08/1981
84516822699,Joao Silva,18/07/1977
80473620135,Lucas Pereira,22/10/2002
53851988354,Beatriz Lima,26/09/1975
70956669718,Lucas Pereira,26/04/1961
67731709392,Pedro Santos,02/09/1990
53704606549,Julia Costa,10/02/1960
59241245996,Maria Souza,29/01/1961
39318136784,Mariana Almeida,11/07/1991
53322115174,Beatriz Lima,26/08/1985
76019137769,Beatriz Lima,10/08/2005
27541651066,Julia Costa,24/07/1996
35767093440,Rafael Ferreira,22/04/1981
26800775328,Maria Souza,12/05/1989
40111209279,Beatriz Lima,20/05/2003
56087328935,Ana Oliveira,16/07/2001
01276678848,Maria Souza,16/10/1973
93883915683,Ana Oliveira,19/09/2003
99285048182,Beatriz Lima,07/01/1987
38158104619,Gabriel Rodrigues,08/09/1978
71399315913,Beatriz Lima,21/12/1960
45867277583,Joao Silva,05/04/1998
71290673667,Gabriel Rodrigues,18/06/1983
71335568555,Beatriz Lima,09/04/1986
62845476458,Gabriel Rodrigues,09/06/1969
95735069382,Joao Silva,01/04/1989
76772067112,Lucas Pereira,05/09/2004
63067944892,Pedro Santos,02/04/1990
96549673400,Rafael Ferreira,12/06/1952
90252895154,Ana Oliveira,22/01/1961
04230389187,Maria Souza,16/10/1954
03914851006,Pedro Santos,11/02/1976
40572408344,Rafael Ferreira,25/05/2002
17769412584,Lucas Pereira,20/09/1972
62743131631,Ana Oliveira,22/02/1965
08377099871,Ana Oliveira,06/08/1999
38640760586,Mariana Almeida,29/10/1957
55712524119,Mariana Almeida,17/11/1998
56493261537,Beatriz Lima,16/04/1952
41620873995,Joao Silva,03/09/1974
48790263322,Rafael Ferreira,12/07/1961
48820519291,Mariana Almeida,21/03/1977
49930383457,Gabriel Rodrigues,27/07/1960
11492966066,Ana Oliveira,26/01/1992
59776337888,Ana Oliveira,01/04/1978
35260226931,Lucas Pereira,01/11/1987
22243779090,Lucas Pereira,09/05/1999
86863579416,Joao Silva,09/03/1980
21620487596,Pedro Santos,28/10/1982
96718159777,Joao Silva,16/01/1977
17713164616,Gabriel Rodrigues,29/02/1956
71615498067,Beatriz Lima,10/05/1967
90156384242,Ana Oliveira,07/08/1971
07225742245,Joao Silva,09/01/1987
98382068982,Julia Costa,14/11/1984
01702388703,Rafael Ferreira,05/05/1988
93085925267,Pedro Santos,16/06/2000
62714534357,Beatriz Lima,13/09/1963
35887850188,Pedro Santos,27/07/1996
14942672133,Mariana Almeida,25/09/1952
08355538661,Mariana Almeida,02/11/1970
35847176887,Joao Silva,05/07/1977
23077139435,Gabriel Rodrigues,28/08/2005
79849243646,Lucas Pereira,11/01/1956
22627901769,Mariana Almeida,25/08/1997
21349396009,Rafael Ferreira,04/11/1951
77776808063,Julia Costa,25/03/1998
77890046537,Beatriz Lima,13/01/1971
60472322795,Rafael Ferreira,07/06/1977
