cpf,eventos
30897445552,31
16827105555,29
69246886002,100
35330953730,42
20106653402,30
06263175689,70
56814234861,97
95573862447,29
57262831941,19
67995073743,95
70441432249,1
53233018533,56
89449951420,74
88065864125,37
73750659112,46
59518769532,69
37596500781,35
11828312548,9
84927030853,33
34652429089,23
53216365531,22
59577677721,53
69187845186,23
44973223170,12
79010770307,31
42389381142,1
64007314975,12
60145432430,75
46335886783,100
76364175416,57
42781412305,40
76612283218,18
40759333435,52
29412556137,25
64857189014,62
93251495640,2
02234860692,77
62883820858,54
55870310922,34
88732971184,86
83121300022,87
60353738596,58
37509914251,32
15007520338,61
09602483958,83
65427025885,39
06623417672,25
99154757271,7
29669561115,34
06013327054,41
88401463182,83
61555553898,19
55236757788,35
88774407199,64
79543211012,45
75084534108,44
45153396381,65
71250849713,95
88386951630,15
50858059905,11
45559935719,35
40497656311,26
92537146150,5
10790222585,67
94007533045,5
49272033514,29
64551860765,30
12536086925,64
18615845207,20
24551076164,75
98186803090,47
22978662170,5
34455767309,68
62591605260,82
82476599532,25
46043374839,48
19367301660,62
68543177476,43
14149724259,13
11724052897,50
17963322472,78
61375971581,36
18328765257,39
48123971197,21
85802840884,16
12172963887,79
26247551196,12
99051030427,48
58976369767,34
50613929384,92
63530515567,99
13267566450,99
90821735581,58
21092413747,52
07496735414,37
39968513030,62
43903890738,53
83048735834,56
68831003456,5
44637172242,51
81531963081,4
08087321623,75
00950007033,65
98180329474,42
95375566147,88
94707287323,23
52455380395,4
53460147352,25
57470863480,78
18680120731,67
84215390004,10
77163839587,22
17801915017,52
38535795121,96
59521414631,98
05815351371,15
76561445166,7
04302883906,32
79518670909,85
70079814910,60
55705333346,2
73843575495,33
28781716289,52
61579176861,55
26043036501,88
69371514701,18
99765452060,39
32858957925,96
62413747687,50
82853459190,46
05597296377,68
53624927668,88
65104992680,34
21141576561,76
89967705936,29
32983492525,50
52849357524,58
02022794670,80
47726951293,70
68841454412,2
16894850986,55
49887028203,94
91841088311,20
40580322974,22
50428697479,23
51556779869,48
21964974410,22
32281383688,92
63103361454,34
40464434317,100
10627727350,88
30289632343,42
06584616292,23
98465165283,78
41135967897,89
17964782625,34
06071748476,18
42863859625,71
39001178079,91
42279775222,75
55757248284,2
99011283767,1
39732217898,15
13265733076,50
78799468608,15
86863427595,28
29746719803,85
50742793508,60
83293860131,44
18615493746,64
87050820593,61
29261536723,31
86126647586,26
37383570979,95
84567802268,39
67937703169,8
91619263127,35
46992219808,45
60729527924,86
38348113272,38
61098952633,49
34877700552,72
51774034925,30
33085794968,53
81971592080,59
90893353774,61
34503815778,80
86405752686,26
04366006248,48
48855113200,97
43768867211,92
69786060686,34
46492529299,24
57272515741,99
77237833567,47
07361294005,86
56865287015,20
60535212963,89
44815508719,8
62519503089,34
99217567193,62
56103603488,47
33531362348,38
36909302373,9
07902442087,24
35222245681,8
06702425100,44
49117372878,37
14928610660,30
43245514363,77
58503104162,17
48092696168,93
37910161992,39
05551561304,15
13455792976,19
20200542579,14
04994512044,63
09402352896,5
67339049902,96
49826829044,18
40120395946,55
89589758284,60
65115275765,91
23633013579,69
37407288201,35
91594555270,2
43722938086,4
83025368366,24
57623018122,99
86845143851,75
10588516340,59
90500464450,3
07414832765,58
07797332034,2
93846779728,52
62191121978,23
02579902310,89
29388245344,14
85122608985,8
86789499316,45
19788479877,77
52581336861,66
48945289215,56
12635840306,30
67796605438,64
91004085753,30
76055025667,71
08392901320,52
48823873024,63
10575281337,73
31516116896,77
12467504323,34
21804030542,69
54094788451,89
28961839950,63
57925269031,78
10806484223,54
77092734957,80
56281364894,56
42506809343,57
59165465798,41
44160320551,4
59626270324,3
13349682125,54
63959280510,3
98105851622,32
32161411164,95
59528266042,67
91150397852,89
23367157878,24
62870376643,84
22107481783,60
72551731639,90
48154449248,53
47215388313,89
45334375249,66
63333636281,21
74292848457,45
56953360030,45
33454732122,82
75631382437,89
03966249521,75
97082756200,100
41310864464,48
28116427622,14
24934411255,55
29287958365,86
58373285324,36
86846612916,53
83137554463,74
21829930468,49
91309371409,1
98414244108,23
93779033515,57
71918280463,47
11093864711,21
35679012992,82
00920925185,89
91579664373,1
40969154132,41
32366935373,5
88429677842,63
36949074411,75
88625634535,86
50769516973,43
51412471327,39
68978483755,13
37037248006,20
73146732703,88
92272600397,31
33831703616,29
48577842461,53
08789551381,36
86206869268,87
74460705130,55
63684795073,72
93032936720,61
67821519086,67
76219257072,50
29907978018,85
40943897905,90
00427307387,97
94437110546,40
57238911769,60
44035721499,41
32253151971,46
89608952103,55
97981548521,89
44015842857,18
94330475907,68
40844104972,31
22553109506,55
63713024183,82
95277492753,83
40496634763,14
82250264088,33
59133894593,43
87428692800,84
81924665164,33
99507123302,9
75122407676,21
13556892823,17
64156555318,71
19771085282,52
28413678795,61
50439416342,78
60480820567,81
53284332672,13
43900925786,39
53453066643,77
93679905256,13
17278564453,50
85418203857,16
06712305782,86
72655283124,46
91671691710,59
48267242484,49
90352164415,64
99342735469,90
83261429867,93
61645735736,2
41496052827,58
89460630326,71
08612989519,91
33923720602,78
27229939362,30
20504673262,94
15029351018,60
32010233032,86
65299634389,29
42102272668,17
20820919470,50
48752400667,37
50766562781,18
66508402314,99
17786666307,59
51583627841,72
07882201664,19
32349135762,4
60986989661,82
74830552564,81
59919649125,48
07888909045,96
71350351824,29
43561149775,57
65887918612,91
84040119574,45
14485883547,28
50415594497,86
96948247027,87
02018146030,68
55302183300,39
43898231243,19
00334733523,31
09102045001,46
19566890032,68
69767733240,100
19867744530,3
78511185526,27
91727417277,58
33280913169,19
79179158256,37
90736629324,49
92064144596,45
99839113316,19
16821200403,5
78295225226,12
94526787630,83
79058917135,10
63278788357,67
54418507391,10
38911871851,14
62158967776,22
48135229941,56
30882636597,47
15386207207,14
08432563185,27
62029680423,28
70288126685,86
70405498092,95
41050400963,58
85922915018,85
22685282849,86
34209126258,13
43752978535,19
82525747259,88
05692919127,28
80045468237,65
33498314897,66
45215355474,47
17298466778,20
16786656531,91
47162519980,5
77137101435,16
61673773245,90
65320805255,63
55357748187,21
49191887119,8
08851535315,60
35072814576,50
98962212047,45
55206143648,70
70906682433,51
80069395230,15
69678942072,42
98968289724,68
22959400125,31
12023431049,79
62987939154,49
11256926206,5
95080594852,46
13983695390,27
54044156078,41
57700466873,49
50549985832,46
32878676814,41
75653705806,28
64195363256,25
10794471248,29
38304055252,53
58603528638,31
20904286103,64
11622379982,11
62818995822,37
18925659244,7
72070444611,60
48371648315,47
87303931083,91
10185057164,82
84864250510,30
20702462792,58
92034914736,40
60913844619,85
62320661689,55
05438995675,79
15808736638,78
22381605394,39
91368331575,77
77981926524,7
89946678991,95
16033080842,9
38991151880,31
18705405613,40
69591583594,19
40714346004,30
00018361224,83
26056989130,19
43207273586,92
68108798440,14
43045395932,42
61719657021,79
95761609811,68
61477867673,73
09131369339,67
22194640642,97
64805087315,37
75807147609,50
85066075859,12
55154745373,72
05359123337,4
92885983407,19
05243055464,98
44474592009,67
03963168526,20
00808331147,16
41841633251,44
82859807706,86
70011960155,46
76782440299,18
93514881623,97
48625771504,69
40366079067,96
09682287499,53
75911759517,70
36502885348,35
81685405961,70
62721844214,83
21880067922,19
13475115230,71
76150000576,16
82112306916,49
33296122364,53
53012308494,11
56646401624,73
65226666854,51
14514768400,1
28061258138,77
24933485494,83
10189777158,57
00092126749,11
54091942674,60
03548196767,23
55274506292,13
96802717011,51
39874743589,25
15102278850,83
38511540323,43
33515454669,37
48935617126,97
43252195724,37
48844714970,88
14345523073,81
47931516916,61
20793505965,16
87848869686,29
84654044525,38
45787311119,31
34687418909,10
11964924934,32
01289445578,90
78240116082,64
75129664888,88
91511307820,90
69936477671,27
97041408201,77
81942126730,17
00402247743,51
76707812734,18
11078366466,92
59744931748,70
03409142032,68
61648827405,78
64364878645,52
32206519423,74
81772418221,51
31131808610,84
67870440112,28
33579479103,58
68671625747,80
86143377431,67
57729983231,75
05437307655,7
71342752108,88
02373462657,52
73920407771,17
88857235348,49
47843816496,48
31925110258,32
01800719974,53
22260460189,21
18657202345,63
09751364862,30
21111893992,53
24282325509,92
23937927932,92
94872774059,1
63796158173,16
17509161306,73
85403481676,65
42037672406,54
69354622784,69
88976304494,41
33849355956,55
07949016572,12
46883740036,80
01576683806,29
77124321089,81
61492553338,66
16832963670,66
57988505664,15
99704199481,51
27830393776,59
58506741430,23
14220865902,21
29420571887,45
51331358360,87
73936764842,75
90369882936,49
88750980249,49
51041895234,57
63377307737,55
64855104154,3
39304630320,12
52946223819,41
73329044894,75
68424107920,55
23682794874,94
33689731728,100
38401386609,64
34682977871,61
09657377235,5
43618660679,82
24743031052,27
83107057705,13
73847173834,44
81448971496,27
26762690834,53
70054281104,59
98031958653,94
59108903863,57
42972426456,12
00523843282,99
62612204615,79
10266400726,72
87499394665,21
92364579518,5
68617489643,58
58717792272,31
40274245124,17
81767657069,36
39407984006,24
19965619833,8
99248909428,80
78949533699,3
92511244285,51
63178561865,15
82241337908,57
11390099770,7
41281421851,83
67235945593,26
30364593316,88
49437828046,32
54687455258,40
14289456743,79
62872086027,66
62874311797,17
19291292291,13
62169935822,29
86374854012,93
09573747294,25
11676139226,59
46033488851,63
18311049395,85
51767185977,20
56888979353,74
48847179808,45
72801190410,13
00028092487,13
31175329858,53
45632411711,91
60356257450,80
80821214281,86
19865148236,65
60407466654,75
31442874824,42
37565805396,66
12983374243,10
75709818262,55
12038200115,20
20741772661,7
38571222179,32
95576597038,17
35400303040,90
16585574055,94
85929782573,81
78034899064,74
33154373296,2
70024347523,81
30849209305,28
00356406272,98
63428550361,9
00344135909,18
79793004065,23
32126272975,85
08324060604,51
50184402728,51
18836629701,100
99416979255,1
90961998354,45
37809204060,53
56019365310,75
91818187991,67
96331635974,99
89466177996,58
38241809951,77
75007166630,18
81271235660,43
01410790715,36
45848239783,32
84886540325,87
23265470964,59
93009884366,96
24487820358,8
53555135354,17
56238792448,40
82842781423,87
81121988762,89
25866483766,3
07458853209,47
25525647874,19
48746533735,29
70757221919,98
23414776755,84
10728488374,61
62301969307,65
43887668663,13
26705148871,90
63772664934,66
37126944270,18
27888792645,99
16401220074,3
89404561207,62
87385503439,49
21269708684,90
12180526990,6
83322064105,23
90121671219,6
66918996712,62
18097088873,41
68906697762,35
04786832548,62
69136508802,78
61354068478,10
52163855198,78
99687212767,54
84811276440,59
20578718264,1
22593259488,12
08521644763,45
02174294739,78
79048806199,98
61113156160,82
22760778811,63
40720481019,55
33206844333,78
34965991618,50
03150441958,83
30188486293,76
78193589806,7
85417105855,2
97725471972,92
84928264437,6
11107682643,65
67498633311,59
91413453211,71
95464705750,92
66260859582,29
54076777309,2
71218291083,92
30379484308,95
99369625299,63
23155190811,28
97860392044,95
15909631871,35
88340955616,16
03802852746,33
37522513852,57
42143851571,67
08148605912,83
82862257272,14
66743559365,97
77055665318,68
64058097181,60
22029627058,4
80110807226,65
86362675364,7
60922157079,3
76302155872,43
76721357646,58
06475087953,37
98611135729,20
67157635196,13
42970898217,86
70024677939,67
17840228954,60
74662914131,1
62011400353,34
72499144038,62
33290008018,53
79984641924,79
18767961253,65
76901846626,38
32799340503,7
97835429704,26
52911775256,33
98754428741,29
56430214521,21
82181586967,64
21305404649,1
66806135435,32
55833040234,18
17641113619,86
34557774677,13
12165275332,30
15338972413,4
99757120438,71
05796157234,66
25634118223,62
88235592717,76
13140953393,64
51606887751,57
23007833113,4
20291009614,100
07187265545,26
83448976358,6
35134187851,45
72300777832,70
57287963794,16
80845541009,52
36569767950,40
22421688749,4
83309876779,76
36806412316,16
10557530376,71
91093661434,89
12665487080,100
81314560807,48
63975125107,78
85528142093,76
73713227315,52
26827447778,98
45819429864,90
34611712164,82
44282161284,61
36305464085,56
77804018308,93
46234522822,49
39572900332,84
14109539192,88
12452853813,99
25573811220,42
99455461071,47
41485888478,46
70608526229,51
68367785802,24
92494153479,18
55829030834,7
05313819904,76
84489371296,60
65723305518,34
87138211636,8
33803352574,58
89913817680,81
17634401330,51
84296806406,71
78754267722,96
30972844599,48
19430342801,62
50599588586,51
19718058252,34
91326864331,76
48745907081,71
06971897518,79
05982218886,48
02862032918,11
96903164579,51
68990018873,73
44727228660,80
65609229868,2
02212412209,48
82519589929,28
37119553558,34
78527771920,69
46328607221,54
42818391463,17
92343436396,55
96015919200,23
03748160399,31
74274438826,71
34561843212,41
62022337476,25
36621708716,89
20977448616,67
39124417392,36
37106194120,24
05551228320,11
13347770390,7
27736229033,88
04929969795,63
70575826300,77
86668138902,65
92682804595,52
05729923742,28
78811170860,88
81447822380,75
32181755849,33
61036286128,28
21465090141,18
80960498315,42
84189978648,67
46554219132,37
44269859118,86
39135091578,75
57584187924,3
39704357431,50
59949158498,73
32065659904,21
66916230171,13
70192570866,76
03657231614,54
01810648842,22
11760309972,67
36983043874,5
78872040847,24
45283237739,52
15057218869,37
24911757990,48
27967978446,40
20981838877,29
51542355480,83
44278137894,90
97693374400,53
51786196298,72
83472194279,35
55426552582,2
05092341520,37
61537855871,66
97835636629,93
72422374014,64
91151529558,18
26036799592,49
70748111372,82
64112220602,61
70682108522,43
36324672358,14
46052076242,49
06170327237,98
17357004325,94
56270434926,1
08743170790,27
59392578325,30
25543974851,88
73317974852,72
09373984689,53
72586475469,92
58426907138,10
30049874801,56
96739090903,51
61685916253,67
44822207141,5
51307804949,16
29605978817,15
87823747101,9
48290850022,57
19542367412,57
55982986055,52
49002797668,83
64847836542,95
35035166484,46
65298887783,12
29608346818,10
14505550259,72
26509537612,48
81829959814,11
07564374569,10
05084989215,66
34062546374,79
69070390758,78
06056712133,95
63964848592,41
76944225404,34
27360356902,92
69460776333,86
76435622649,44
48287485778,79
80858795198,1
26518350470,40
76784716358,54
01628210412,40
21052549688,48
87204494240,99
70232201226,28
90768305701,56
08929296176,41
39718721019,67
94345181627,77
40027603776,56
17766034921,18
92841710277,74
87112045359,12
52794872324,43
36880387303,17
74450883754,42
67967337400,31
25319146311,16
96805494101,75
08355822085,71
32357997711,84
70750025271,57
29312526906,34
68957803464,3
32527708298,65
13529587103,90
06840628275,41
37598181928,75
42187361385,80
70540760137,8
60945435325,28
28707409544,26
07120740548,31
50740960279,43
97413951994,33
82680882463,36
36664458717,7
12384997267,69
92838664208,10
81591750445,7
46202333172,96
82335032596,59
18034460931,10
62307791936,87
22040453859,96
88460216049,1
57845317592,8
58202128111,33
42365451643,83
68950961759,46
23340666071,64
87564520491,11
98689061103,7
28533329129,50
98333658058,28
39085943086,65
05034161402,83
42357714157,7
01072289607,75
24579017002,94
54132642586,62
44093097122,75
48347961107,66
64410741890,25
62913514259,15
29750639561,4
25150891916,49
22455295093,66
08193669325,1
33578387957,53
26914410749,81
03045895994,15
49703402103,95
45712569706,43
95220052461,97
65523978285,76
57309441287,3
04405525788,36
16669284750,71
73672208515,95
22375820473,21
65051039962,42
79273384608,41
89527374432,90
69928942655,75
57764441431,10
88401577325,83
71176184285,69
93572100999,30
40664072135,98
25119977258,84
18480890779,39
18297914429,78
80855455969,1
06319573955,11
12029605365,95
92286657045,97
33620417470,64
01689109573,77
07703968450,91
45598356251,66
90535158417,12
48131864551,4
15988745124,56
33609891811,86
28186029116,70
09599427600,66
52499920566,59
99771329912,70
65513465797,33
90746587655,60
33289284683,85
10540660841,37
10008659808,47
24835061289,100
94533817842,47
90714656237,34
46495556859,13
67155364675,48
08734513285,78
02771777016,98
37896688515,48
91771383118,16
02991295875,36
71772517473,89
59036277017,70
10462925729,10
40727629026,54
30616489342,13
06576076248,27
21858714745,99
14927860169,7
81668216577,33
32703074817,95
16222233600,7
31099390516,77
39653504673,78
23221740938,19
31130631253,37
98920171782,71
13537105612,72
45311872878,69
52901715495,92
91209174056,70
73724555269,84
18632828039,58
68190123988,73
65361727628,7
09863170114,82
87616440171,41
72250702261,27
02832259139,13
14285442300,42
14711897822,24
19350970147,92
41645741549,54
43231605087,93
81558368112,70
89833394344,43
26866864507,78
35177346800,26
31744890794,96
55305967200,16
22915300845,51
40867329060,93
01953169512,82
73112369440,99
20874851026,72
46977223750,60
60963272123,60
93355122884,100
44481686977,8
56537757505,68
55531675947,87
21015290965,100
71130285057,94
57564361321,49
01068126418,6
80877627568,71
09137411624,4
88142218571,56
76403523904,49
19781944311,11
13882983176,69
62217426864,21
35135166253,8
95142517408,75
67335951879,31
02908382338,23
46112536436,55
81388557250,49
86886345601,9
23015893270,76
78841818820,6
97453007712,96
98775062614,56
96156848804,99
16643646894,84
06143262146,95
95173344006,93
14050170885,12
82606590746,13
40793318644,64
70835410291,24
96653894863,23
99548973169,49
39231002446,84
32755472761,75
03686693138,17
30242034748,60
96667146428,3
73971971591,10
83455147666,66
74528705453,67
34106359115,60
98648913627,31
92255564647,92
22801132697,12
67204833872,37
57936572238,58
85767693541,96
48040673535,77
56721330867,87
71951396907,90
39119259880,86
59668511082,100
47984084008,20
12779980072,29
74964932739,36
73416565716,64
01588424410,79
88977199787,85
02853174421,9
70698684483,52
03666764325,5
25935637027,51
35364358956,29
84430679542,100
28772201537,89
44412096715,13
88915777947,35
58777768254,99
51283596977,17
16552854338,40
65732362859,25
50663917087,72
13860046922,90
84292588794,43
45126223691,14
76422700925,62
40225280805,74
13667384298,68
84968049527,28
12880724052,98
38131672812,32
71022064129,18
52068342948,15
54776646869,43
86489364848,49
10859058863,22
30131756214,77
90615281242,69
53038004975,64
30587991183,43
49249241527,14
05910273864,37
38569246768,13
96225791877,28
53982007408,13
69328604935,17
66728510906,73
00810157747,55
46130549983,10
22380632615,41
50244622535,26
59098222466,39
70550501894,71
40603871035,13
27703395493,27
16878466364,32
57487547863,33
97590024654,80
81814655796,49
97700159791,35
57547606064,13
84800617019,30
35361947187,69
61441186345,26
58658225079,100
58495505586,52
52022805332,8
57619214940,47
63422757747,82
63910590758,5
08882728495,57
19783804600,69
66798186485,46
32880626307,94
01111307023,61
02581545981,28
37096404835,92
50232521142,80
67038526165,37
02386821181,45
19235900728,78
92681005888,65
72449168272,3
65335637470,95
83424216365,23
86834752701,54
18065015972,91
23345195709,55
40384033256,42
93494580390,15
86695256831,35
26118651497,76
49214703171,22
75196861877,53
56332126861,33
60407960964,27
21410244715,50
74505239290,70
63901595741,11
45714272150,56
67357621434,21
00660805033,37
89118821332,77
09276627229,14
26159561944,90
59544150829,84
33019233663,27
69437537614,5
30281631949,86
63368560710,1
30807606018,97
44262898392,41
57815551654,51
59375562686,7
68637649937,99
76879912409,98
60103873315,71
74833181275,36
44957160902,19
36465348450,81
29860555423,52
75510469868,10
40882287200,69
65227080003,76
48637387333,9
44532770413,61
43855596823,35
43957038954,48
04586752842,56
41895543142,44
95012789528,41
66045996736,81
00853537552,52
32602523323,39
46452092608,57
15306920517,41
05400344259,10
85578424290,65
91932127433,26
90804152912,88
61424697169,15
98936941381,25
85331504806,23
98812976841,21
02537796904,73
91019106135,49
97834496549,33
83588757165,51
45627340789,85
03414126131,91
45443590706,89
24441949201,19
21641869178,14
15746954703,99
37623793235,17
42099536467,87
19351538440,21
34143905938,43
32468124893,90
03784174835,27
17181877892,23
01290976011,36
26523287073,44
75528696130,70
70800566000,11
06026504058,77
24566993068,50
64941395881,9
49128674895,42
16295594975,3
39566634583,96
44471249566,100
45817688568,22
26152071064,78
46157906675,38
24826012510,27
89750575359,40
28772466564,53
18754926721,14
40081840483,74
34279587487,7
12513341697,59
15963499659,83
25208507432,96
89535225793,12
28388416171,76
31128422998,19
47631136184,55
35021319258,34
23599600227,70
65547167167,96
75324680070,97
55599497879,27
03918713439,13
68558433249,11
33817183486,38
71040633976,100
05471744991,4
90458202595,35
43482174963,77
03304375105,45
71849266930,22
49386750915,65
04880673956,46
45379480431,61
18844179972,63
69357058464,33
16968014100,97
01824600395,40
02056435195,83
07155057163,7
62083635733,15
99752177967,29
04923484286,11
34587944989,13
98225763249,63
83911427115,21
82572162386,14
54999457878,19
68161879865,96
57989002950,31
36238546471,65
86468740668,75
63314349324,93
45761644941,90
98174364851,9
06747399206,96
78429625329,34
43538585034,4
23080425766,15
50831052268,18
28816964057,64
74419914409,51
12070367071,3
14986831400,18
77845025998,29
56852787403,26
60173006802,79
40599245134,51
30774833004,85
45539276352,63
14133826734,74
85059358975,98
64967662839,95
39834636639,10
44982387225,2
51053819107,52
30129792837,71
04329036640,24
09858699209,22
64987718624,96
94982670873,11
08644637495,38
40860543178,42
60764283555,70
88283647647,92
44726057483,76
13800347546,4
19333007936,44
21697337946,68
85991814803,11
80956168523,63
19695162981,98
73805135013,76
01605067619,9
06380351562,6
59669474672,37
44954245979,55
80997782523,47
34715610868,33
99810025063,85
51213621618,43
26993433618,86
12061092667,8
21955293851,18
35687758755,24
95815676903,38
82625941488,6
55765757607,70
26653448165,50
87716267586,22
14780013717,77
82798119521,89
87876349241,87
64444754470,23
83082041697,80
77966733270,62
12675266005,97
38314941151,11
71872070221,85
23745275532,52
92944431309,83
96945155772,7
29703321620,46
15708326141,37
46890991974,60
84491633665,1
26730009916,35
09632553574,20
87897101730,81
45059343101,50
91777977404,49
40012969437,85
85938979269,60
96908134206,36
20555911376,33
81872331938,38
30011331894,60
89658109673,77
88044048913,2
31291901957,54
70544794314,8
16165885364,55
95071974610,81
15210970235,92
38620539132,47
89719505555,88
96866390608,63
23839273189,88
92256258296,50
97892960232,78
43547108213,2
32277396030,17
56559744103,43
06035441145,62
35590469990,20
80691053657,3
43025077344,49
14216716106,82
89449080451,51
07678902646,2
35169716395,43
59159029780,78
75719085752,35
90289129981,91
17189414482,18
44649836155,32
55770731004,93
11585776314,78
74008694623,94
06998678428,85
03392141404,54
44381903394,6
06415498255,17
85123400946,40
62954267713,69
69562334465,64
45935821297,30
71161013363,39
23837906620,21
86211802161,87
71992289426,73
25833367151,65
60097312168,94
52391125246,71
77373973378,97
91835698689,79
72244920561,36
81393128981,82
65117555177,57
08577461260,55
64719492185,72
76318170353,40
67979817061,48
00710995745,49
69799814618,84
69981625939,61
91187329163,58
03796263133,35
84685942028,96
77873021581,86
66834016848,8
55958610980,18
97652312670,75
84516694585,98
70364468213,32
46360177336,31
17277916353,27
30438881584,96
42987069691,35
11017864891,81
92886206827,92
82055195989,38
19734179660,82
54123887433,61
93975429343,28
89601631945,2
64556018864,65
13032577205,29
55321591869,12
47890645209,90
20299559119,63
09220409906,50
86173889285,26
24195365497,39
99610106314,32
38959181428,78
46964927557,12
08473972307,59
05630528879,79
03063853314,13
06750669595,65
11702711208,15
70880153334,40
29589339505,29
75521312483,7
23868768048,90
40381186042,54
87660375974,44
51416588359,69
60385267871,20
28054148884,6
91576182408,94
47689144786,92
35927334584,38
65591663756,3
50507824111,47
58361759663,27
21277335935,16
89612856740,86
24436087839,2
39887518255,47
22404040275,29
99176294062,30
61630233619,10
89137187042,61
56422041238,88
82790002677,1
09400806483,39
95303729740,46
76422637950,82
91168431401,29
07074324854,95
06686168200,20
60575097234,20
10599747650,9
74825893332,34
03531603466,22
03714786843,88
87473964946,35
80974106812,47
01839584525,94
07461157793,50
49307631019,7
32818661712,47
99361084828,63
21188377418,45
08108615485,72
92025352091,44
52608822057,79
88256874762,54
44538775538,93
76508110313,52
00336261709,45
03866570629,20
74441023260,91
90025007105,97
79085940089,68
81198801356,63
37620981631,2
47065109541,23
26614876804,85
60905768378,16
01069982788,84
01184623033,67
80007821173,33
26108726859,50
78776230763,21
50110009562,6
21183808932,86
86129891253,74
05678476754,18
58567348293,47
89400306531,1
72319597379,77
80255556479,13
00402273962,8
83133928705,99
12054453669,13
75530965632,77
91320730338,86
76228180862,59
30953480957,17
46836825101,73
00778730808,92
71645614561,23
08707120306,46
71655101192,51
61145029660,54
47218281062,69
37575367410,40
39116021480,11
33563069654,85
11559956903,53
84831061480,53
75536339312,10
35693698178,5
39108777700,87
00020874410,96
10232794489,78
01999688362,58
42072606356,84
72047790609,89
05530361213,21
03018018368,54
58964341401,22
03520365653,92
85788005569,56
37141191293,6
79956421150,95
19336846116,80
68258915703,53
37847804322,99
46925302679,62
81058070181,13
03954609483,100
39145470525,69
59609557355,29
92267304891,58
91848522284,77
61069256225,85
12953241976,40
02171987606,35
53454127100,22
69764214669,70
74559868698,78
64398962178,75
65636383851,89
92258446948,51
51551586607,17
61800833289,58
60342831754,94
19747426454,35
53938048607,78
58063184338,30
24517491605,47
98263387825,43
23423620900,28
34092648984,98
16715479700,100
57205621146,71
04181860182,74
83235425790,48
39994071110,24
64720276629,44
13021389749,55
44814081743,88
09513764127,10
30865680239,52
55898858949,81
00439547038,74
93884709098,80
61972504977,10
94665752044,67
33017673842,91
11864762914,35
67372808294,58
03639719715,39
36714974463,69
83308340575,44
17378769285,87
95017830992,37
37843267422,90
39196196804,12
48616615110,98
55191560887,61
59685606303,40
48276038591,87
76532495117,38
66527594097,38
61183324179,21
08991706404,58
40233441448,43
33724572853,95
97562513017,89
66539546110,61
51820840903,80
35678117765,86
45763738882,50
17273656452,73
56608924890,57
64207877152,88
38735007036,88
00014257747,84
04597862377,88
57660151938,14
08868781767,19
19906631984,14
76806844235,24
43429954953,96
19498154163,36
61776299218,45
70253351046,32
21825975470,61
66652509293,3
71608385022,61
36981728503,59
93524048565,62
45945501255,30
69370158134,47
59928468096,66
63815333297,91
29090302717,16
31987579195,76
88110699176,50
90286140667,47
73989771926,91
94429410547,91
41827514191,21
48684736309,89
89916474433,44
44587024040,3
98704953834,25
38529153983,87
81818733817,3
35732040533,50
45706591083,48
65112512799,89
89284948656,68
58738609886,54
65553164352,34
72031724017,90
51334087693,95
98066715535,22
42933242075,97
55094004132,86
88372657240,42
15628550514,45
68924872772,11
26890324348,38
93886185944,28
84202817731,89
33332725511,48
57121162880,84
46880103781,49
31404300241,82
82756454641,50
49364563305,26
06812685424,7
61632716384,47
80136713942,75
28195724918,92
87609905489,5
55027791496,82
45857288933,81
25809014710,55
60400708982,55
07774990289,22
34926797416,57
68794615694,27
85461215100,89
45004867636,84
09448814305,31
66042261247,20
62684363639,8
38027143512,5
76015059640,39
30901607902,85
15380882147,42
07653315321,64
62075111240,67
99762047464,62
20671138245,40
50807456956,81
30206630575,8
96105898243,69
92894887189,86
63944325452,40
08532845825,82
63209522288,28
03125074743,93
60452878281,14
70768330145,24
43905692846,60
68882131284,45
66302441311,91
97708284432,2
56231602820,9
33497335934,9
36039442266,12
76819870200,13
43170418990,32
77064331292,14
71923481105,72
43752537857,95
68742251296,83
19190771596,29
98727040144,58
56324700620,18
76215820415,46
63804575815,99
89788584475,4
45589955902,86
81847685313,41
48374978367,90
89741562643,46
87643781141,72
43986821360,74
21055848672,71
83788200372,87
03669413984,24
73576066834,37
65380208094,21
04889600513,19
85160021011,13
30933420142,11
17888790061,5
36580285298,7
87420954332,64
06570393805,68
10165971814,17
34310713303,4
94382935755,72
34621588339,83
67036757805,82
21450064490,72
20583946183,67
56540311177,37
81721874417,21
72950785269,95
59182772334,68
45069433164,22
36619476307,6
72501264350,77
83917483106,56
72514417389,76
75747411171,49
17045424356,10
70675803002,97
69635483154,86
86509979185,54
03346606836,37
11037818246,60
31276854914,11
40829317029,18
54269521206,80
99239690883,31
89892957005,52
80131062343,10
25225138786,78
94591877674,28
10879061546,24
05944768116,59
73720481737,97
30207185738,50
85052287721,35
42364425208,96
59049709701,24
29663895192,30
30579943565,97
13124507614,99
74485596510,41
84694863191,38
08610882937,22
99893372516,37
48324317760,84
27790540842,54
42560755704,24
09957162563,16
38457577498,35
86959197515,36
69515569993,78
41233286362,31
97795824975,66
87746553965,10
62183333383,74
34362688442,27
02266200231,10
91607954900,97
41196788472,80
93375759742,48
36912942477,7
49382571805,51
06089164566,32
94894271731,20
52195051241,100
74676391635,68
59984827152,32
11809597669,70
38794961298,39
66228709743,67
74568799727,83
05065488385,70
94259222887,45
78254435366,57
39798917217,97
87625639746,51
65988076191,27
26763480968,72
26876279606,52
42554454151,3
37039769781,72
14844458851,9
48349260933,19
56921053402,22
27153698380,15
70477628422,52
25259758896,62
76147374585,5
63215650141,75
20014784403,31
74294285549,83
85174552677,78
15586175296,27
69991878930,57
75189320268,78
58965346885,14
19384944426,24
85390576227,77
74742740841,72
21256504157,51
39280351731,22
00590580555,45
37549716410,20
55276385586,77
24903703105,61
42262865572,15
33461931387,95
69894204396,58
92952141062,5
40957656796,35
58824089114,67
12091877451,13
52990262033,39
57879868517,48
83063528768,52
53770671290,15
59450030992,69
23627723383,100
66253881310,42
85309181542,93
42934178679,78
65509499080,51
15459817289,35
39087190469,26
40466665349,67
32857954103,76
69141882666,92
30255601305,78
91276714510,91
36780516842,50
97546174663,83
80308618304,100
84028883557,64
74888652367,1
06179348673,54
77022399634,88
44930117398,11
94415914496,62
65172278824,53
47591624545,39
47769219508,70
56180319320,97
89822390932,6
48075886579,69
49502138765,30
98641472214,56
35283063161,10
94297732062,55
12063274905,17
14838328554,54
71991141141,5
78290010259,50
07173605379,84
37249394111,20
91144464129,32
66236246502,28
31723592363,20
41529402621,92
96577302035,88
94586546454,64
07477137123,5
90106828993,58
73331496057,4
21212304222,44
70652441142,73
65898214107,40
35491185734,16
67210249380,70
46665801620,58
50490682046,82
39076383419,15
36236491061,94
35028755536,39
14429604269,7
12625001867,55
92248665168,27
30279683222,61
01471552307,100
80341117308,3
61327422260,80
02414026711,32
82355559986,41
99727253209,73
71458493478,57
51722846708,25
06076058607,44
60827701774,65
73901791279,75
77484527676,64
32015043885,77
74143842259,74
32435720567,17
04157586881,82
24906834648,16
06071352284,15
81875441395,48
84337066031,52
04406441353,34
92351803258,45
27035739475,71
48799113911,91
37823450347,53
22744515365,42
04746467831,83
02038242846,32
27042666370,31
36187797926,41
70045397126,73
69885356932,73
49757977510,40
74109673944,67
15289696865,100
18326950303,21
68567735327,5
52090058408,17
78993795641,99
69747752712,15
28479137042,68
58340385381,63
78216094323,21
74418076572,23
77352093762,61
11746318761,66
99676634560,43
10096505363,6
43062313170,34
56690607645,36
07178087436,43
69748028664,75
35375048269,100
09999007964,22
81107684024,36
03764665095,95
87209601003,6
87823742738,10
66339729315,77
63219556262,75
53428532755,45
75592037118,97
68247770158,10
07385152514,36
35519133931,26
43960479100,98
73371390169,44
66652106605,38
24515904729,18
67579311168,24
94251860902,16
09809804863,79
48987506212,34
39646148775,67
80862182870,40
13651701282,25
29004863205,73
55588396588,77
60920017135,19
30573625189,34
86937936736,41
99710245063,43
22738080100,12
87025215622,24
22440263386,47
30861289367,99
30334640940,24
66979000064,23
17908340700,95
15246010918,49
74707681320,60
32085808202,12
95208778938,87
63125798938,69
56552927593,31
57655563172,58
91007212577,50
66933240750,80
09589854510,48
00618733845,83
55765834902,7
44576933667,83
41230731279,9
04069475751,26
02563117037,41
70920659942,71
92533383837,99
40826804460,31
39624567805,81
60650927895,86
17934459144,21
49571503437,31
03780050145,81
78915577229,52
95169187219,29
80054317465,77
82909848888,27
11913551695,92
51153365441,80
04456161985,11
60644057139,27
60411813629,78
93474286484,52
16625503630,34
32750513890,37
25806934070,25
03542819576,63
55444310521,55
50792280255,50
43716071443,4
20046951878,59
70442373424,82
85915682479,27
06692429151,100
48788158902,70
09650514516,3
87918205042,46
73211672677,80
61964168357,5
24446703796,96
24553687752,32
07874547236,64
00716651335,33
27172344507,76
04530131609,16
74627029480,78
83497834293,4
30391213694,67
49577689971,23
17142753427,20
47562883840,88
47723163826,20
39542288749,70
17875747852,5
73446972048,87
38145306567,17
44317081160,57
94777077373,83
53539406088,16
38784283735,47
92555913963,72
09252011301,96
02018580235,44
37144802817,66
36882677169,68
47230216945,12
54863770405,98
55571163204,32
94730397921,76
09769696208,59
29114874673,63
92165909466,87
07708212731,53
07348930719,21
66245361922,80
50975196991,95
96181099646,21
93306330947,97
76364563569,2
47266237636,53
14810937346,24
50777197110,77
86029204488,30
29677367460,43
68956524395,40
48660581739,23
52973285927,19
35014576958,23
19413867430,99
46517419156,53
12558488213,95
01412368644,54
92166329613,91
12388452134,91
89467925117,72
83705278992,25
31333626641,70
59054852309,6
82342659998,82
56133486616,3
00998885359,83
97359957140,78
55254805879,93
97906989427,78
97761229521,35
28055273253,92
36482212535,52
86184784187,59
76197219230,25
14062731410,87
28034720742,83
13064891914,96
70003143557,45
74454116233,15
09236593998,20
17918388597,45
05353790885,73
54612797779,44
54533206799,97
61140120396,74
68813034630,65
99568308193,29
15760188952,27
57757380584,99
20856047951,67
15799386913,84
93389525810,25
91217160241,84
68949500170,42
98992834496,73
08955767477,16
07427866516,22
61727925844,90
33720666237,94
27376846497,30
57323171613,60
44110512436,97
22195512433,4
28891737580,21
83859896587,34
37007326700,35
19630157339,43
46544697450,56
59918250113,82
62760879548,95
92311927869,13
98183284004,48
26910833528,8
41444365904,47
66537420514,64
81586633607,42
14936331864,31
69843046843,81
68930052367,71
02865342958,23
36084181778,92
65113820761,8
95917077308,1
61661059063,45
48018284840,48
17154859326,54
66961468869,16
86009596864,28
74146635666,63
34393892413,68
64176645067,65
69381929260,91
33476430618,5
64649814695,77
56431380892,12
46034607868,44
33679742616,7
16972843085,73
62631993340,81
42226814756,75
37541338727,37
39430461868,59
72886417941,57
44461054383,61
59663105996,97
45768567664,34
39857248004,66
28679202566,92
60247987940,37
31215559257,36
40475581618,7
16451300877,63
20340135951,31
32954432922,20
43154938149,80
39689069793,62
84406007107,24
70996775629,4
64227998858,16
67641390209,90
58600387707,30
24792006642,30
58443473200,10
91590655756,53
97267281260,58
03756421572,67
51621686880,74
65460418139,26
83974265385,33
39718826724,73
10325672938,70
06399843633,15
95809712688,57
66312092690,16
85307878625,36
80098147667,61
83252643933,50
65972893955,33
91306468976,20
48799381815,21
88455573483,65
01914353721,25
07798147540,89
28813266602,36
77622905808,2
77615088142,60
23557487807,52
35735169127,11
75571973809,15
15590218497,80
10796362327,23
98075624673,77
73807361143,91
81939921890,62
01335035122,91
63896818465,59
75026457195,79
19794847648,31
93553418815,38
58577762001,89
06836640385,22
18920747919,42
95496584039,68
20938439601,86
20424172386,94
60587394316,9
79740878155,98
56066779371,92
67300483028,33
11707321321,74
39042509228,52
80137413165,85
88492316257,20
34768611136,42
48500429444,5
13753434507,87
56631821194,73
94855022709,38
39916739770,16
73792690783,42
06120773206,89
90405572993,100
26789661099,70
55668194341,17
39809610620,100
63475679569,82
97617502641,64
34246086215,3
83279301588,44
33212442331,47
10484440281,35
49093717065,70
82161289709,15
89189562984,83
31854881319,76
90113255931,66
84820178247,58
36918341694,46
69544827069,9
05262967433,11
10040356481,68
54329576807,75
68854513026,55
04065314353,21
11351854227,84
07157101683,36
36954444311,25
36616392488,73
40718022457,19
68893307716,17
62165132261,63
00929762840,66
46069124013,4
84184998624,67
61799955411,93
60773104922,57
18815600824,97
53971080037,13
27891373310,56
63952697219,62
63632458673,59
76351310504,62
71902095258,64
58277896957,24
25100229700,31
44454716897,44
01945682672,69
94659753415,18
36358858999,73
32864781610,71
79660990836,54
92219879282,7
35192106629,47
90926867324,41
61560722163,93
40985363552,15
43334284993,16
33368853038,50
43923213074,69
94200543321,57
18808690580,63
15284954700,42
56170773433,4
88346766481,60
61962899186,3
91292913262,30
68774428382,24
30516799301,42
75860812618,43
07089599434,37
78976917946,75
36921892300,53
17073342657,12
15726952733,100
37724083760,12
83413614919,61
52415926656,72
27738633847,97
25088703465,88
45074153426,11
92709166007,83
66409211513,63
33211552979,97
78930927302,48
61140436215,65
70893105145,94
82270105351,37
30425267552,15
05028450432,80
59835715930,80
43543476640,43
52506787650,47
60417696139,35
21134946983,33
36583890732,37
53057530178,13
11238530936,38
55342145203,62
36020885039,42
69685762811,58
59864408793,54
88872744124,9
56045006894,16
56975337658,59
36059985675,36
17335709310,90
61135470325,55
81788562401,82
34119363191,86
48138379689,76
66039107820,43
89466364235,87
72071380693,84
60744537032,84
85317822092,92
28117635114,43
55001170041,38
38644256610,6
63161718464,68
52423318871,43
58574771690,91
69345001315,41
57963946641,26
86436618328,34
94875417941,48
16610512321,50
21036715688,86
69776065261,9
60717562987,67
27572350614,100
99324821118,70
39098785849,98
26080337956,50
02639744315,63
26465244739,27
65922084407,95
87748059930,58
52504313496,47
04717310411,47
19374296315,6
13592443824,48
73261617636,80
53122632225,13
77282032887,49
25022592016,81
53662996316,99
89345019336,48
24146313105,85
78549275258,21
19919932166,1
05076196906,16
62696524346,41
82860504608,77
30574995648,22
78082283112,35
08773374602,7
34673299800,84
67506256996,82
00480217496,79
60300738271,46
59417821247,33
20831506771,74
15707106705,62
85491438899,13
17753867970,57
29498886159,96
54144847952,35
44352391969,70
32988520454,70
52450488013,60
65303706944,69
22085221486,89
56985641542,37
57672756661,20
23921098042,74
10207065745,60
59987048995,42
68251993591,55
81475495207,52
47926856199,48
52050498426,18
22045419786,96
30203511284,9
17793253907,34
78245109778,52
08277855846,31
55162169023,25
00395278058,18
66378621623,74
19864437371,85
23028992589,94
90089232747,87
15342142850,81
71471667688,87
18600209959,71
74961548024,13
51449765989,35
60032580713,27
40741153648,76
84856939852,64
29373534373,85
98446863096,80
28840576145,35
66591588602,44
54138727864,73
53140343789,99
97031069533,40
58335609538,49
90572212606,51
22001602685,27
05643012779,74
95897906924,78
21600940070,100
86820882344,11
35239495949,74
24294743708,76
55978651510,60
86897885446,97
29085617869,90
51637758603,33
49397277658,72
13765902696,45
97047052333,69
09619356781,80
71524201323,82
26417415533,84
11337976390,50
81131906067,51
47595711573,43
82977599701,94
61850482639,16
16094012773,53
40107722222,63
89547870731,66
80805172399,39
44770592778,66
52440963807,46
82172408832,67
71397059178,38
50469020114,16
68680153841,79
66043954257,29
31538233806,46
73114117670,19
44022581810,87
69073955593,61
12166632112,37
52535896130,7
22167111897,65
24555779953,71
53135750482,1
24424771726,53
94758577994,83
93493733760,39
45900753015,88
89474458565,16
85891554187,14
97219247163,65
10113256317,43
85154049743,30
84200959333,10
11139044729,30
36938271308,45
02549161185,45
09532694236,71
73734640717,60
70909071623,41
35001780563,33
70828938431,75
84998414206,10
59159197024,34
89267549638,9
26945224605,6
82785801132,17
88610384215,69
63738847768,45
75920391498,38
27119227898,64
96864599467,20
37051233367,7
80513938531,60
72272364404,56
19378985050,18
84952194404,75
99788042107,62
75991631929,69
00133589650,97
27844839227,86
22253499728,96
70773291502,52
61258542027,30
70571337116,25
84351936946,7
79594903657,59
16679475062,30
81008020250,25
86751289212,12
69072705660,2
89637729978,7
94293239630,60
09719773612,45
05363988291,96
92132100537,16
82623947021,47
29047924164,24
72099993361,67
08184871898,78
62619295062,52
65515138592,30
56119691104,26
01470321223,65
89839711019,40
36385025636,24
66468679176,44
14248790851,23
95999529082,23
08581830867,61
63591650400,93
01914003918,38
32335617289,60
07959652326,74
91520214563,35
84145333845,9
81396483034,9
59587840481,46
09865925487,3
88593642507,36
89573074915,84
88756318541,56
65821800421,21
82240721271,21
78242428550,88
24576009587,26
05463957708,13
03251058771,89
13682265543,51
24815879152,81
41268443214,81
53524972233,22
34932675589,4
98060685567,23
51033101311,57
81925784491,66
11583936455,19
82872818883,32
34590723694,4
31334806524,69
62366815401,80
97122178011,77
84356514215,80
16188868234,33
90108574811,57
16537324378,19
72957418021,4
53268945270,19
31035885968,2
62313191299,37
30538051836,66
76538397011,67
72836196716,85
83567008290,100
76882119765,82
44724714642,93
07453645849,68
85780795036,100
86643344457,66
73689641475,80
32980449344,49
85595941070,4
46109203181,83
54364504129,3
13001407635,78
24895442937,25
47377476705,86
94933283189,91
96991396249,23
79564419526,70
21682665308,30
01359351529,67
57001742042,82
61088534560,23
35183444685,34
83813839073,58
25609877799,93
37599792390,60
63478690864,97
27148319392,8
26578219614,6
58654166104,67
01837036295,25
91866955650,26
87369245289,22
33579984840,38
47987698122,38
02372707110,48
90693669429,91
88373968744,69
21773879415,30
10177285411,22
85684270461,23
22896888105,98
15494294097,94
68454141242,48
85514128444,47
42585918339,44
24573439903,30
69505794836,23
62320063593,27
86190806638,56
17859417955,40
16846414512,9
14636612811,26
17274567320,47
13235191696,94
29359294417,67
63140382519,71
18071057699,99
64294372627,18
53729385322,98
48856590044,83
10758533459,79
08985941609,36
46669563055,31
47345700158,81
20284455746,81
00284164153,21
35424986541,1
01748266823,17
20398823397,88
52127786681,61
20314956534,66
48730607212,15
19989686411,80
05566136262,80
63602619972,82
74154313382,34
94855561319,3
84628531167,89
07237401934,49
06632683249,76
54540676357,53
89353773708,1
19575000100,78
76518806289,26
09606995295,33
27914921888,63
72666873539,5
98906495273,99
92147861118,5
96675674599,75
58628107361,46
79629056825,90
29913926842,85
72889850112,84
60395047176,35
34783058710,77
27774766978,41
34172843845,35
22187295984,83
92581834331,2
72739562583,1
64671450404,87
17342635652,70
00425057914,66
16238318999,97
73808303822,48
71963723589,70
83551989122,32
35202978811,47
71806575181,32
67897678367,33
67824580694,66
53693996890,83
65993722871,22
70309984822,60
00796822984,32
89497190049,87
69090912339,100
33140426940,64
28637784399,61
67679479318,71
96969869913,82
49317952873,30
40390066693,3
86365074392,39
19466407093,81
62610137074,59
29916485191,63
81811422794,78
84861779101,45
93511178509,36
67059634518,8
05492745584,73
35538828845,80
00898788191,70
48122609675,15
19716870309,86
95541657970,81
49747950832,48
37845320629,75
41783386959,64
97124151382,7
74296610395,56
15492048412,93
05036791527,52
10090273330,30
88710472912,81
26003562150,73
79827223304,19
65462726312,21
64716960623,87
05632761384,20
04534191299,47
70765251040,77
97912613931,54
52196375414,69
62190821957,68
22430805962,11
28536582223,73
65746265953,48
89107515892,23
62125658200,69
74636144327,9
23293678237,85
29350257058,18
16364208959,2
07876681045,98
81531867284,72
33998021609,9
51511634921,23
06307488893,11
42925658158,36
13448326343,84
94970447202,37
73257146095,51
16261927429,80
94173676635,29
80456185839,25
98684621261,21
75948781742,26
39580935551,59
52371458691,64
00571685512,92
31474272839,96
00779540208,77
93646252596,73
03779246407,1
41401123052,95
46918987704,14
53871468539,69
07119561708,34
85149620167,3
28147861606,38
53814138015,2
12478063845,93
92980402836,47
04730210994,100
88302540737,49
14561427725,47
24657374026,96
84693537199,38
68981521049,43
12601784971,36
69637302796,21
05027507460,26
64149424690,53
94320714702,42
42826576992,80
25518781236,60
01602832008,92
44446253292,28
12421597910,97
93823977743,77
67194466760,63
97132826488,97
61945271285,22
74145617083,13
07999708120,56
19810726119,20
52822577955,68
09609933182,81
76223924025,18
85128125098,82
23099779442,18
69864784917,44
99727729936,16
19715711363,72
72751982706,74
35828123349,100
99819512775,5
29869979401,48
98603855211,33
52200656704,77
15944396608,58
93275946889,41
13733865606,45
45983325079,91
51639505759,29
24808924632,28
84124865436,83
39536363243,49
16259423833,14
06718480608,83
96347818979,19
38743446496,44
85953965659,77
26157421507,70
69398172892,74
65878672721,88
70872605845,78
95824865153,62
41508546727,28
15561628726,67
94283191504,60
85265090801,42
18828866701,52
74955474913,1
99304426501,7
44125154805,31
87774602019,54
87948845834,86
17565530783,33
48916360753,72
63227676987,99
54571136600,66
08062397714,94
40899960432,76
07826684516,9
72853007892,27
29043274304,39
85648346600,54
79288904473,66
38612153749,3
34236736098,54
29935006543,92
14486905083,40
48473108935,28
94916602684,12
58105905522,1
70924545557,87
50170818437,51
42490397509,83
94092643750,14
98632911417,26
26373957859,8
56256112813,77
12718195685,45
53059361040,53
12687229357,26
25747539570,36
60730944082,51
24662403620,61
06675722294,67
04755496023,38
98990056798,35
40340336090,90
92825577912,95
72988733977,77
13081250687,63
48931647353,33
78489048458,22
40438539413,49
96780594010,9
82019599776,72
33363824850,11
47758347532,11
19961157458,66
69960726018,41
17940462072,75
75308939088,51
72540760819,43
51119035600,8
25015102049,76
94250749126,6
11438676569,30
18400825320,19
52912718992,3
50692981141,26
83365181424,45
33009007524,96
74665184849,65
49743284573,12
90908819048,15
32548646258,63
37949310905,9
48096379959,53
55689636341,75
69860282646,40
84111511877,37
53250528681,93
68174628291,92
46312790571,41
26738983453,50
70643963724,76
33483292181,29
76233192574,77
26132040868,65
56062571125,6
48128258716,96
92487945412,16
45156606134,67
53700956222,52
32050298234,18
22794042785,76
04068930688,95
97681502702,9
09367584967,58
60122826617,67
88924850035,29
25700659066,35
55607563339,17
23025127342,31
28840015339,19
22525177255,48
65516198361,81
73103981555,38
44899114290,47
32251628885,67
67624994511,98
41368877114,22
66550463211,75
45091038422,84
59197907514,82
39343192528,97
93283477191,45
54817552941,4
21084888305,69
24760718249,26
06743753069,53
43157997503,24
83132544918,68
44478817158,36
28515542640,29
64904848946,58
91922878908,44
19092709823,55
75561219644,17
14329201324,99
77611145707,56
15994760501,3
84851654192,83
35155262086,19
77439230735,27
31845265771,86
73544176869,21
32267710344,75
27110804723,59
82975974817,64
61782302021,70
94338916871,48
42643592735,60
04382522511,59
69190272758,98
57732017073,90
01367307029,38
05720743841,10
22730953524,61
17564332720,51
86106365759,60
46645637512,80
46330304222,42
04506966484,48
01151704184,44
13017818883,99
02946582086,45
86458879818,10
22240827625,62
46397285916,22
07230146213,33
55332887629,4
26754157809,37
88774525306,67
05862113512,52
81385342735,9
58549161228,53
19733292787,55
54895971645,97
41193601128,79
77535533492,82
00737105560,54
77790293983,98
38753396462,61
96466884211,60
00045677747,4
05927991913,64
18394641246,28
44634881950,75
92060271255,94
12872610196,63
64900339950,44
42224017764,15
65650873253,34
65063322454,68
92294373918,21
10502546986,50
74511087623,100
24879924165,77
30168658292,85
29181775008,25
95248219779,24
06210686220,40
81935158027,35
47313198266,87
64950409906,22
07065313965,49
92148543898,94
29530678281,1
23855360022,87
06336611763,28
90539123643,92
25252157233,4
89032400629,10
52845830179,44
83909984953,26
53981613359,49
64424907343,66
82677440635,6
67043446605,62
49547912114,90
01295697849,91
98303182038,67
88757864436,44
73553915752,91
61029315361,65
11524951322,19
79738035794,57
55739748346,77
92958224109,54
46032257346,9
48478640384,18
95662274133,26
94637744821,8
76149029711,58
50107634658,16
21391187336,20
90502820251,79
95800977397,63
41601606781,49
50869946105,34
59137124991,42
30890319833,88
48399072402,16
15884898908,56
10086123403,64
86255993518,98
60954665706,30
69557623469,90
06019674403,72
39754975939,85
61287925385,53
88200203453,67
08584487958,25
22014255107,92
41934786888,86
21184967137,72
96863256836,84
33204069949,60
94097163851,23
90795357909,50
21448308469,49
15698554755,27
06750117708,61
70954387111,30
96793260822,21
70623082104,37
77186869733,57
65433582343,68
06914371302,46
96620621784,25
04222388184,85
71705304014,63
44607999046,42
16637326112,87
02016358638,38
83954408030,76
35233496126,86
36678078624,89
08344532481,35
65620017752,63
94397518503,43
55934869348,96
76309322385,60
69665914496,46
80302415049,44
32229002473,89
15614812027,86
65435631805,27
08405593515,81
89925759913,92
07387301609,1
05760785215,100
38933488074,55
48086251452,79
87271735430,56
98452377441,91
46581563313,78
42870706507,77
77546083913,18
93869486937,11
60711931301,2
64415007494,71
90808107238,67
93756082969,79
67829440997,53
49267655778,8
20700715984,27
45511588618,78
69287065811,52
98636438120,47
66030343560,46
68806479584,31
66986527121,29
44433389663,87
75553357392,76
17275186021,38
38478768197,73
77767808393,92
77955418862,69
13229934581,48
43049066281,3
09940046744,14
16397721653,10
81895384667,98
27913923369,21
49583150402,19
56425228979,30
55618029075,10
38261445387,16
68356624699,2
65123249095,43
00268656755,72
35414220497,28
68628792576,92
36930478333,14
78520177948,58
76640715297,27
08412904065,79
64201848570,39
40113121838,99
36490448796,30
55885041771,36
65392473105,71
63620594583,20
02464651222,67
29324845315,74
56824563108,56
01143323705,81
15699708787,50
88726376606,69
97903914990,33
33956730627,9
68911648809,77
95351173226,95
47639540803,41
48962002721,48
03038076548,30
04527822988,9
48694704341,59
56759610031,43
39193554202,63
36801554810,19
71926074981,71
84326334819,40
96097301930,32
34372056858,15
86906750285,100
33040723369,41
43288131437,59
97242502155,74
66557097135,33
26831751027,64
41344779353,33
83337143596,36
34459906780,47
36075891135,48
43100563107,50
06982274242,96
70702267258,6
93566833468,53
31665414671,76
14825423396,72
09083231445,57
52379998740,5
81576969963,11
20773103872,8
09090120267,11
31566850141,63
72154300666,18
89208663856,62
66708119965,59
21833688846,97
32933576505,31
25786399561,20
02800112643,45
86205674981,57
58813927427,84
44499915701,50
11439353271,60
09488360092,55
43073762604,28
49824247209,9
84418281547,65
68872892921,83
73601430830,50
17937501206,11
97876749301,65
74772271660,48
90162395481,8
29863472109,80
67141718393,23
97505203664,36
01073352240,33
97469228745,83
94175885275,69
38234500615,72
01884429457,32
08754485491,54
33632212342,82
85468758152,67
39901229143,93
04572066118,100
19824561754,94
95165878906,16
37604853379,19
29343863946,77
55145887412,44
15613329514,49
38006123770,100
30383937664,49
50950954379,56
96938191345,98
12315600000,22
98859324173,51
56850589882,8
67792770372,28
99906659298,55
39462481107,48
18242052695,53
73680532049,76
38829824299,51
32988249109,57
52981679077,95
46021157761,99
10804964910,38
79526197938,38
08729767693,91
60835069452,1
07997020169,76
13964343559,17
56660061260,31
35420921673,95
79501927316,86
67186867651,71
11717599378,66
87865880069,4
60256565066,7
29311776526,81
53433717369,45
36062397054,36
76849663797,21
45391877844,74
42707245090,16
77854291815,90
15214953072,17
82127590598,2
04027746792,96
30200528364,12
97936268305,31
13975516793,64
00539401621,90
41257357701,47
26729969462,23
15923492865,91
32255171396,5
21150187809,98
87885474789,81
68259382960,33
44244807603,17
24546119456,53
51790016083,96
82232420343,7
71352628982,42
54574595390,34
13367510069,80
66672370281,31
92665060728,35
13412748652,5
05926998680,50
86053076043,30
43926798127,10
19920320185,30
73074738276,71
24022568913,4
67427533614,82
06653428434,94
21323281458,90
45764521936,21
35149400476,44
27816601275,54
61800199099,41
42545114780,99
90110646453,72
42727809137,89
92000221620,40
84536495636,100
49871289233,86
12323732737,98
82038062548,46
88343750928,54
95066465324,97
13847681206,57
32632934999,3
01219211408,53
69843424514,14
20747805557,86
91172946828,44
45328446148,94
41080311091,4
41206709717,63
13765455866,91
14130480975,61
81594038877,8
72503092869,67
65410168475,64
10048563591,62
48405815191,99
63497260206,9
02875233546,77
01330692745,94
41962408955,83
61995231909,57
69606497438,67
70220492053,79
45681478533,34
77564739166,96
25211006712,64
10517818643,82
21709437353,34
45460136766,45
20327889895,30
50341339404,75
22158540695,47
90470040661,95
83054717127,95
30838498427,61
55152816643,21
98809282231,4
40387684653,29
12727335516,74
91173776592,78
58126234186,69
45061557121,57
67208831898,68
93277822432,31
85586054064,22
33408453973,28
32138758895,98
57581130196,56
92306550019,85
57890368075,38
11357853230,48
73507320334,12
06698943165,55
46185915801,93
67494096434,57
72925713974,98
66543703176,27
50088717478,23
47879302022,74
06795650528,1
52281109645,83
77887819839,20
76724161568,2
18046621431,59
56148959886,12
05333338415,82
68789917100,79
18737521879,66
82822653012,87
63516976220,80
12438307900,88
18364888650,29
59275381001,27
76508771523,97
23684529356,50
84289922632,41
36213154882,87
61511388095,4
01067407096,61
25351819574,53
89759690288,90
88093123163,11
97266950259,45
34021781886,29
41341272943,94
24047927814,78
14033362483,75
23724421569,46
31508155685,46
09364567952,74
83669258541,69
13913054810,34
29176822125,31
30392811894,16
02666035652,36
04740863000,2
97975107070,93
24479593014,84
01949914146,74
14269943401,97
50551608530,53
17093533034,96
35022888289,77
43465851779,95
52315331962,40
71231399699,63
82094544094,70
34583703377,10
64956625111,30
70248163137,47
43626089190,77
08423238018,14
10126718912,91
48125779135,83
09527243539,26
77124828560,26
65127381747,72
07269375562,77
12001688914,6
83256690141,23
98311736720,75
45482745332,65
42806735776,22
71899056585,100
45375656623,2
03259483953,86
16242765871,28
22376971730,74
26688356150,57
49472140307,88
15274347492,77
03192222093,95
36262288212,70
51105832727,30
01182963878,85
47360939564,87
83629462157,79
03536161456,11
77656107330,63
72927563366,52
85038084845,42
13984177417,29
63503815979,59
80295311626,47
06374579196,12
93883432966,45
22710623171,14
73698105467,92
38918285884,35
67512850368,12
47397187446,23
28422767122,24
90289203521,69
81610858286,4
56130774063,44
66262339790,9
55808636063,29
52231684646,58
83477967624,66
32166480166,33
25998536708,55
48807803519,24
87817142080,9
93291587516,69
06624327035,79
01157810897,18
72749158095,97
80864338403,89
71544325331,11
74856634297,21
04939520169,76
81987073253,20
59520705025,6
63983469613,15
71226624728,84
67760130946,61
90850497774,83
34961954944,53
98111354268,96
93354071290,22
03739100546,96
84995983839,34
54026943111,25
31480491984,9
71932287458,9
39492991870,6
86919979256,39
75484148890,51
33883128111,68
31044072674,3
77426934157,25
02191267071,61
22185751620,66
49363376868,48
09067705890,85
69766153164,78
86445200316,73
95431266506,19
38242440691,97
86963602323,13
62795330225,71
66115639314,88
07249435398,13
50745716957,79
82586252245,90
00196512623,25
85658350262,97
78226629958,95
92364679778,5
51672294970,25
09222991169,17
48207131738,25
98084839690,52
34651259251,93
33512349169,34
09370249264,38
92943482069,78
84907894036,73
91839013820,5
37490509582,63
37588491709,87
64811883399,22
69177326223,91
85558838003,37
50879462718,80
65964638343,71
45553665613,83
75892111301,49
60625689439,47
81930973373,53
31290784543,90
37316010464,36
18317043639,67
86681143971,28
84192220970,94
58709785449,61
95446904467,17
84459164060,93
95108815731,20
99682066879,52
01635325495,57
98618498344,66
08562063521,34
26688034136,65
89155853131,29
85425912575,72
63758507990,66
28205707906,82
39666968742,54
88716277350,52
16377401498,16
04597497651,62
84347649826,66
15023134588,61
74561376405,23
45516126731,26
27523416105,78
64286286152,27
73294715577,99
64516670943,56
34834193424,43
27495964777,77
45255386068,78
42780297640,25
42955933379,98
39285154337,65
37492692587,90
78733201109,3
95251704617,73
13829721391,51
78419273532,59
05714923422,71
56728423796,31
26212485656,10
40273844528,54
40230943774,20
51794055482,19
65247214220,15
56535205541,65
06910714559,81
06414826813,11
38900929108,58
26922795308,89
25467022323,57
01017392875,59
46733932298,64
83614074017,92
86284595098,30
70888968837,99
16782727823,9
20682040700,72
53797504737,45
96810184210,93
25462326669,80
20257871409,80
48862212291,93
94759537855,91
59343800966,75
96288410299,56
79175261567,91
22959582256,58
31644325687,96
80357428911,17
37423630519,43
74347821746,98
79115165551,46
13178149801,84
94510962071,7
93932292807,77
72374106925,41
98985986230,86
24088365785,53
83336061773,71
04784873329,68
01757530799,94
85629825291,51
76084905066,17
81710535006,90
51834872026,56
61353346487,21
06994278853,80
67489413108,41
96873794589,26
76764315950,38
02072356995,88
67920845561,77
15792293446,35
17667512612,59
53675001235,10
05211208579,23
16076908645,6
09073142966,74
17106046262,93
56115594310,67
30170830832,20
15789401248,18
52681593883,79
10002115368,13
72316495573,83
81571341168,91
19130878311,57
67140155496,61
49525200746,36
96676582333,37
69481158443,28
13025596600,52
56489283819,68
18334616406,90
51786108215,18
53857823146,99
16977349334,8
03407737445,48
01687491176,42
74366204374,32
67329563562,58
92618913738,51
33965383889,60
91821058146,57
45793881412,97
71920392974,71
50063348875,23
93717911202,53
97429245508,85
77294199740,6
47565837229,61
44475034405,97
30981181926,24
76685567680,51
76221692617,21
02458432060,74
09389161976,62
99138293777,74
80526932639,9
87213320815,5
42206063656,72
61910886794,97
05842750191,42
42094569673,38
42984848310,84
26372269205,12
15740197410,26
96130008909,96
61013522933,86
95213397544,55
60556003374,23
04502215692,32
77016511332,93
92163727553,19
94611865833,48
86651881099,24
22763878301,89
41654409938,82
94865206927,16
39215958086,85
87503916189,16
19611046235,27
27582734404,90
49832834207,100
53800144451,58
04282802770,2
78401219049,84
23880814971,52
52251867953,64
41746150490,22
26531617658,94
55191029743,25
65649095672,82
60660394334,85
80615711551,46
74379453866,36
17786858074,45
44862160855,3
85438162932,9
35523747019,83
14045921179,21
91779732370,72
97783591789,40
55480175052,37
11471027309,16
27591247158,1
76123665132,87
41769605824,32
53481062905,77
88946753277,53
10283145880,81
62798471159,63
50880504973,47
07216005996,50
45830528054,99
70158766383,10
09500888295,80
15220630503,51
14764386265,24
01429734708,90
52879070267,51
43451679227,65
05852607669,83
27737094272,88
13934055616,15
16404356487,8
95759334570,41
37794497732,98
84510908143,70
80011855412,3
49926345428,40
69028786589,55
62663496897,2
32084907866,1
75143167957,33
53316498280,36
83205514353,26
04763077059,22
18703534466,16
84533648897,30
03407130754,74
46957317409,25
02928031081,74
08558594177,96
87965683003,23
64027365442,48
08583400244,78
31336651650,42
59150786077,66
47359192288,58
29651678298,15
62795075069,20
22028960784,18
01713197171,58
65586044516,27
35856661216,31
80810231301,20
47045656123,12
80370859669,23
74770894255,35
49352187647,97
58092290002,92
76271759964,52
32679145392,67
21307715520,56
85715504378,24
00288815973,44
24848102948,18
91306278940,35
94876217044,32
08318910342,15
86041124825,92
64434190325,80
37036106812,4
05007331230,51
14175794804,13
21103054336,29
44921797656,20
59907125476,68
04415165352,7
34450940464,32
83782554797,19
45568973249,18
69713475447,58
87157475336,86
67215063210,3
41112069423,67
50710804657,32
95661004643,21
82059482199,30
86225943919,17
07027975902,49
96569515379,76
18652146720,53
99560317711,81
17097384314,64
90324844602,8
72539629446,4
81995614452,53
30943396636,22
85215247771,4
96242257357,86
59180071498,71
27132391247,12
93774210319,87
47534973951,77
09133446089,44
10247945265,71
86956790181,97
51565918603,39
56967600470,40
78167278259,60
72784674842,87
91306348051,7
81771168189,47
21690609501,73
95002659985,8
23165440035,80
95766719493,59
41221299989,79
58084749606,64
67115595924,76
78788940241,81
39870890652,34
46765570826,13
09148918950,47
58522680777,90
79217796494,56
63915403150,23
65125439303,56
99295432321,10
97803490562,96
33895180496,79
55549596995,24
08939994473,87
85919909974,1
53868613709,83
96423629828,48
51643761100,35
93974994854,75
32692514666,65
38645978913,13
70351066563,65
66781804563,54
41796911588,24
25054432102,13
49167350977,9
86857108982,66
47842668437,70
00970683814,95
66690175764,74
23487740810,81
39286661980,63
95392638645,17
72090396789,81
49819440300,19
79310820778,96
47031369253,26
52253815765,91
40417904413,84
87956192129,35
08417174533,45
58126329739,15
29781028470,91
36566131200,25
83453101816,20
37235984380,53
26979913212,27
36936105376,23
01225266020,52
65926351759,2
34841888537,61
37758223269,19
77389781184,37
46237399280,95
16802972693,76
03575801824,73
98248302400,78
40465077571,86
96304419973,73
49638879368,31
95595467557,61
95897979359,73
10988838645,32
86946214562,4
10419100341,83
40197955837,40
52768109488,100
26887659708,47
52619740405,18
88651240153,58
84270986339,39
42213573326,52
27033648120,52
88048475749,33
23869792644,94
06654087542,67
70260229224,12
00789470656,58
15269422161,54
32631437951,78
59718348957,29
09146227240,33
64436839913,73
09796383018,28
72790410872,86
76225657652,37
33206177565,88
53612259129,33
27473347574,40
02645184216,11
58413817839,69
88158323458,62
64228232618,57
55594800319,81
74888499501,32
67480287207,27
05349892423,82
72197323976,93
88817268333,34
63566840848,77
49597758644,73
82873847735,6
69342561774,34
93563995054,38
17211729580,43
34878289454,72
48603605196,6
51787562825,100
31879519236,24
39739070369,2
12906219752,22
62110258642,31
85779107781,70
99361313385,9
05043395054,86
47835087421,91
78404148971,82
75575241876,24
44169345252,34
77634474643,21
51748146677,4
46439076125,68
16446829933,1
48959142762,78
49398217148,23
55854236275,29
02310483909,63
36402151446,93
55717360075,9
90503686312,9
50486542584,25
24991041960,59
34706684324,47
74866064346,55
82677504742,38
46608214473,54
06395225761,11
61254269066,25
68144525312,7
56007004262,42
97620205600,39
23112294550,20
99120927127,56
55462697471,20
05521280023,54
96754597736,80
89349174802,16
73015650876,41
87199433892,11
88307499152,74
03913914246,83
11733240583,10
10544556859,70
92680312668,81
00035987671,66
43827118747,4
71067186859,56
42181465044,64
74922420947,73
77765455740,8
74400450347,97
25520563363,38
85022032770,55
85272214522,77
95082246743,45
37151647343,98
94953145385,62
42503935593,21
46457659893,9
06175059884,3
26697240123,100
35248469845,20
60969098060,91
52068122254,97
86707236588,62
73118177121,31
11801808780,89
87866441681,51
16058737214,19
72567305777,22
13708614477,41
39422137287,51
65678394214,9
48375508461,95
05352080460,27
14122994669,57
26016127510,36
70872128083,50
03989356980,40
08551037199,35
58062297324,16
24446469373,55
37046226158,79
63665971619,67
94798936311,59
64763054422,91
71565379539,82
72965894197,47
35281657469,59
46359078529,87
25572421638,86
41738381543,62
14066033805,62
55635168213,33
19339810109,89
29485772866,74
35437324629,19
80535161933,71
44139361336,35
21758826352,66
23459798766,90
93144621037,3
57467544126,46
90690261150,52
23255380252,31
44130404933,72
34529144345,29
98932291690,20
10352203662,45
35000502460,14
41365456105,83
85578325674,92
85971140633,53
51222942242,6
28248652455,69
27425421317,97
13799854213,63
16803177950,68
31804965385,16
09382233187,16
77397255664,83
35337874449,11
50237442510,61
81577209303,17
89896775597,24
37089536376,44
29552311075,14
30133842808,63
48077059651,57
01960129676,5
46260357090,31
35576621093,33
13410629729,73
83159378834,85
68724571647,83
89058908899,72
03838458483,6
29039891008,35
93373284570,63
99559154820,51
67672130625,28
04172690523,65
95986833703,68
26178123170,79
83684777849,17
36870669813,13
79182165575,22
79826093960,31
86266117931,41
07277266972,47
59755026583,33
53103848892,18
95440879746,25
59604392088,44
18905113414,20
22661182643,23
44058976430,87
54766729769,40
66005885855,81
06070411087,10
70427402080,26
26868281216,49
91351772742,43
74486341038,36
78539434790,26
65689935379,14
43861468516,75
40874147453,10
23816896432,97
61804148753,86
83504363861,83
55148121663,48
63338780628,84
38794428751,63
11881683281,43
89466236517,100
51592031395,17
02969167921,97
44409272603,70
52015690330,27
16728910981,26
48941793314,5
90769871078,59
92572660324,39
77180283969,4
45008880052,80
27379463140,99
70687470055,42
93466364113,92
97558644450,22
29429492458,17
23229428411,77
53166756362,46
41352901021,75
52635629166,59
63814706361,39
49221934498,24
49578446647,47
83314929454,7
33434097386,83
82874319844,74
10292290896,42
41926360562,12
47048221894,99
59868219954,3
94270206703,91
15501058114,67
54618872790,35
84805549013,92
68858435017,55
79999201117,17
94376598777,6
28684921514,63
06793926430,60
53636274733,96
06139715618,36
27152275631,9
88074712990,47
56161233508,31
96096566392,32
79381694102,47
50891338132,29
04410452034,5
71472112814,39
82929842284,10
64649385086,83
31652177323,45
95011505905,36
51304457315,88
47639966236,11
37831198263,66
92109054701,72
03814377321,52
74571107419,36
25022606968,30
93991075479,64
29020511318,74
79905201250,37
25125102500,21
01071959682,8
18034966285,78
35526861798,93
74107697503,100
33312347518,62
82004834901,54
73376534246,20
54340278653,14
89513509923,86
40768785710,10
35052293886,60
26997214839,73
22480749261,12
03501087828,14
74024577912,29
84412393796,82
98499471090,7
18193933636,15
47660044253,92
29726284791,6
18445280115,26
44497450783,24
53111344164,47
87000532964,11
54845101390,31
44028917998,72
90130740898,45
66226717411,4
89880722293,47
92887458675,82
18922620905,51
52950066706,30
65505897455,14
51165560423,84
73539024646,69
67385187637,50
70182783893,16
73047905050,31
19328489874,82
76647579241,25
55558001978,44
53666106920,47
16717586442,59
69155416402,72
78994965633,3
96530435058,51
58337574930,38
90537887370,65
44926934743,3
87127368335,58
56399808612,36
74908649256,92
98457398686,74
05758192788,80
00603645932,62
68790157529,4
59381088302,11
44407116724,41
36418957301,50
48548461031,88
11737232205,43
03993733930,7
93517272105,31
30718645586,53
40529803052,26
26530760101,85
84519638897,13
50734140644,79
18846728053,46
46849036301,84
69432291828,58
06271463112,23
09038410970,91
16977880014,56
59471179167,97
52841545667,15
96035362163,9
45784879532,13
92770404617,91
92901696306,94
20929524943,95
82535145147,13
55307027317,36
11926986961,13
98877509808,47
93238514432,5
18640951634,73
60931749966,89
70843698553,28
15056225821,55
72112367492,42
93600542923,28
49450147462,55
34003253137,15
88609138316,91
17563881996,51
62099467593,22
12029808442,96
77232535031,79
78037328796,69
67116395790,31
90747478298,80
87222272400,80
23277473610,96
73332984888,34
38319324334,4
69384371361,74
90564264449,59
52245015518,16
69620733791,41
82028916015,93
28629095933,32
02653893980,95
74054618142,99
00360207850,95
31154345889,81
44444680236,99
55768486447,42
50366804448,93
80404963281,83
89057356038,76
86057342652,65
34688137842,22
14874946384,3
77031007519,74
90739155746,79
89616242804,74
72308866584,23
86943889073,77
48991821078,34
71704099257,87
86741868145,42
31013673368,39
72379972360,54
55881142339,83
09032363716,80
85770910552,79
00535741699,40
58364220413,85
47435077525,27
44113701767,92
12934526167,74
39434101500,86
46267180611,66
64830058610,30
40932984551,74
44487262744,7
96294978097,45
72339095000,79
17003508513,97
58023726498,19
01971773540,98
23038336358,89
78018138957,65
81062478061,79
17210543858,3
03506584432,28
53462236924,61
94004276717,77
87969861092,84
56503951208,22
83705014811,83
52594456772,54
67539907558,97
37539378520,62
26459197056,55
38071700221,13
09980318200,74
48131445387,13
22044016267,61
81160685801,49
92649562199,33
60247721198,21
21220244754,35
13346111455,75
69929362948,98
33001526109,41
19338279171,49
00500271586,37
65885182949,18
30840599270,43
47898198225,51
24070923816,96
55514188705,66
25995600972,12
36661697534,45
81110412318,10
38897267460,97
01727606237,47
86623246151,64
52660257588,98
67500355164,79
85667730817,75
42328879627,78
74709021397,4
59437675675,95
32801495266,58
79810074157,8
73733334342,53
30717043919,56
78517257403,66
72372778165,28
37643091080,76
71704801612,51
54046324310,26
05085850110,1
80472767458,23
37998764046,11
87651416467,25
89593259034,96
17415244626,72
34456947253,86
63724617530,96
78316970787,82
52287619026,33
68374500005,51
42243658598,48
60463840586,56
91958141407,8
51112593813,49
22610329345,95
33824047009,43
96144234766,82
90588907890,85
64224028672,33
80914510311,76
61584605815,93
54634819466,65
31384109090,39
58622757299,11
50768938314,87
71163677561,4
52332153157,80
58861984345,32
80332115258,45
03992053433,33
21416139766,99
35630580842,58
79410742176,28
20121867908,100
03997521579,14
13948573887,37
22386823866,71
40694342124,43
77140462731,19
79732593580,66
29155867550,76
98936514500,52
16826206334,61
64977501013,46
57711088816,45
65670801630,31
40888075927,24
64148933683,80
53186950173,62
39286185038,75
29137276354,57
70656884913,24
97294699348,57
79828381090,25
37040622221,86
01993957748,77
11180469834,51
63724075076,60
05640842367,30
51444798285,6
67359182175,72
22464685530,4
46437308025,70
27496871695,24
13547932854,63
01918711778,83
85280687738,18
61115987429,36
78670434773,85
79322232023,62
05107214098,59
37338677334,93
48127778796,44
98005727278,8
56271477308,6
23902355193,36
07887333372,10
55574436378,49
46684843885,99
87691180461,79
20974629447,37
11224674191,21
17684867182,94
86283913295,14
02523691648,44
30211638836,45
79047973374,95
54384915135,68
00031447858,67
71501289638,65
34044361789,59
44681833640,85
64601408669,100
51283708882,9
95091659195,19
50563885005,78
09068623415,94
16091260549,23
14808296166,99
04158482582,40
42171645084,84
31259144525,28
04244934748,52
88196838377,99
73843581216,22
54834051510,28
40244124775,77
10210767481,2
52660160208,74
45062517238,27
18743379875,70
43822081358,93
12847552752,16
53511482569,69
68251182436,56
24906706411,27
52914616502,42
36386837734,97
85846808881,33
61688038298,75
18088111208,71
18636591792,70
17223633046,40
77174127490,44
72158329605,6
53633586388,37
37191746559,35
07874976560,30
08228876832,93
43184839670,30
74370602812,95
84863530732,7
80752796021,55
00867006188,36
07262497629,10
45259622948,7
69623792258,11
02164294332,45
59641565217,54
17482271130,40
42220241581,12
87580941916,84
50651924148,25
40880999289,17
21137117246,6
64162447327,23
59407288614,56
67951141900,12
22853782116,42
08889258750,70
82252397431,35
59432937796,36
63251380764,2
37470803537,8
33962590429,86
24514100968,92
96469216246,79
44340627176,33
79905567599,75
26805624922,99
85910738686,52
83533368447,72
62648591644,80
56166314314,73
97834316046,45
38175870830,29
93479263748,63
65715981951,71
43335238977,58
55984934745,38
43793340551,37
48074038111,63
01114824668,80
49732025235,54
30844111838,3
52563880394,3
99626877973,75
40022824008,83
48507133433,69
77939818269,74
77769815277,53
46779223659,6
79516731632,16
86535664402,58
03905727477,67
25718902672,73
53500396291,51
10086647665,90
69787809050,21
85380657325,41
90844514669,48
36875334150,83
07273036505,72
85156847376,30
33223521342,7
46288102576,56
51727546617,63
39326608646,51
79763194000,18
71681888883,38
46025031863,75
96155975752,9
59037636242,85
16182234525,99
87024764110,96
50115002470,57
97993337703,57
12927315790,31
96957496059,88
18086493377,36
11273721913,56
11433666949,82
05293992033,64
55630170014,1
56147552279,36
47325576852,24
79216271886,51
19331321397,66
32389117947,37
87532559353,94
24766886583,94
05139631599,24
78010810775,91
79872568665,82
57307784378,22
26748846486,25
54464522974,97
06765028574,44
87224462117,45
45910830421,48
40049269647,37
23643477699,3
62209264367,11
71797159761,81
47999707464,53
71556577137,1
29289655429,71
17681200420,100
97095833502,73
26030009754,71
30249542324,75
40511147391,6
71222541787,16
33921340910,10
31347467296,26
08250789869,40
00506004889,40
47357453994,23
01936344610,86
64081362341,40
08624101786,19
79575491477,78
53865852488,79
56595811786,50
56702780619,37
56243644896,89
34845982073,16
33555944850,58
03037344026,8
48082947134,81
67242874612,97
06302411963,43
87177381470,12
61034788224,30
34326800352,99
02897117024,15
82560825975,9
26197698159,72
04792390218,98
25958952718,73
85853810522,46
05770192323,12
16150553528,31
87067039075,78
11418417904,100
75013858420,8
41943364742,46
43611907858,12
63595714301,11
80797667808,90
51065122488,83
20137877429,9
39367965349,3
14996523276,90
83818821926,99
59319872427,24
16542226973,55
75505862620,52
62909267529,64
77333680514,100
33982531186,5
68375562674,17
80891482027,17
05877811705,48
25017141694,94
34112254405,96
29495136942,75
48120372479,86
80037624576,65
39389059591,96
98793973602,41
40482866918,79
42738241361,11
01080805967,74
55045306461,5
93927644226,20
81269833857,33
37390829774,5
66706557093,98
75665359137,76
95474488719,62
51061714241,10
54063156309,83
54966279400,50
99394067947,54
40971546793,59
08243081552,5
02248924001,19
81108719780,32
90840508407,28
85006235888,79
36785923307,87
44283473232,38
08109434721,29
44624339004,84
64080487554,18
24946010169,10
07257417773,20
04986170662,38
26467480279,27
23634879743,61
24607502028,50
05682322476,94
54074806852,42
60106804123,77
54737178631,9
25502734525,62
77270832480,91
26495451415,40
86040593106,81
87133733344,56
05619105932,1
18453724110,84
04144111440,37
27369900721,50
52447796358,31
87322065691,72
04457069437,92
80781948647,39
59165507880,47
44185190867,90
70548137415,15
19053432897,2
96473045271,13
35972068476,41
78278411887,78
23008428996,52
32967214435,15
84746858397,49
76467017031,49
89863407970,80
86463554856,75
21530631642,82
92281539427,43
70443438051,1
29607842303,73
80656023634,80
48339023675,85
80034375405,83
48148369165,60
48850306114,25
64549783816,50
89508759811,65
78200696426,39
17669344496,44
35629759413,6
08198787619,22
10628792220,1
75054079989,61
75546499146,32
63467247491,15
53637049556,11
37345315159,7
91043893804,78
14544214572,50
30934780191,12
24176454162,6
74675231327,1
21110044307,53
04164183867,74
34184275914,36
89818106661,45
47446114764,45
79221941236,24
67677233823,16
32559445803,33
19937554064,75
31246512485,56
60249417170,71
53581928522,5
67793311663,55
83389034362,73
69904152867,53
36550684435,44
33146648809,100
14765732129,17
36339919869,24
29195279473,6
93781443180,24
37384969355,83
40391856605,8
48546221832,88
78548442890,27
85803466249,21
13762447273,7
30680302241,32
96560546703,86
28613417283,45
99885064130,9
40256934492,88
68493356252,100
16174464316,40
24985404504,16
87886810554,23
85908164430,86
58390716116,29
60076944224,88
89781023588,46
57359458088,57
42152905392,92
03979727960,88
89694182980,63
09925882388,98
88005286503,100
31233639550,2
19121585383,63
42327785649,35
93502979507,63
09208348283,78
43856640935,82
71477137310,45
16640961222,83
76555967837,27
07742660076,73
58142935005,68
59290282969,71
62925190118,23
96627773619,95
41258065781,77
13316134340,54
42853986257,73
67455321498,39
32419034492,64
62716141054,78
65805210952,81
96481144216,45
96778550491,7
30450189527,83
85204433822,48
79655986310,91
97373984340,64
08144169122,2
50285845386,41
39315177036,13
45972302360,10
27573577125,14
23882757384,16
95632434778,36
87499562466,65
79753129161,23
08132736898,42
09495662997,57
76483356267,96
94597321819,99
40684443106,58
38415846810,12
73058729419,34
50473908815,66
04196086793,17
24725555899,71
89954360472,39
63940510660,81
03178270868,13
23697913536,94
67107045890,45
78497347173,61
64392915929,55
70254561878,63
61499808420,82
31596177912,44
14943809670,64
00608158717,48
64863489199,74
29640141073,33
79200619318,33
95428296944,65
98944562715,86
55797869702,73
87585768990,80
51155133989,45
37845794563,16
08007121950,69
14130555412,62
06172071885,50
27577114678,63
25861189277,22
26459082225,83
36285677529,100
36500716115,37
94410420585,44
45130468050,63
53850125543,13
58761569392,13
56184557431,40
68679294359,32
47469244332,49
76071288459,65
83640258366,3
52940975548,2
27832720348,1
00716893538,33
63360811607,62
52311382499,100
43538162222,1
34310322339,13
13565270397,82
54351383256,6
47840244949,70
62312988049,9
97561432781,62
97592890365,100
15246448877,32
85009134033,59
84365896585,25
08661966713,97
91149933839,54
94834396496,31
26709290139,25
61109039868,37
33478330339,62
63760254941,93
16761680821,76
09031414016,90
68405848245,51
44223519316,59
66405316025,38
50453245448,89
33420242106,11
76209947868,79
66645624163,46
09205858626,22
85684065342,60
29105972115,64
64644762372,23
89378058362,37
40295103497,36
92220341203,84
87151779008,41
41597239726,33
26972536573,7
21078427748,93
66222882909,29
65530455261,8
96314497970,45
54340084963,74
50600139163,51
13312504700,80
04048690488,61
72941367742,52
98496938991,24
47902673951,23
35088328172,49
41123141282,91
36559402168,18
06441690087,64
82667456020,92
50315420290,58
32811618440,57
09762733353,59
87191404541,79
04422591255,8
74620738517,20
50154856186,69
46372254667,30
80332715519,35
91531864550,53
29004658638,15
01846673671,22
83592161042,97
66927441046,87
66338054321,18
30829565676,81
73476863877,96
25226728646,17
52866274321,16
99900243148,40
29791669423,100
74101473660,24
66439577883,67
23252850558,63
16176157965,31
77514281056,2
71883026780,12
25780384886,53
62676247690,72
23088382894,26
24981163048,37
76621952170,58
57645681925,50
92785784358,83
69416761662,18
41515056941,42
52371758499,25
78122639347,8
50663310452,94
17605209769,38
00769329644,65
96660932714,71
14702901874,14
84314121394,29
89791666857,74
15171994857,39
57205572446,7
73489229731,20
36630425942,47
86524030099,1
93098735081,18
08046343918,16
42454153800,16
56013435717,67
05153768169,71
46657392732,16
38191304101,31
20628006459,13
29570580301,10
55211998867,53
51431584076,2
11509295766,19
80100584414,90
38304492278,18
77821697821,8
31562555563,10
96481063075,56
77349047775,89
87603845150,31
35460953612,67
86006567939,89
91633658500,15
68581201236,55
43699651497,15
79352162635,1
94477902003,85
83093714478,59
49291337709,18
12915720534,100
66701303157,37
63207137789,47
22019241372,76
15871896896,88
06194911582,34
71766649390,87
25738368990,76
31116526335,54
17081787245,12
87542188389,55
32462408265,93
54182329441,83
23098539746,29
26599160179,58
34718271330,69
06459088355,83
33835994770,27
38098423292,31
49670229618,65
45886710477,91
33300091161,43
09780015474,44
12016531788,5
33081172352,10
50181786284,71
10367542504,2
89636477370,32
97334398460,89
74246818783,94
93791686211,82
59425985037,59
98551730678,7
07328341863,27
69046732879,81
11997728937,63
16388345156,27
15863645571,36
24282418497,32
96758707898,54
44773195372,15
13057586861,56
23350279313,4
29189602663,41
10424253235,52
17938403455,52
58803000880,13
25956420551,70
96249012250,17
94680870557,86
24765587874,87
75087897825,45
31259303759,6
47230360925,88
40796885803,5
80714875352,49
03444829728,98
83540222870,11
78728690694,34
00498654223,27
50909331903,78
44836686276,87
18884360514,100
77477054819,1
47939942152,14
78439662073,38
57716950708,92
21917272730,85
78916394592,11
32163536389,70
49843362257,88
66436541415,92
85264485376,70
99020191558,68
09727715788,39
63192697122,55
35364909995,74
66321136067,42
67704295581,13
86717792112,55
62582003074,15
17062300552,51
39725315621,14
01154684340,42
49367369084,41
99460627418,85
58203309297,86
01679137196,22
13938949142,31
20276584363,62
96766345066,47
49626823394,90
78699537719,35
34289823182,83
02090112434,24
89750512062,58
18845705697,84
23040486652,49
96506869230,6
54395915188,94
56565298640,39
31185047103,77
59300313010,98
04382814249,95
88971654190,51
76979439732,18
51240841535,64
10396135561,83
90342472548,30
50529813707,31
19404518310,4
93240609871,61
39323255055,8
04799898666,88
89354288852,46
77315961767,16
35064006021,29
42029921973,11
17786466912,10
51537749489,64
63521473433,43
15288639367,15
66824832217,25
49339227099,35
77899870279,5
08678861428,61
96887782702,25
24175543112,63
53898491643,17
41335734208,93
27798844137,97
95493230431,56
97520887051,9
38119066284,59
26561889404,90
50579508060,75
06693466245,96
27169867350,70
96635432406,38
24651310754,63
63316988605,85
30721553817,33
61764711624,31
88846822590,94
89525388053,23
41186313535,3
23083926023,86
52262936001,97
84218520012,31
24588504755,6
27005600315,57
01223431683,11
29333569976,50
90539086232,48
71178225386,69
40817959078,79
23633312185,1
15781196136,48
00247130393,47
56719066247,2
97177809389,73
16987649595,66
34300771081,57
48469389891,41
93875234823,37
38123662452,11
90295257058,23
56545439254,32
91059361517,75
04152790267,93
58923721444,10
95863948399,3
01751067622,10
61539867933,78
21518510330,21
60527996721,14
01602940415,40
27584532085,50
85095491307,98
10613419994,97
37648549218,11
64048251733,47
37641386059,47
83141015138,63
29654272851,7
57966246050,45
17618957910,72
77232923907,38
43338195582,50
80653653863,34
36615792739,24
48133108209,50
49189369154,47
72444665255,58
51961071793,42
25684507947,84
17697000955,43
33643344909,10
03899832410,17
09892125470,70
21487095073,6
82726061879,51
85476921435,22
62413050172,2
15748632620,44
71939854931,88
34919837107,82
91087069523,35
03245554212,39
31273845511,42
99036831848,3
75696564463,41
48167900415,51
74433859136,99
47565950186,19
65646062813,87
00114323929,4
02168192797,16
02373359294,20
56870306983,58
92492158288,21
17504301370,78
38900895708,52
54115473193,57
32549289754,26
50637260778,42
91628486779,92
25784333909,27
06002494777,22
32330413107,48
39737715180,17
95773853429,76
94395702541,5
45399841985,92
56901743122,89
99389445544,46
85878032861,97
52670408698,44
10470721522,5
24882752439,10
53250483552,23
94485434213,26
22596481216,41
84011346186,34
34947147434,89
53404520896,4
07090950632,29
64757000082,19
91625345908,88
99535635881,79
73883380426,33
98767415351,26
79196484030,41
73156085328,12
34076684499,47
65188423848,11
10830241880,79
08886480994,62
86220759220,70
51655998623,30
77201802437,25
84553799936,21
68702492951,8
13287799615,89
48291205473,42
90807761784,56
92376062232,46
52788497610,89
55362042031,54
25712430877,66
93317493016,16
10596360820,12
93530531367,81
87612938493,68
27450810123,58
57785844879,1
44556223736,55
84343654770,79
05212443510,14
90412286660,29
40420924360,78
42675605936,20
84609286003,85
30678841320,61
03290232103,57
25173350088,48
65881675267,89
04310796759,40
79364547205,83
60429627929,66
67446586449,29
29980118152,12
85811057907,23
43493614287,58
22689960067,29
48299962660,4
33274898988,37
76283940822,44
51957702733,100
83704302534,22
37561211102,5
16200547582,90
52368088860,35
56181711720,21
24266697482,66
61089956577,82
72594313210,1
01571796063,61
10065310707,88
46715079085,91
84371598905,84
27562866033,6
77877472312,98
12561710639,95
30577539729,74
72944603179,10
57423808729,59
77309158776,45
31806839965,66
49180478987,19
64477762172,65
09307462027,12
79012377334,2
83194524308,34
00099207380,99
35378962253,94
33595568136,91
34842622609,46
80001530723,50
04758914975,56
86564303001,74
02067974081,79
04235282141,46
70477137863,12
23723982202,81
59536647249,86
93895826883,25
10997283357,13
89817393219,61
48662762734,39
90925614630,34
22276541046,54
56634861481,57
94240718371,67
58815365131,1
20095129808,49
17960390052,93
73011617026,88
40729139785,3
64419281376,89
56418680440,26
40969181691,55
51446600611,20
79175225986,82
58718511756,54
66913350692,27
05289520420,88
08153903707,16
86782374813,44
96773768118,53
11005693609,91
49577433623,72
54625690463,47
17735800122,93
01368974899,89
57936553410,86
83266221505,8
20568329464,65
36911869212,90
13749318768,24
43027282867,39
80370254527,84
99404840602,42
97709721245,83
40588691021,89
14838115869,93
76897538230,16
96743127312,54
85387269773,17
21652971942,51
71898759881,88
99767884965,22
44182433392,92
94395928956,95
97351812844,39
93546879529,15
07266796989,41
30450091559,33
72464630845,23
14571997785,92
53695740947,29
49600443836,86
96167549281,13
54229107833,79
40077050062,14
36028547286,48
11974505498,19
92847666778,38
84655556079,95
38256928915,27
88200179018,96
84413951897,96
81094516834,58
13197905900,83
93577650885,42
06664036448,67
59289564350,15
46796723448,41
35657932676,19
67481566665,92
31367476135,23
68549186743,15
76747832859,18
61603716644,31
39564239344,90
38973815982,14
71114628193,49
18037836621,14
66169148579,78
69722747545,45
03612427418,32
32562052485,30
24224705420,16
36322955507,85
10118565074,14
01643773916,89
85184815223,20
21666655471,51
02517864569,18
22757625600,6
70573485393,1
88418514283,88
40575054881,58
69508953856,42
65655298633,58
77148670543,74
69580955087,35
41157792733,73
22527577807,33
88652957388,68
04189100983,44
17045003647,25
55335855750,86
07589110902,97
24485588876,44
14498334384,47
39985862223,82
86913558933,53
41516024492,57
19215431422,25
98382609722,14
16298866857,22
18320098759,69
84455295815,75
80705845153,55
92274537755,11
98902219203,92
13799396364,65
41183338576,69
93310098639,82
47935180787,19
43987916011,98
86196780107,21
98514536137,65
27314819074,91
51264039856,93
13169420003,61
40766366021,57
10198717467,5
22192523805,58
25266061495,45
73163348689,11
40809993717,23
11815154822,27
66376165565,98
39411868911,25
50374715835,49
09906636363,23
76026076303,56
92310264098,31
22045227603,59
97797479688,78
66708825580,44
23427766866,49
20670013391,88
28484536719,33
74251125101,18
14034018397,77
33805508274,45
94739816906,86
03798242080,36
21621079562,43
63263645782,15
72737782441,75
46413326375,85
48432443311,2
90012247249,46
52836563968,43
01745177939,10
24745750704,18
48439935293,96
61124106556,34
79311168380,78
26426506635,61
36315590096,15
46074108011,30
56307535551,36
06281374529,93
01045957458,3
94102293499,59
17584438901,28
77831552283,92
46576123555,70
70127645731,62
24792077839,39
37570722794,73
65092050495,49
67171945922,63
39267265653,86
33237022019,28
05566288977,53
88997036924,36
70343563804,54
86033334730,88
43041266144,51
67636975809,75
68285698672,60
45997007181,86
24913346404,66
73221897726,97
55984843114,75
10066877618,11
73879919323,32
75451802139,35
50350466847,62
53272553315,16
27571033279,80
34413325500,96
74330014121,68
94326158337,89
76011332894,16
04100959174,12
74685124458,97
30286534097,15
31303290926,64
61536568328,82
30609115599,99
47987287167,94
87356171937,88
34173182888,43
68219710306,7
23043485835,95
14216831571,99
42082678950,86
89272900990,9
05252135583,50
20902831713,94
94491773885,60
67072168305,96
74558991377,52
34580399351,43
30642451761,68
04432785441,16
20159208554,2
40641537754,63
90007537698,12
32840644642,51
01020868769,58
02065489298,10
97630632914,7
80499975107,64
25238094397,100
45112144946,51
36557600356,68
85760903575,11
18500325648,71
30174340904,6
22861273911,9
59057190401,81
11355305160,49
00876780802,61
74162987396,89
38915552089,3
69590349627,56
27757482281,87
53309807317,84
60356835211,39
85704103347,83
31307316497,70
11501447043,3
26677913119,56
44737160497,93
35699286253,36
66417875890,23
61674072934,78
20883202450,32
47699937599,49
00056214849,33
12013158727,49
08021632656,86
78256635596,15
36278191267,100
32491638533,2
68538170343,84
04726963295,64
67487384101,28
86390761684,71
69591790393,24
12266768206,77
23698808916,18
48534955424,19
29744070192,90
84786086871,14
29212289431,70
51940814219,88
97401011414,98
38878315465,5
23249661545,78
26594299789,97
62364286844,59
44443433569,14
04710678685,83
30836275166,86
98349356529,4
23782201105,15
22780124542,29
71351119932,22
18447340241,91
22026216738,34
59107265306,100
46096427426,12
67857139025,36
25902257606,81
16316205027,47
91059337424,6
00082215259,13
61602748426,78
75863193991,45
74306213399,47
08416702782,39
42668867678,99
59036783540,17
67108776681,32
75321293827,52
84930979687,71
04803839452,69
37987085990,9
79605493727,42
40363897886,16
85207479363,26
46814820018,68
06041044324,56
61131659555,68
39977582810,98
21868455035,9
01833539541,27
18841701681,67
83694321583,62
40358902145,19
44798194170,75
92502128125,2
03622003543,55
25364082288,68
19076849773,3
04910613953,99
23090997328,1
56677063515,73
31099715710,17
03404091107,20
64614905193,42
41566672147,19
09048797236,57
73607938033,63
53329001177,76
71154795220,69
80208245837,40
54604698131,21
56934004579,87
42491379262,39
09239610033,64
24126076071,51
28214968185,38
79968152678,3
72060874948,95
26205934459,95
00452970000,44
48615148162,20
87069002222,88
41597804470,29
99118459127,9
31491640112,63
09249786330,56
21979321006,31
69952786163,30
02476373098,20
28302620219,45
68709355739,100
86910043838,38
22764113903,63
57892053416,13
76728259015,37
83987873097,46
85850309853,26
78633349204,59
25874475878,49
38048962619,40
32095557454,76
78192686884,43
93295774864,86
45156869669,76
20251353508,87
62999422516,95
65597367634,68
22290462232,75
58681459550,24
01826260250,11
77060779840,88
43108401946,16
90241127738,5
33975319189,17
68773786441,49
51588983889,33
20673415998,81
05864682315,25
01301539058,8
66325486131,79
85245819978,40
52453959308,48
95180950301,40
37169079448,89
38461842797,4
32083950313,7
88764085297,97
39942372259,55
72003601484,91
88958936385,18
43492456886,91
67434836470,32
63677428719,62
82636252986,53
95858338097,40
33291108513,44
37147858043,5
12500022941,71
33940878284,81
70924205666,70
55828999644,78
46650407970,27
13128842528,66
19766706870,76
04615393333,52
69840472290,83
45444410272,45
10503326915,3
52890068268,58
97651829166,51
31664773067,45
29019286293,33
66780970641,83
37257275293,54
79511121459,98
89442678777,13
76409652955,19
40431115783,27
75662904397,90
02197028750,71
86778174023,6
13105766602,95
10230111519,19
93786404004,79
62249266891,2
16347516911,16
18571956650,32
76403534391,77
50294934166,34
42430491148,75
83161750944,58
93778827673,79
51219242227,29
04001826333,54
70612880320,38
41434391322,43
95516983574,53
17203657683,59
74695086688,68
47261346726,58
50375213209,7
25844765872,19
01646975143,90
92303938167,34
50461525644,81
64253486758,71
35191067440,14
33039473434,84
04933278637,72
78508795815,26
68916520074,88
56023732339,20
19954363953,19
34674181985,45
86024268505,13
49626261777,49
45506361854,79
25041628486,66
62974971390,81
96252402692,9
27546197387,35
41888432372,23
18587684497,43
06870731978,32
59556122616,35
22278906630,38
37631982164,88
23096466249,39
77615669249,21
63205052409,98
26954389833,45
23268196594,82
04425065318,84
61932606920,29
54328223520,35
04686943065,45
15177550293,99
90199235792,41
43190135208,64
67763801878,98
37944488265,59
53021696575,38
01863934030,58
17797759540,91
29422767782,38
81000493310,92
99231017399,23
58568330269,73
40201765385,84
40857788462,14
22273907240,10
29911492457,29
05208746989,81
94167719057,63
58468709169,80
57599080739,99
60794371052,60
12493937371,42
83547753888,43
87782464174,85
45317227297,78
53251940355,38
92298042600,4
05488604909,100
23549970178,82
87976438003,24
41569085875,84
34406217311,52
14793445469,11
42808884437,46
30691222038,4
76646717209,43
48795930102,59
33011028144,57
80726004592,54
29492079361,75
46089959152,51
49994726408,45
58274428714,68
39464189732,61
00816269549,84
13875362215,85
47756779978,85
94705658335,91
96602912161,48
63254326015,4
74671768751,73
98102787532,52
05731404095,48
91393210546,98
55510967231,53
73426040703,91
42814540466,51
03424447351,61
88374640372,5
36714230643,90
51302907870,16
03988448887,83
53334804951,90
67431126632,31
89243255789,73
82712823946,59
56075009552,20
03044246267,59
71655999935,42
66089587982,38
12290902070,58
62171380843,3
13121843829,71
64278926771,91
92572319535,97
42857388370,17
55851262964,78
19162692122,51
05040198244,12
28207073846,10
30711645697,65
89963441912,24
32652065907,85
86561353870,52
60279105416,13
29549965619,4
31354078560,86
30109387467,84
73230854652,39
32808133767,9
74404816596,28
42472895223,95
41879056299,40
83670121516,36
19515451985,38
54767844794,98
27381391008,35
27538938330,26
18486506805,46
37804317625,37
73261019524,64
78793241177,22
35021791258,66
06147287854,36
93515842560,60
56633736649,30
50614830581,1
07511973516,67
96149043013,98
04648174459,46
83881636939,57
91030637237,14
61089962686,92
38659593662,69
89335034293,70
95668956391,15
83472821643,73
31866598985,68
35236060516,51
55896406382,31
78652158674,61
13799873712,91
60351442750,21
94051007933,38
85499319293,4
60105882419,82
25845064967,97
81135629135,86
73821937147,39
46467628172,80
62740446739,8
94039942098,22
35244096164,68
87353644630,52
16958707447,74
01872142469,18
10371184714,100
41943462858,25
65234872936,47
10456781913,2
39485532206,79
11270193790,33
18603830035,81
83344626055,14
12008296489,33
51367170214,79
72441328113,14
28061493256,32
22800426139,1
93927810635,50
52075895895,42
31950464881,81
80957826947,55
20842477558,49
63719845654,36
95172282157,40
92522874884,81
24496206783,51
23066491347,96
31675661802,35
45431433645,10
29147620556,27
01300078641,83
15912581235,35
82954313441,14
67434449314,60
46171177792,23
31682869935,45
28309027505,44
22171659422,78
07978404092,56
92480221731,63
38808010724,50
48853249918,2
64022478088,35
46100524311,56
48474593003,15
74977253184,55
92795933205,92
73308331800,6
48975753031,30
89815845961,41
33747006487,42
74616132759,29
12240388115,95
19608386211,24
56005652120,16
37227320558,30
11549280323,27
02746455429,10
56372828216,78
17465143943,90
32425172021,17
95940362874,9
01007324488,2
68225228258,78
69196362877,80
68952809940,7
35725251441,32
37750251503,11
63373224669,67
31820824074,55
29482006064,56
54987234872,38
94496980573,71
05747608521,100
70241702648,9
11698068044,91
75598539047,70
54828713372,64
99007371995,45
90259425850,24
91109997975,28
58434755772,91
94244352568,55
74073693743,42
59092254188,99
59637714907,55
90457587728,65
19307153184,60
73584424053,41
36318484924,36
89691217542,62
51449166752,74
52356155020,86
10176829824,57
28394611953,7
60992300972,72
51291975447,53
85515439469,17
39491402699,76
80295440235,37
85106017989,88
54190995244,48
07338813497,17
03948938779,19
67033923235,19
16563896593,99
01361682500,22
44546011961,53
10281089289,90
09014211135,58
32482785398,49
67823870429,64
37920901141,1
73580548735,21
09949943363,60
38540462943,7
47881490976,14
55301708639,7
23688591041,76
43399504666,11
20889209670,48
16271160061,14
69380661431,88
69091739882,63
11526007175,71
07410024550,43
70464338170,1
00843150776,34
12852005328,73
00059463920,23
88457090348,22
37808220641,70
20968143879,77
81009283603,18
72463211572,7
06721748767,39
18758286313,55
15806868712,41
81374455262,2
17291274338,88
29139737849,36
64465840373,34
67020215858,44
54280823173,10
60319495743,17
88396716880,31
29540058898,20
96776261925,50
95125118980,93
30429022471,8
59489377511,13
19304559753,93
59884314482,91
65534558312,65
37291784760,47
28690601899,33
24232060459,69
11785755181,32
65534575762,67
05374383607,39
06494259240,62
51467745359,66
69697691322,27
44480137056,38
20299725375,6
08947558462,96
80886138240,17
66557838322,61
29062838135,53
07730553402,48
95358907823,15
99328280594,49
48819558766,86
09979620122,15
99580391829,65
01380418609,31
35531626114,91
64173018928,43
38576184544,77
38371116613,7
74818683647,98
54369214203,45
02027452405,52
95122041690,81
34490876808,45
27295717677,14
38606941761,50
38124031537,45
69201774866,78
43513714281,27
27139281455,8
28235431803,10
32753271103,26
05845153441,74
69754857440,83
62121770190,47
70647210541,84
51335611718,23
83617908695,98
96456238783,53
18565856861,67
15568322867,5
19318124505,67
96928844150,57
73289446338,24
35130006005,33
43011147349,79
56049729978,83
38400340568,84
02187699136,95
19526666273,68
11858250864,4
65881556855,9
22358672594,74
85860400047,94
66828796715,96
69231765170,65
02390647705,70
16889572984,59
42765944199,92
96560142384,79
48169549281,99
32624181802,41
80504489023,2
87951230372,66
87807700238,99
39937698224,16
08381787628,30
72993572977,7
19253627511,63
41658320142,92
14748994539,83
79373402782,10
84549105250,66
08847713738,66
64644619084,90
45752843523,29
81415034536,13
28243261983,97
35356244484,44
23242162972,94
94517193209,49
89165153462,49
71115476264,29
43407895521,30
49148700901,80
00453968238,91
58227318969,9
37248041239,46
67870321394,51
68436141468,90
18691658252,19
18699616540,81
76504745900,22
31100578377,68
94151228547,71
19783757607,80
96830180683,31
26626101005,48
49189710020,91
94111944635,1
35605390966,70
62399198822,37
90400897523,39
24365942180,24
40961969937,56
73699849840,5
50901497525,40
01257439194,76
00126872273,23
87364235758,100
57665579702,87
13576263517,20
44384435425,67
38869227920,45
03691854128,59
38568087107,65
29185610305,31
37697402936,46
92865774402,62
12073514749,34
72706839653,53
20077814094,40
68701263957,52
99214187066,91
94051363984,84
47542160105,27
91832309045,86
43832189465,15
85962082726,100
67162121235,54
71531138980,55
45065392371,8
33730505983,54
25798797321,36
02633332260,35
11576622225,80
80692031519,35
91925101919,34
66651477216,35
89313792210,40
31931185569,88
28679421209,44
24497952749,25
27535991065,44
74951912697,64
34068239481,59
86064484814,38
05482392729,52
27293094366,97
25680596663,29
21008142276,72
05051268192,2
42736686709,44
79384442937,50
76471802805,81
08120815960,99
17415806923,90
58348220971,66
89131353357,88
03656332301,40
53327174340,11
80482379071,68
99358656147,33
65820221317,66
77223205541,29
83459268998,46
99347884663,87
49220068919,7
84209298130,77
23588117388,51
38360454732,17
30726003869,31
26202232532,43
70686532706,62
81370511300,42
09894299510,47
03315497297,75
54576037478,62
96018199021,14
31115288482,73
86639579551,59
41897181354,55
89751402116,13
28045573093,43
27409337611,51
18258865585,56
54893849322,45
01671228697,65
81115762991,29
57891140402,64
32930182975,92
84938250003,10
16124939088,38
32086339075,47
76413740096,36
01372445145,24
58387735222,98
89152475962,27
01758943319,83
52166079825,37
05470477967,14
27573462231,81
83190665846,55
44652714106,77
54036152324,19
01027635747,96
79674758769,2
31657546596,35
80437429755,4
83321862199,100
76620083202,77
10418729097,46
82208079927,58
23725574663,56
68501635026,22
76608502266,88
36021474891,13
54804449304,66
72494694462,23
18939742042,50
11915934062,62
71430490277,6
76533574275,2
21187749586,55
76930347615,4
70057422917,12
52909612735,60
58883771591,96
02794400097,81
46077658775,86
29385996066,13
49410651945,99
36108784874,70
01500619502,65
36372971483,20
98683635867,9
16723753935,51
90962872902,92
54781684448,31
75235518197,30
34739228058,83
85524595222,6
23737325927,87
21787551826,41
37546207799,39
02613216684,83
56666334486,7
44104794693,68
00882544020,77
19934337648,44
62683461027,90
50024953396,45
55855675227,3
33553685217,7
38066728746,52
40339647811,83
87258447153,32
14184550940,17
18170451331,61
04897655408,68
11806066201,24
78577903498,65
20980684294,4
33105799566,52
23274497866,45
47972629941,27
58010203197,73
88303621198,87
63666453695,36
63234653123,95
77057898172,46
82253568451,53
87558246514,7
15471339484,31
43872493763,14
69777066752,41
40185708531,75
07684549127,49
15989358643,97
29269379389,25
05918922367,64
49657537064,64
18329615253,78
44242914900,17
56751702982,46
64249632127,96
09366738260,15
07505522125,37
21622356045,44
29398748233,49
46957220473,13
51777393196,35
44496810068,26
81512652811,49
97503112369,66
31261832521,53
13945041132,98
35009097344,63
75046674641,1
62972836373,45
93095910307,84
19030241414,40
80159487358,6
60729052635,30
31023015126,3
94383557750,64
98281906892,80
51302683765,78
08994651678,79
46280772669,72
91116105577,43
39826662747,67
56893751115,75
36728990828,81
44495995553,34
33901935073,69
05409221166,57
99517055689,30
05043795943,47
30426216440,98
11347295562,45
61036957102,68
60778074692,99
84425470439,78
25856917773,17
74039995243,50
99288914156,68
83192176275,19
54655329789,21
96790607240,44
57103164116,5
63876583478,24
74346195928,84
93171862354,64
29751066508,81
57999111562,4
99665662532,43
32119642338,17
80132312047,76
77802827582,8
67418114738,34
87542910063,100
42766583851,78
26092823375,56
77825103737,25
89867739274,77
40831976955,3
29744562258,34
52802808024,50
69775735110,16
03577388797,74
49157768799,9
77299661050,34
25726473546,68
02877807629,32
77885340679,3
28156374500,93
30875531774,52
65338792418,54
31229332158,43
70432249031,22
19674572430,35
27716154190,69
15198089044,46
32440081264,96
52569669795,10
45375274034,100
59549036780,28
32652658842,36
54052074484,88
43130678169,78
48270452491,78
22998823600,81
02298654671,52
79329215735,2
33000514426,42
63594904231,13
39199792964,95
79443905966,51
18548054778,42
12977334654,87
36810360426,38
36060373816,24
80503195045,71
77275096115,55
20280475286,41
76011850504,13
20292421892,42
79182119078,57
78714401624,75
06270544518,69
17155295934,51
11149920870,96
86222232182,59
89927123641,57
63574787352,87
90823673249,11
20427430132,10
33538229262,47
38540167260,85
75684205150,90
84394799500,44
74708548478,71
77697661777,79
41558973787,71
63924293962,16
27108171479,54
79324921105,39
16130254685,99
88723541181,100
97500702308,92
66045609018,95
74734503957,29
81893884562,65
07790044715,10
25075792838,22
08653340018,85
95455721424,83
19073652704,48
10177245656,83
56063763287,29
13415380006,67
81247813711,79
63190102691,24
99331906637,33
19893222318,60
67012066144,19
22714963068,69
48595141912,75
91482683135,96
89584819329,15
98534981247,69
02183710463,26
37207324699,33
09933344920,86
04438396306,23
10747088589,2
47959061473,29
24764335462,69
41726453768,42
10574168527,74
11900352889,9
37432226421,17
62382584952,63
18573055598,34
70432708213,7
01344399127,95
25599880959,48
84065906799,37
16840314830,13
47409152405,53
49960334815,50
41286285514,50
19702175109,32
17901612060,58
75570445911,61
48018629009,43
91664130493,59
19925832068,100
88302830951,98
39514360710,28
38826000676,80
98272835150,49
09308638272,84
81092958796,58
51525369114,64
12560076339,52
82250138828,9
25978632991,93
96506253296,38
43618402678,87
73939267537,87
33415381153,42
45903655550,71
80440372812,80
56348431817,61
16570633043,61
89868548422,46
24493337779,78
50632569386,34
55412869804,15
79560466160,75
54061284384,81
73894609535,20
95822241493,58
01796205174,54
64947646990,24
01997695169,22
69967167503,85
18002483064,39
84805348197,9
41747114459,78
43856992460,83
67640580260,9
06574482161,33
48685952302,60
55028214665,7
25546910821,96
86298401648,67
60513349062,13
18044831312,36
42691903368,91
32042280866,45
04388319412,9
35532943283,86
25452161085,3
78143294528,66
32363598161,58
66638396964,1
84532223250,23
55333653668,97
81062659417,86
67914094257,55
96638876560,79
14387379719,80
48016383259,13
94812502621,55
73069178260,60
90688633924,89
14927249172,31
70660733165,23
25542147215,52
73073655382,41
35421892886,70
33557955522,52
15190360461,99
14987199719,59
60388871706,58
54242039907,43
08954581454,62
42344759667,67
59777968550,74
92488040450,76
21641428516,54
94721011805,90
38306060146,21
16944975679,80
99618438487,18
80930092084,38
87722329484,54
13927227897,80
31553410598,38
23394356779,78
85009262512,67
28342734224,13
07572759220,18
68923598257,84
33467902862,66
90012827215,53
87644400806,52
82447424693,55
45773778971,35
17913157435,10
99595439545,69
67559668685,89
76255568211,59
32550808740,72
92018209136,23
48717731655,67
89452178997,59
13433184807,99
68500091156,19
37940235859,41
83918201777,84
97864138102,53
69062251754,61
96518178313,86
71761366081,88
11617515597,55
61288404786,10
70299235841,71
43058840512,47
14625938254,67
48320601589,48
95445926899,99
71865115882,51
92000688274,74
86660689039,4
77368465467,5
75850358747,36
24614530962,42
32366399295,89
92150987922,24
02199736054,82
80088525237,73
12745485962,64
73249088755,42
12456241410,71
93853679844,82
05840677074,10
40496522673,66
72530198016,96
85657384493,20
31747900179,44
93272962950,74
39610843025,94
76776921612,44
41542774194,97
57871059809,69
10850048345,70
68064377589,7
39783681549,5
16109157339,56
37769932333,89
81771536446,19
05731031508,2
39652595536,2
20784909533,77
58012790455,57
53790944227,11
42773051997,19
27586892674,54
17121653198,40
62851828146,29
52172085387,22
27386777617,86
62945263705,49
85638543285,51
52397427930,96
43272963847,91
21286436905,16
38754920684,85
79557368300,72
00509006979,89
14426656082,48
38480650946,88
60669889532,75
90554656351,24
63106707657,47
17100960396,17
27295865753,53
28308687307,95
57850153978,21
47287018840,74
00784344807,78
84759031540,86
94448265566,15
35507977160,82
62375035363,54
43447742787,25
41861030167,46
86787227278,13
91054748916,60
71041776522,95
18927204339,59
17192496205,49
66766133333,92
97036047518,47
92073766650,25
63609716190,70
68002019450,95
10007747319,49
61276507796,83
02056239780,22
26670121265,68
12261505913,87
47847933566,18
94633401269,17
15554699325,34
24707252357,58
72997083990,93
38490262786,92
18514988453,48
37971461324,75
78694098887,98
30778099349,47
33843082610,73
17243403386,11
97030871634,45
47532408366,24
54394175465,82
00083228681,38
27665078020,13
06958112673,82
86983523960,12
50396635711,31
80446443900,65
62406881071,42
78792641419,29
13838543272,56
72425244759,33
01868087077,3
01850829088,20
73817690056,14
28858534519,91
80862491287,93
24624504705,26
58415813226,17
39475241651,56
40048723046,16
35957418632,99
09229288263,19
78516296333,94
44260316115,13
60935757566,18
46698400949,98
15775454713,60
09695581845,36
89975941859,83
12332153574,26
79716305054,12
79135125913,48
97801509395,33
31061695554,12
28846640884,36
20038253905,15
01307704667,86
63912298971,48
55732694700,16
65099885223,65
67674732171,92
79412568543,90
70750524673,53
40493459975,9
75147104361,95
85129861945,64
82830347700,70
60168057516,50
08302020419,53
20317639909,81
22578412221,99
84268957174,71
13121475844,35
96516888893,4
01763195719,71
11139443184,21
13490619305,43
35859437985,9
33754081673,46
95681996402,25
31833198720,82
74352878685,8
31154651924,18
54420634317,92
42073032758,5
28838474171,28
81482402890,39
25375962314,17
37168124508,47
39464399489,3
83192690246,30
37919094166,81
57456112287,13
54896182087,96
03692246748,70
46504438317,9
77027031640,63
56738661251,38
53728590903,55
00092990120,12
41234036878,60
09391144859,1
45635280793,100
39819485067,81
69477591128,22
83849389957,12
38114119449,25
72389619511,24
74953701651,13
15643891860,68
39136029503,31
24503658974,15
13929294676,87
49641839612,75
73662467498,60
63284912099,54
54082724005,32
30872872834,91
30833998101,82
55499398920,16
38813227158,77
48248683667,32
55371181605,43
10417897995,68
86553924740,86
55097507224,16
16627915474,5
85281232016,44
91121835669,83
44122360717,78
12061922834,72
77515916200,92
27079643850,95
79783551684,25
76091703456,6
06456412768,70
32189122122,53
58689623404,44
61213558109,22
12201278099,84
81450420195,81
50649288755,76
21864437719,92
75493578761,16
63576511877,57
22382026206,35
36659218788,71
20741016416,87
82346616921,21
95340657592,94
22782680692,20
55435117522,43
36797262492,12
08025280491,59
32184043759,70
94172085959,85
67108089525,23
49305221858,17
19472213178,73
77773651136,7
59399843133,64
39491937490,20
01372366968,11
62566857841,60
06513339952,14
02203194759,49
17378015052,2
06443141335,14
05460575153,88
52727203700,38
26222516791,36
33606572638,33
29402294766,41
51157302000,46
10382686931,57
77246744213,26
19571500493,34
34974070249,5
44587384584,67
46994619888,97
88983045505,44
10153917781,30
01123211724,92
15820015460,51
90921444822,99
34452614567,10
73697584242,63
19750896179,39
97262687210,100
77688393611,83
94018086177,56
60112103357,75
88748372865,15
77397707527,81
01995355193,28
33831324838,73
90512436354,78
30722396329,13
41512858640,29
63615208840,72
42803435821,63
89036575154,59
25763125911,2
30018195769,47
95349492510,88
17034661134,24
65326810076,91
58934901805,93
46576666107,7
95798509813,96
61143305478,77
02492303931,40
76202740346,12
15563315487,64
60095674539,66
35480412449,57
72635325592,91
31739703989,71
75355168329,84
97073690037,32
13802750215,25
61728946321,73
08012111684,65
66740941317,20
81677597569,37
26777846635,68
36998758799,36
20339416039,48
89695555127,71
66634477262,65
79333181572,80
37228119003,93
93237398739,97
25666391419,40
26464448646,51
64109214544,21
14738101826,55
10135198131,68
83732183101,80
02740650850,40
99243650029,24
47904647586,31
55262989519,11
97063830876,43
48537534461,77
75775898012,95
25046305725,11
43698305372,53
96944106951,46
49194298722,92
58340873672,33
91670358914,5
31396398828,46
26100333382,42
57354009961,48
53757544392,48
47190037658,33
57525077696,59
10218827913,88
91513743568,94
81285775637,62
57700151406,56
05946614135,85
88253847042,50
82881646484,68
38291645252,38
78494653659,95
86534818250,95
31162906847,83
28849809296,42
85447872292,86
27594918751,59
39002966207,40
24458730037,98
83944932776,29
97185466470,29
44371500668,49
50880455022,1
47334638854,26
76307543701,75
63634303630,29
90560501350,51
06240392294,57
83425567413,33
49535094027,71
36462500509,30
02895686183,51
75923607121,95
40054112229,14
26063268657,20
90829312249,44
48443180719,13
09903053850,53
52391658503,81
41920011920,9
66428543701,59
85393678956,93
59131771942,10
89728311416,81
99336473501,93
30613988822,63
89063171087,38
44336844810,49
48327410101,40
49135910799,8
01282357663,18
03761740950,31
15019811205,97
77396590832,1
90694137716,72
42338377810,99
58030282331,15
45273212222,94
62934551547,46
18414796471,84
79519383502,88
35309572728,7
85839580972,6
01905840193,71
89833050623,9
34480580601,54
48288719048,92
11549622355,22
17927511012,94
80479727858,23
66158523398,41
26248832957,33
65090206851,93
08036990566,75
40164829603,38
04107747051,1
01658881933,77
80487176360,90
63458682282,50
41395727947,56
49897463884,71
14221076206,11
12899995456,48
88890303668,52
07704993637,55
84071836449,4
15266455356,27
41920300564,16
41023024303,75
63647812459,96
34292718641,2
76708560386,79
80520421679,8
18272398472,9
42363403509,63
34038708859,47
53370727129,24
25098570907,61
19846221516,64
03046313453,62
25345057556,46
24869588327,78
74308065858,32
55319729162,89
59691162845,67
93204396678,100
98758706246,44
67374964272,94
93295549719,8
25185158424,49
38387236405,95
21883065205,29
70098831355,91
87025729875,90
28997565271,29
19998096334,99
54726970956,95
31448345039,43
11355873827,30
12228982874,7
30109710720,25
60002293228,10
17761878231,92
59089054234,21
75294507902,70
63291867395,26
73542758085,8
19793849829,8
54177414864,96
75506372939,66
25157866669,72
29536532696,75
69617634760,18
03466455222,20
69672867910,59
59149253933,20
11365891668,33
98447323347,42
37522971247,57
07230982836,18
94939550410,98
25469900959,96
57913263009,87
23700126281,13
81009460468,56
06226190078,38
00650231194,81
35949476455,84
93378490245,92
11485164340,34
71569999912,22
07902156213,40
47891149096,96
34751156635,7
10177351888,29
31781560969,37
32654499556,41
38363060268,11
22049005105,57
48045080181,5
16310001196,41
20717903786,93
38909835864,97
92637535910,48
84931506243,48
51309448990,91
40038032153,46
08019016636,2
73148200392,51
99846132580,33
66560955111,78
86292850651,56
06413000940,31
94739438823,62
38568300582,61
08950543033,55
57703547890,71
04560794420,71
99019965437,100
84763971073,13
22353695708,30
01776145648,94
73403488044,32
55025174030,35
39666301982,48
02502812727,28
21043059388,61
96624025873,64
73799931391,51
39017802365,90
93998508993,71
07197165724,26
82583490497,48
49804782182,19
16762975062,44
07721428063,14
84964847509,49
50623574553,40
25216602845,58
42738277118,94
12726253078,65
23489298045,8
00407795530,62
34557834526,39
18762959744,84
63614242313,67
26885691488,63
53739030484,76
79265459422,20
88082797403,89
56841521121,64
74130271573,32
78239082564,14
52753512050,73
92873854892,96
54723514854,41
71545163926,18
87800688414,3
69591039407,92
22930770223,2
76563446156,65
45636932117,58
77518625428,37
95424779700,44
89743927912,18
74490171526,37
57413174495,43
32283444282,80
88687900094,68
96028017877,94
01573789555,42
40579833080,80
35598431419,81
35182204152,48
73639361625,46
50646533157,38
94833329864,68
37276182241,80
67946486494,28
07248801911,45
05733617002,2
68386948356,38
66421985144,66
86381837452,83
81516690991,43
72189695196,83
20979038338,18
02262669594,95
60159380819,64
35041733604,52
57610330951,70
24136780153,28
21299367333,89
11489420920,52
14220977662,78
33106186317,37
37473263122,73
67642750078,60
62675007850,70
03420265134,80
43924189361,4
35893184448,20
84367445867,71
96879779924,52
47932578715,33
67878105529,5
44598452502,56
87673148882,33
34662647733,46
15670168462,83
53988934045,57
50025927329,64
36040398994,56
55266428757,9
56228007882,89
84505473205,35
17746686633,60
76130988423,17
62184857593,20
23153273926,47
11390337017,10
71209282493,12
71709106635,33
81585490085,68
23390089976,20
83481530834,53
02949299972,86
33590715855,73
44987964358,2
03045593836,37
24701161763,32
11886890909,16
11835325895,92
06635728336,92
11321714967,63
72518377360,51
13884733080,52
17768231084,96
98300927932,53
32900761266,69
15950711106,95
35756142262,10
00656589269,73
72271213731,92
38151845010,93
59014915392,98
23030029719,43
43154650064,30
54070812683,33
54136083735,100
49174205484,57
89618819832,16
24039948550,25
32494019955,36
91123658954,46
14005502741,25
93785271096,86
24272579769,38
63152853817,53
05880121370,58
92235053142,92
08948045748,32
34454960901,36
52189132965,13
78136351101,60
38694823123,37
20373476939,86
03012501174,16
72767375441,28
69168765538,86
90434615340,9
65764630786,9
25009831348,17
53916465198,97
01374008515,71
41689069476,88
76700573012,98
21498903724,52
86408743445,85
87232189520,13
46594450710,35
63770880822,67
18090867252,43
13844944794,92
12158309901,84
71098028097,51
51915270541,97
00718154587,94
73502478253,19
18619212633,19
04777636575,96
69884018467,55
30021816361,49
17725397301,21
14282471413,77
37219857656,86
12382121847,39
69452502108,22
19921138158,66
34733924839,80
27412547304,60
37375196781,3
90281726094,33
79376365888,61
45613915136,88
24261017095,74
53785339508,49
76935001037,40
29105682467,22
01538331175,20
58313484661,85
94692016268,47
89420742959,73
48555013220,60
96905486697,2
38793766241,91
67321375936,34
84498838081,90
68322888996,11
01377534994,94
36037693493,47
11876208685,26
51256920553,21
18340364305,53
02195274524,31
82869129680,60
25953816744,76
98884706418,66
63885367643,16
31089660083,88
84499468946,43
60847733360,100
05558576649,80
44697130889,2
64652766720,40
35032407389,69
36769398449,9
58820780171,28
61471336901,61
57860018568,48
81200572615,62
28208236877,77
73304336622,93
66540024606,97
26898078078,60
40726384609,63
42103058664,31
57390523499,18
14814133680,45
09198915904,82
06589541115,11
68967360548,7
39729838519,33
44562174793,63
85401009685,43
72210339074,89
88823252514,71
49866527949,22
07065463727,6
69950376504,18
00364885336,53
16499098293,27
48677181059,61
39013027933,27
21906838952,75
40586579338,17
91133781687,51
66083805673,84
52686608032,83
02296010625,17
63711481202,28
34429856230,48
20997511718,84
23537723894,31
18536777587,84
13138417766,57
23956114615,52
23138864179,67
85223415129,45
61821599065,44
52447520143,43
80191900867,80
92752701881,44
23043876768,97
66659705790,94
70679302983,31
77889036339,79
41452658055,73
21391338664,28
34323729573,35
96217408497,15
54857474031,34
31796795570,78
10128497868,59
56227479874,61
46307467975,29
56224785156,70
61108242521,46
50954188209,89
77739140087,61
78929701369,85
42313374678,61
91306887405,19
61869301659,26
27817750355,41
06666816205,59
66089581740,97
79798282768,9
89592884282,51
28647248314,69
79002553070,8
66000338766,62
23727804385,92
17434963093,52
63510920896,91
02238420005,94
06425090869,58
87630633195,37
92751735231,67
32792976612,12
62151194350,39
38530658449,84
96926263053,85
63373950306,12
41122206833,69
03549252041,4
21883562745,72
70005238947,49
44576047452,31
51202011132,26
83533202243,43
41723090202,72
48056228331,95
44782692534,50
27098206151,100
65880648401,84
22521013529,4
64723017944,89
87768330418,51
34426164324,30
84819977074,49
76956971166,46
70674043497,36
92458015367,57
35197666506,47
19171058090,21
89108344796,35
22466575116,60
44393096733,27
13585328109,93
50199913829,61
96265214185,7
60626382543,79
53528720548,43
97484794417,54
09580536132,30
04707012961,16
62111114703,35
20755575373,63
56255012231,34
45528762845,55
20171037969,11
03149334794,47
84993352596,88
10568226653,39
83273387505,46
83168705536,60
66962386883,85
03535713065,47
34845240705,4
91292501720,89
75237270444,79
99026554541,20
00127849637,99
88908634938,30
90202548964,26
62058613934,60
04064482650,83
98497195055,37
35756690835,37
44410487536,73
52668178401,73
41673923542,5
86454746218,2
57050166761,16
98800205711,19
22500875562,24
21687735241,71
28718873467,67
99822982057,39
37871264991,55
61117897659,56
52259585781,11
08831435793,6
27755216668,77
47980003994,34
54955877185,8
51633628751,3
74861693449,5
98346204416,27
55732397078,31
64149909490,69
88602125496,23
19123038447,91
40318312732,34
79590372790,35
55494152067,82
08994244943,71
54386721295,65
49158877827,70
99502251180,74
52912838677,12
80516878182,42
02537669067,55
86528730666,77
72032669285,22
10190272476,19
31745154358,83
62637084779,97
79113367774,22
51020936109,99
27712519822,71
40158402346,63
73045168662,28
70900098444,43
82971154061,52
53644072540,57
19170629764,43
97261244739,53
38681024832,98
65841556262,20
21325250218,68
75294819877,45
44499841115,22
61830615771,52
01499329917,76
63091608086,66
46148213612,40
08108824874,26
32677875814,70
60589133619,26
61520865554,54
91090559196,6
85421795773,59
34907216419,89
31281885947,99
38611060531,34
79348916171,61
66402833029,13
47705842097,1
07560895448,78
45523633891,93
29318042156,67
15132484711,95
17128380795,53
27432337199,77
97060276679,87
47430322767,27
85562885325,14
19827547969,75
32594768688,10
97235512178,62
72820450358,2
27252703630,93
63089379333,17
48770690386,72
18260139414,58
99982418638,34
62914341264,99
42104447633,31
31309254424,73
83107365830,89
46605336576,2
98717874955,18
17665715541,30
30234011686,95
55625140559,61
24757194349,18
93175008049,34
40297006302,23
44090774983,22
01764217928,63
54230566253,78
56490339103,62
04129553846,83
04155614144,3
10762449385,90
86279226447,94
52906743230,54
89301097469,31
09825085781,49
15132166963,59
80551764494,24
80291748402,39
20079521004,57
65710781346,14
56438815877,74
87371700317,12
72453047170,12
76008985582,11
76552791289,28
17782972749,14
33950871817,86
90035665163,54
45524471507,36
13936113393,58
62080191820,77
56554125355,73
27099361938,69
74992379336,1
42167419608,52
11597337942,84
36293023353,92
60952040322,71
08566524733,1
75365444132,38
98658340199,47
82083114147,28
28110159188,85
62776112539,31
02323727609,8
89788011660,17
93557260098,95
58758529232,35
36753562783,46
89241550600,78
85363152675,43
26542113601,64
92425466669,71
61915317575,57
54555928169,43
35758009405,94
50555282515,18
51334911613,6
33840360165,65
34241413301,73
51236865430,25
60917650436,37
88342627413,79
39199289376,10
20756424598,29
60061298193,61
62732854638,99
31676023750,68
85995535006,74
05161636956,15
63973545276,63
14918573494,52
48138174835,82
82528315700,67
16456726276,39
10103492877,56
55862608308,67
01063304076,95
92148232777,15
28051219779,55
46719775292,88
50694352949,31
43721487956,57
53648221319,75
50090976651,42
30272125838,62
21376331354,28
58234693448,90
34043039357,54
48163490048,52
89044360785,90
95527545542,64
86586090183,93
10830420786,6
53422500001,58
22778368262,48
61413461746,55
92864810882,41
83821270951,5
46550870130,90
18834290903,58
87020859891,67
09703213153,85
89890341958,44
70142526125,30
53490616464,82
85915053936,84
26710390240,68
93484772560,84
16009309132,61
12336332123,41
21136673529,57
93172413280,57
40273976232,66
62425142462,47
35969733777,40
79620607902,16
39345713136,7
56512861946,98
95644522013,1
17947578551,77
90202275093,24
07878561926,84
66071993883,80
15636018242,80
43554690039,96
54334889589,28
26889547383,53
89136746314,22
78370994721,55
42806194473,91
91524743860,73
89901395703,87
49191412961,3
78911730130,92
88893995152,41
09145685998,53
71939320871,36
39581583419,81
21908411067,5
21182137956,36
78582063306,47
67562938938,55
42198773723,67
58925120403,60
58917288913,90
52336654380,90
31374125433,89
39083239580,77
21123325078,56
84707250591,73
97177418181,98
24186424065,26
04893981475,86
21450792213,17
59329699269,50
55237702106,43
19526493832,10
69028026748,31
28174299334,31
72415722987,82
49045914172,41
50845652171,26
38388400801,96
74225881966,98
97459569173,85
43516926157,10
49678247052,34
89433182024,93
72230295475,98
53011926337,25
98867667652,89
06844925444,30
10706383418,36
46701061777,26
76250015174,82
26325818924,59
18372012621,27
73780300116,55
60423129164,95
86211219582,59
84616195939,14
15943770799,15
31125129019,81
98199663422,66
98766033067,95
11420915675,55
56684466221,70
62379564694,81
17737905718,73
72772751845,34
05984267452,85
37101066818,90
67284359294,17
33907705217,38
87133778169,87
70278438700,41
99291721257,10
10199201388,99
42338179886,26
77034284472,44
27841438541,98
24635034572,94
84255279957,94
60254169531,34
31227291395,4
04637601027,67
76798122044,77
43794743676,32
19794742047,83
50220020286,14
67045762113,60
78452621120,7
33295166383,44
59516411652,46
61986856628,36
20198407713,16
49455806474,69
93434055306,31
15418870371,41
38809071214,73
15787676333,44
54480611281,98
87361528456,99
46067710393,17
80802890491,3
14816984787,75
86572783153,6
56128860276,26
17113783674,35
25617655042,3
78511531401,49
11825931861,56
58394720077,37
55538694784,1
27360755939,90
45772834035,68
87058296231,79
52253907505,32
55794233982,97
00180666717,32
52456379091,69
71430832766,59
91001551726,7
65553721525,1
23593786655,56
11364458910,60
70054963623,62
19033858468,95
82148270895,56
56249841019,100
93106161295,85
22021460094,17
64249458094,63
34440205615,6
34926163245,14
41562832236,92
32360833141,69
70029573095,95
56166930808,52
10978079677,16
53481810057,2
81730814887,94
10315711126,13
10435730635,21
76472549723,91
70680621450,19
37212508036,46
38472057519,16
93212763471,59
25189148471,29
60892056392,74
36930530933,89
05603342855,79
65621709371,92
35490491958,22
80755601625,92
64914511284,27
80859266163,26
05939884139,100
50518165970,79
99262631341,33
62090687165,63
59461030944,8
31236909362,76
30999229181,75
70931689228,27
56856251431,17
72780597568,77
04897633432,98
72190670661,20
11790829408,33
92630577865,62
25702918185,93
90922142975,38
50925223688,27
66563482554,91
92922182657,99
49209678230,83
91175884469,1
82845633198,79
12596287501,19
85765254180,83
82749803761,33
98950200837,69
00469064394,86
92635074435,12
30279010777,37
51650413251,2
54151316869,82
31931486365,42
19374474506,96
36632304720,17
30504047073,30
54148309815,70
05806620657,15
94953028293,93
50991373984,31
79541230338,89
35425128907,33
78678184926,18
12725374794,99
35312559764,69
14415321009,21
02106140566,79
03997327820,60
81551639352,78
95609767005,56
28250397037,93
41723599733,41
40405148160,53
15229540423,91
55913600038,75
14736949238,64
59424001658,44
07640735582,12
88316652394,31
32842864920,81
22877407491,86
23604483245,77
64840211450,3
68778128215,71
20180508799,67
52710460501,30
26830372957,70
54394413665,99
52802068726,58
08315772865,50
57063109363,7
32593624045,91
81294801406,40
96120202413,41
59824679574,90
31958829282,35
93374274046,7
93500376573,85
65551968992,12
74190921190,47
87185003343,71
58027420788,86
16364031212,76
87683932711,14
12600032259,20
34743851633,27
40018826275,53
70906756148,81
66096236546,59
42717208133,44
96805299824,88
53925925566,92
83157460924,94
88502442875,44
88423000975,39
02253982051,84
93493989856,41
64050600024,11
33797270051,98
54764818840,77
52626623490,95
90360301177,53
67449099664,35
74911502671,45
51722595099,85
46893043604,85
98492517806,47
97107858062,17
02404368419,30
93017213425,99
61879986905,30
34005625975,40
33862293477,88
04830300960,78
08890606666,22
09784346922,32
59641021893,88
51002138130,86
83625839327,13
83836477058,84
46656187620,85
54666256218,5
60811546335,91
63985991661,97
71933475892,92
65722487792,62
58238701379,63
06457239764,28
24212207204,70
72705537925,32
80488442811,20
56663987023,24
69876649034,36
92989252916,18
44742814504,94
40599215259,60
64025363011,37
99154790948,20
83099453041,38
83226432833,79
29337845223,15
01565867629,21
61380545728,85
59031680169,57
44151069657,71
20783677689,90
30712735140,40
47707027098,23
36314306710,60
25990873248,80
97952707702,9
13566291827,58
12550393324,66
03690788185,90
81421201955,22
67243637376,36
20324049510,68
43722887375,48
96866681267,1
69969001866,71
11288834699,74
60714858957,83
42313749551,85
96107230225,70
03211159131,77
75413010745,25
24710882396,22
25240791764,55
45554475237,35
53934738905,80
54264377387,72
00821794369,11
82665663768,65
02585362751,75
60066440837,60
85801165573,36
45841704874,40
18285623588,23
42511711471,77
05852260605,68
37121743033,25
86045093570,10
96098262452,86
95753402366,48
96828034912,27
72722128112,26
32665379293,79
17584699720,61
51654999293,20
07682875700,52
47166978820,26
71615291371,58
09455325947,13
01588589372,46
56212235262,87
39180236173,62
61980141402,36
37798896244,95
64826872604,70
74238493862,21
05606856983,14
10509493089,67
30376464871,78
89861758780,31
26521999327,47
16108540766,88
64715683056,3
82286986415,93
55106498603,3
94037899716,36
63545263970,74
69663017827,76
24869249170,63
27192133176,13
85862213795,38
49775783715,29
07010091455,16
87003854079,25
85733825613,21
01666445839,56
23453808487,38
09034970865,86
51975124581,64
74511466034,61
23041556347,41
27620797327,37
01629198465,42
82904324276,76
64947201481,13
63703491264,30
58892911730,20
77334610929,84
62411839907,5
99181786045,55
07266800140,40
44440025135,4
29583187340,38
61320831901,79
62176569470,56
59686197654,11
41794092954,35
71050413750,84
45160124655,46
79086443147,86
65088500580,95
19341889367,81
03368915542,31
37864970332,74
98566943094,10
49844179388,34
91522928750,82
67630992516,80
34927641592,87
14697314153,37
85807850077,28
93639845274,47
91687021142,33
22991671732,73
15031002502,72
52927569643,9
92314474756,61
36275578217,62
09523486236,27
82939076012,59
47310890157,34
55682836249,14
80206189772,36
29211864087,32
09674529748,12
42920005559,41
46988642175,6
40901470300,41
83243478889,68
55263311706,94
90682562017,71
85972741947,27
24645067077,55
73244169845,30
47394492310,61
47381231881,30
78825212174,44
96995916895,100
98528279798,6
95244755457,69
56429751030,20
79180627161,69
73606703428,7
72214982541,6
35171310044,44
45709495064,1
06697191301,15
14021922550,15
87019516360,92
78242814655,39
03518479616,71
00988549189,33
98105306198,51
02268612055,1
32821412220,7
49490312876,52
90740246444,86
98578511753,62
49947201929,55
56062177329,9
66170411854,1
89998173006,59
63564269537,64
97613133315,34
59859029989,49
43579108343,9
13911212449,88
75969073980,65
56317625582,19
55157511099,78
80937783292,90
36163000540,47
70147678309,68
82212620547,75
97870483347,9
69062731625,55
34937597930,84
74795434227,31
26803738755,27
83805282071,64
15610460739,3
66496010522,19
68261681147,84
99195074436,15
15272583209,83
33145767887,98
35064959828,85
91083722165,57
68019717525,12
53933221930,90
03679791676,1
37291639373,5
85190592680,41
29617065649,6
87380822983,99
21256494963,62
29335022941,99
43806863737,94
18015134774,98
15121747348,90
22355530881,95
56644668073,92
76925896447,73
05055569759,93
88571372391,16
87109758724,83
72110596823,48
40007704720,75
48368300965,13
29836369268,66
01680884960,24
38992460114,69
00645763668,93
64685344310,31
46842023128,69
63742097725,78
26610715995,30
87395858885,41
29221904499,92
80892685925,46
35040228773,58
71156156014,30
86216085815,81
61318924250,83
90612790574,8
08668015794,92
08723562889,23
62470895098,76
75662582495,88
28503773055,74
15806023538,28
34952798845,22
21143523822,99
88005199802,37
89545297707,96
41251812729,44
85721086353,25
04281641067,70
06249779524,85
64368158674,70
12010514504,42
64149215530,92
00118606579,69
67795661741,13
69214025478,51
42443977694,81
50580784303,13
23400759124,28
09739192465,5
75828965965,63
73180298269,35
38957434650,45
51826635416,45
35814736722,48
25994360898,85
25540410885,30
27130214222,66
78209552484,87
10006814958,60
03471911302,17
73394878834,70
90678925415,1
21059678809,26
78693085653,68
94042164917,51
01974981063,84
65383612518,73
71707042427,63
64491362586,45
51358318042,61
55103656217,9
11981282481,36
84139292353,4
75483385798,81
39603590207,50
65344987772,48
78999381973,30
89518599248,51
42121738096,17
70180993486,23
76053953837,35
81875798701,43
17739472118,9
43131644979,71
58220070626,77
04184314699,21
73965147242,11
61567554141,25
26730651091,85
10190244278,41
79357246526,11
92078688452,79
33762225986,35
92175430735,87
33308095204,87
61306511963,73
01598746914,41
81906910198,53
27353174336,25
04283728418,97
14113465222,5
10968546453,91
04228800007,84
48193036100,83
83626611606,7
14691660453,45
53529428412,48
93316792900,68
90249830996,49
63368578112,71
76516397990,16
34241070206,60
50236184304,43
48840290752,64
16524149694,75
55591379073,41
58379177689,28
73852460752,19
76504635138,100
20314002864,71
60189982194,7
48041019207,79
39921515430,15
63123163743,34
49536615353,12
43902780380,81
52987075377,93
64075755066,47
47178247031,94
74044898427,40
21888258217,82
81097574321,89
54718967329,76
92650235847,12
19506040187,66
85177905668,85
17526228840,73
94972869150,48
22111702079,2
17606884808,71
32375876387,3
69863562326,28
74137635928,26
15445264975,67
97022127447,86
86518829879,79
72182422819,22
33510661195,72
96048613826,96
51362367987,41
19812303634,90
86871899840,90
47368006543,3
97887393945,3
85046954490,78
48865619928,23
37683770312,20
91256873835,63
46482096748,75
98560611488,89
81083233051,9
79511589280,37
57541211291,93
26699414945,62
40399886889,28
33114620684,80
80731712704,40
33250039930,36
03215069865,72
72807542360,7
58187840073,35
76160997989,12
35757739079,63
76314570148,77
54821514463,6
91747454952,38
17630884267,26
78559248227,48
18381254621,98
10885412913,32
71570649646,12
15925398917,42
47665203473,5
64157186103,77
90703452851,32
12658946015,87
76970425298,10
01484553717,38
77054863001,48
90416177576,21
91570742484,59
20394691350,50
67443047636,60
65768206658,76
08251469689,63
48951674204,73
33125131566,51
68773667407,15
06047823272,45
66312011597,47
86170006337,97
17876992590,18
58083555496,53
93482297167,62
59768041128,41
64481487312,58
98883777289,28
49701857515,50
87368867596,74
10726996381,18
35558067008,62
07078157451,96
91405011729,9
26598759486,88
93894389924,92
83626253833,49
22109636070,63
92366055727,73
96632851695,56
13193916592,66
69018799316,68
50947786501,46
45971783266,9
09800001127,27
69755042320,10
99965796170,62
31244566596,33
69727992069,37
50440318261,45
68214670702,59
97217144295,83
20473719837,14
10090178386,68
82484435766,47
54772913107,27
34291934072,42
64515005116,81
30343066198,15
63751863475,62
15168067339,84
06669442803,97
92113133760,9
04883745176,34
14206426498,68
23753827511,88
90178192510,14
54665362284,22
56517610215,23
90250401630,81
51366776606,13
79577273914,91
73697413192,90
94493117908,34
58219580310,30
31230512351,64
55479287880,25
79594930945,57
26526981876,19
80457663611,35
12062909431,42
70578164966,39
38496984750,86
26348061026,50
27548442381,70
14650386399,72
74311671986,3
23239249561,72
80529257612,5
57108206868,48
30294789470,48
45406658915,97
21587936781,71
08399197217,35
25296307043,92
78048603853,83
98682708810,85
38499883698,59
76525309415,55
69207687504,82
35646877132,44
81614339699,51
99720747861,55
28011899284,33
45176999821,49
62811042242,53
92271604432,61
17131142103,81
16372799708,22
40743943230,97
18835656891,59
12667996273,89
78756583973,89
07429433056,51
71260142391,97
52891536668,19
67422380785,15
22319654211,32
23246337929,55
49777696128,10
14494908508,69
66008603423,13
63254383541,49
79684255288,25
16203757031,51
87866494629,25
48420211523,41
24745413682,98
92402297688,35
20501414453,100
67017684283,39
76642870640,57
41129469081,88
36074360226,88
28134043978,35
48889170490,86
77307714241,39
56546931326,34
17796757587,34
88148062807,50
47520511560,99
25465187098,64
73247045105,89
58169067819,88
74947898296,44
04294228469,10
12769400450,36
11111361150,19
66898436132,28
63286481536,89
06735532314,96
40133010852,87
53999300914,93
30166043366,17
92951035850,96
77266308365,22
72846079502,67
04429421198,15
91270814920,11
83579564872,73
83390811521,33
44087901442,26
32064117751,37
96294663915,21
33245381840,92
92481017971,76
91846946274,76
55384484396,86
03158579276,54
38898114294,98
91735451819,13
35346896178,95
85452810347,28
97131021630,34
74489589522,62
34344298007,67
69344859811,93
18172588879,97
26967103128,97
98100997207,81
08504647475,50
72201940608,63
84109798119,63
50197187879,60
98034487789,27
09544740215,31
01303162534,52
69380732194,86
65752315325,8
00721393045,42
07725044064,48
81503075288,80
24257519195,7
73939525910,83
23061529318,52
82581267835,12
98693515950,77
00536021625,71
85974717689,46
97424993981,48
16729901624,36
84461225730,72
07709888418,52
14357784144,53
55881620868,26
93261555402,25
21197722297,18
49866192372,1
49975792100,91
43503967972,3
51485697995,63
80205132544,100
90665076659,74
76643791743,63
01721737395,67
76509919269,15
11872410227,5
62453225184,26
15662894366,47
75747826106,64
32369171700,47
90670926659,45
48373717873,87
77277602393,100
58704973823,89
34285730611,32
84066169741,45
15387724896,89
25096578526,76
38220377573,57
10755058705,37
47240895680,41
44526271650,20
68017164711,76
12708350239,50
27172809154,86
64331018192,81
10799156241,53
07332078505,76
70056245240,13
99054460000,81
04711644280,38
34818413752,52
00175667320,87
14424039883,74
88644747530,18
59429183092,75
34561831582,21
92103996298,5
03644131082,53
26458838528,32
24802333248,94
82897039586,1
82513450385,95
37775870025,24
88121873596,2
91663165657,7
90181734416,32
12710659961,96
17950063385,47
88868548289,95
65705866408,29
42492033646,92
99166187376,67
84667632299,2
61802466645,14
79817830118,50
01906391893,76
85851034814,66
23589414914,49
55561550694,90
43504216319,47
96015194329,64
72859933535,28
21217680099,44
67830553138,86
93004120239,14
25619807449,91
93250304862,46
17495975827,46
96105145135,68
35347642717,2
90716050063,69
20102045767,17
07222823050,54
17296577150,67
94963855042,2
09326541782,100
79575308037,4
41615981599,71
43835768648,44
67864999021,46
39193800374,13
08654917161,34
73388545635,60
07271114728,94
07305838494,17
10227643194,24
69350453383,29
96680859731,43
29306462752,79
15865364400,10
91459130658,6
30762516473,10
83741460462,69
41261026032,53
84799216663,1
28329994932,95
57940835887,86
89251463238,58
42141738426,28
61136944987,65
39017123325,64
04594032827,65
92966860282,25
17819778503,3
28373213126,52
47230538184,55
80701265423,35
55636059914,31
42962122174,58
61132480114,28
87384939008,80
43652535504,67
30660079137,50
72077402510,31
16390598464,9
09032875921,88
67238615622,87
41026195129,78
81594986707,62
69267808574,68
75577034185,6
69211092828,30
12905248560,75
60961509846,35
41694065183,41
68700252088,63
74662448809,64
49103490324,19
76502930453,76
46974122815,42
02736095790,22
51001816067,47
24953619530,36
94007291791,100
68778775674,14
76878758410,66
71563434379,85
27965263782,96
88471553809,15
59363964431,7
40142588514,37
29761068069,29
86819852293,79
62770906143,40
13325333604,70
85716761202,80
70684553351,33
27719139267,29
12585589983,80
45281621374,26
82929998860,14
28071040384,92
61261307067,52
13335026430,22
82714938703,31
70240450916,26
90596230474,89
36181556225,100
17708821498,37
73719242740,4
60184938582,4
23363788026,82
87078533484,64
12858372552,24
34155537342,39
22650303730,12
98663690581,86
89131984989,44
58537489555,8
50612702721,97
09016320751,5
96175414231,13
46384575545,40
47001208402,52
41192632337,26
40890358190,85
57908902144,26
44957656078,63
01890094977,7
80194908818,76
20863282553,20
62712506647,31
68449811539,32
54329431544,99
87236899117,56
17078972389,50
73354978942,96
26314009693,58
82982167118,6
04899275800,9
74001033423,7
71287384780,37
62776587775,14
92334606894,36
25708824567,66
90819008931,61
64072769883,47
36052783115,61
63878679851,48
67926842677,56
99642856324,73
89248688316,59
17730959260,89
58651966222,85
75052364887,70
82528040784,35
97970749077,68
54870227314,28
12621458178,56
96906178855,5
78628399164,96
79432274817,57
26066625039,69
22141171756,52
80752981801,62
08647538224,58
18288337573,26
97695415189,65
95054129689,48
64723988698,54
36293833987,96
37442333599,52
17795106344,24
58154317447,78
96042182702,32
01683033226,56
69657527438,43
11132132655,1
29693416236,57
03788478424,28
28094064851,99
15673053132,42
05437693022,7
33229071311,86
00921934406,59
28164512633,31
45421833099,26
33377277154,10
98627333334,63
69366474609,72
02854513501,93
51701278394,68
28330064151,56
70907829475,5
56651962631,82
93261883011,81
21133388588,5
90542710575,72
32198248206,41
18977160510,70
67447949429,3
46169059671,6
94639845826,35
32501349649,78
20765721402,40
18030266379,45
78364867211,51
26150771407,21
39164038420,95
81820234951,18
50334815794,34
10015510385,26
39025334202,33
09124905045,63
64323289764,36
97553642512,33
57019560821,15
61228419893,71
86507409419,15
69335358035,52
49864345007,73
90696385827,93
31959391035,49
10802890581,45
96197961537,63
74992633787,23
62404109125,88
12762875829,55
94391555384,55
10588991826,88
91905721630,87
38840898059,37
38795206723,66
09840794667,39
51064778018,14
69814372800,25
23565334276,83
87423754940,100
79758190027,26
84975907927,60
91538002610,35
10375879803,45
23886409479,72
64987698381,79
86518163692,19
73960294524,22
56960401632,29
42033953192,57
78740921468,87
95744986828,36
08927047840,74
18584645241,1
50765017376,23
12825732555,91
46113114282,46
47179497304,22
25457176233,13
98950747845,20
83299106332,38
31676012740,84
88506443247,12
70742517965,23
16783782538,65
73853970390,44
67932285987,29
64557296013,19
50925190217,35
27176447191,72
19536859359,26
63510477337,64
82969909856,54
98444963354,47
00078456735,9
35938785678,87
05576881610,7
21748519365,83
78120353741,10
21254999194,21
82921767941,100
45564373455,94
16694804925,47
43343951491,93
63075920035,12
39091695654,50
54675459857,81
99215320198,96
82809574177,39
94490149346,59
66634897130,72
40630205947,98
38218834463,77
14640740415,35
49977960239,52
24993165157,62
62627913016,10
22016474933,6
14538594512,42
71086077180,23
32520529215,73
44683957426,17
55138259769,51
78095387452,78
44256512561,71
81521951092,87
75841972519,13
99194527377,15
63797152615,57
83381694308,19
58283793899,100
07590508125,20
44854013565,46
77375103950,17
90042091777,40
43235945624,74
86065136532,38
73017067540,36
46420149071,11
29748430869,84
92236654556,86
84839884624,67
08220282561,74
62702239331,52
80856931277,97
01610221947,14
51663848641,74
38903500110,45
88842937694,25
26409472515,43
99175486178,2
20586117280,97
02172742211,76
74573474484,23
86025732963,91
65354203018,84
96355225643,83
27556225838,63
60111427991,31
62959444900,83
74164834809,54
27823049935,43
56727723820,53
48507755993,90
75325642675,43
89385387996,67
79272042649,55
12264399287,49
96213113625,7
93603049357,89
56005799025,81
51574795291,65
18010473785,90
84373630681,82
25671149384,74
73879597125,61
99024470978,65
52169396329,90
34145040892,39
89492234463,34
06981467874,86
11948937717,2
18946283020,31
47120004462,11
37472950893,4
12726261380,79
79047466212,96
22219407878,5
12112557672,64
22490635427,17
44169614141,71
76431883864,100
62853356226,40
97354706367,74
28771519908,75
39641546831,95
35958928000,56
98343640466,92
62051500694,47
01607287997,58
81885311220,18
91312574476,48
13194560315,95
96439492664,69
27331486463,40
30041677388,40
40838812258,75
13292707557,81
93307580474,25
16858934700,59
82718540465,56
73775182086,98
46462496371,43
61063613049,66
88870392061,11
52999128332,18
24315117367,47
72361227443,42
17671479444,89
60353710595,28
01248631873,96
91749688888,82
23448648209,51
70236605661,30
21347297430,64
13101283258,25
20016607254,90
72680084270,55
36841572691,94
26410039058,57
15713410060,41
69608279447,16
06722560981,95
94581003868,33
57215531619,79
89209366260,58
60010366884,25
71731627772,5
62973013543,63
95855967820,41
49260622940,37
98195691920,25
63958710169,63
03617094172,31
90009107955,83
32316607349,69
54626641026,94
70115674238,33
54030412748,71
50392786798,19
39365081638,90
62479049996,69
80863456292,52
61587664441,89
22078603062,74
81776080182,70
43454959699,62
67209827565,38
37693206978,15
47701961207,2
95287973491,16
66268968029,62
96645014719,82
86217752750,88
98336792919,70
19785548819,28
46426144635,30
10665264465,14
88063447315,51
67188399551,18
23469450235,99
07321829127,38
16475151042,99
99973849956,50
06279211532,72
33272736065,87
12489848297,85
62422353051,82
57397699307,68
36693921955,16
15848558694,54
68242653328,63
02921528210,73
46226295935,38
51150344177,41
06643926639,66
80881412917,93
56392622047,79
54157714709,69
76768786729,72
97558275739,97
78823876500,83
54852805959,82
81756312448,14
00499283878,40
85981700244,96
72526049263,50
24734676140,100
48835306064,53
50430512827,86
38110952390,33
97532034950,22
46832690964,81
45014963035,64
06129766839,32
94184057715,46
05674604823,63
32407785516,85
88537414229,77
83644355270,56
66097516133,12
27213188850,38
15092300585,51
14401161393,45
66573526410,2
62528378080,11
11289061484,77
66130694535,40
24707173276,72
27330049529,20
91151734957,75
96014775670,86
27328930398,79
57474470264,76
34062765769,74
43187538257,49
95702528756,2
81708079309,98
73380305947,79
02402804234,57
93373998763,97
80226893824,2
26610294446,64
49378748399,49
29107574775,46
65848004152,35
44534701462,30
47703636080,64
52310862739,87
98762196696,49
83597437401,15
97102804605,65
84087550594,80
75433011121,89
50301472848,95
58531938888,50
37148102260,70
85914737842,36
63604556271,23
67396705573,83
69973192162,96
49143873429,66
69670406704,69
87047285467,96
72235938262,2
19665072157,1
59625410675,99
60408446734,36
85171848507,95
38082551261,71
96709834159,55
54281832000,63
35724352650,21
98134016018,33
18009152403,12
43709794155,80
74633668734,15
46055864316,1
72406722663,94
92014224041,26
34218425424,19
07527990303,45
80490858893,20
82525692685,59
27837055584,62
15487322117,38
56337814683,36
15308254857,15
36476666926,46
24827355654,80
45269853390,74
67033560689,59
74168937148,64
95301452537,2
03088839782,47
60386624629,40
26255134718,25
74432970108,58
50596615493,9
33959798394,7
10776592838,40
27516067733,72
43723644949,9
22931182850,35
32304533348,99
78064199568,96
33869583427,2
62016656757,83
98855973172,83
94346314708,68
84475864240,66
98459712429,17
82449121614,46
08447734969,12
00796583268,33
32162325308,91
83116115589,98
36739035324,40
05553269067,89
14848514729,53
70595048647,59
74619001466,30
20183272307,94
92323771806,57
22252823399,22
32718992449,11
58040416694,28
05954705481,62
28858308510,86
09699496255,52
01148569972,45
92195576351,64
00450000281,68
05330678636,76
95691379510,85
49512151243,13
03686140432,47
56104522836,84
95878635110,28
71029704778,26
48767386782,82
59365401022,71
02902455675,94
61784039951,3
90625950286,23
01062787804,33
39990246521,35
06384450026,96
82702495779,95
61679026753,8
84921913283,13
93509026989,49
66008701870,95
28553097413,68
84370013546,46
12890309556,76
51662681723,78
17593867002,52
14618410359,72
17645548488,52
70468565579,7
03645486462,26
09871646499,87
97136261827,29
31780116414,63
64774181382,55
36031442387,79
93206724195,78
28912598348,93
46189001530,75
20079418416,88
60260358426,78
15801178850,95
35337061401,1
02070249654,1
86718766272,74
43808160792,69
66819966092,54
46003885872,61
47536462014,57
23053039218,31
30859335213,57
36885469094,82
76129198131,2
39318617924,22
70983973033,16
13616284958,25
57395650977,33
55184765907,60
56336634664,65
92064418612,95
35421689008,71
36610940264,76
81792952424,31
07754851105,66
51931777762,76
12124279323,30
31904009026,56
14674034043,57
45117183354,65
53470417613,36
21913276716,31
68474813436,96
82278692592,10
95910646628,75
51753616392,24
28301330958,2
75925211710,54
61768740661,80
54538729156,32
97266605226,88
23543135004,86
08261803470,72
19007163873,50
91604440383,4
64322812988,94
47935431602,94
61971863799,63
80320534210,53
53077096305,33
59855956918,67
49104148623,84
78176353724,30
87413229683,12
72733322506,58
32454783356,83
39857175234,99
50142603866,77
59481156753,67
10755328294,59
04271890974,68
18298305180,4
66902205166,32
44229094664,46
54110525352,82
45985225451,10
49055371309,20
91267196817,64
45673873052,24
64051054294,16
80731719521,85
26893538361,82
65683484829,57
29496800143,93
74189034075,50
31138587587,92
57918552956,8
37960576115,3
47362805752,95
12892159782,82
94164052301,62
75876167752,73
25862685959,44
18643378610,62
59940895188,83
36602907522,87
87688702040,8
82834235427,64
47219756720,44
65147675618,59
58839670172,14
52106144440,72
75967181504,95
03386801804,55
83369338648,69
97271054976,95
56638199999,50
50795880664,66
25795805367,45
75308100957,12
56440045911,11
42593434179,86
09330158160,45
34796281499,57
54829152962,70
30754021731,73
49926633049,45
49931923924,2
25009447421,49
94455627486,39
40557102374,54
30396863326,18
19629079656,74
41703805092,25
92732922783,54
17145362877,4
87652449855,43
01121107942,86
02639763571,94
71835156263,80
09084028327,35
16976477105,91
24673755372,60
21108460040,60
82972254738,52
38232610594,28
67287737994,57
97339107691,82
44872503368,40
87339336881,30
74651967269,77
42697034744,10
55680973056,35
32856632820,34
08469029497,80
75392901910,46
79670168222,1
90322261357,98
95043930243,94
25905714507,64
93218767554,47
49344692067,7
19540715574,80
09368700843,14
36370349146,7
18829260283,20
53186378752,85
22319374282,70
13620620635,59
70200538226,31
30417291356,23
01017563166,36
64861698112,75
48249386955,17
53795364618,57
78217465709,12
01912844892,32
08779252967,78
88557294989,11
11507305971,7
81060256405,60
62334951557,23
62873207671,57
77001595043,83
19525998431,11
70969478722,57
10309190402,91
84544211337,4
66301108638,23
20084829436,98
55876795312,80
72888501017,51
66779731792,74
04671531575,17
72819227911,28
84618436088,53
47695158583,48
16079072800,9
10276646809,4
14572005311,2
09360951760,63
05561665866,96
38806269493,40
88615085139,42
14455773563,26
35777019460,22
16102902056,56
46321477734,33
96162127668,47
35240084070,92
94018836086,100
35734280732,90
94706691128,56
85968134425,35
41940937910,79
07916155024,87
87839351086,33
23026317766,19
26198438420,12
74416934400,61
84756622534,67
99558556015,96
74853455240,82
27636658234,89
68818448373,32
57734669762,78
78354943556,86
82710576792,6
46272731370,51
94760456491,16
98375259391,40
26612784539,17
61418384351,78
94886136319,90
79827024866,23
51050959887,1
78992078922,11
28502366609,99
92106094165,17
56566623044,55
42028114562,16
62154206176,6
69962724393,39
08119575571,44
97340369496,47
38736540019,56
28113463805,21
62246464049,49
78450919055,91
90571361738,95
97849104348,63
01691978583,78
19824138141,75
79468081073,91
97330579542,52
24952103912,44
59312759343,16
24950820788,58
79797637791,76
46566489540,10
01163084922,64
85823089565,73
73904342425,62
41361266503,72
14885646759,4
03987607510,3
17470985879,69
86612986458,66
04749528030,94
65663875928,77
60506517675,20
80333935823,96
27865719851,5
08944827702,47
40553241222,77
68965708911,100
85525777041,19
29110775320,19
86497186032,6
00229429124,5
14656840440,41
06980535652,98
09050852782,6
46107484071,96
40430706480,34
99114921383,39
31966031551,23
51600894603,53
02750679221,54
92192497824,39
56519502406,86
48952670760,40
19199319137,38
12070451721,17
36939709028,67
69938841592,94
89653991034,63
87577570650,88
04216937078,23
49480145191,99
31960269069,41
59805665692,45
40180326951,91
66656810055,18
91431196169,1
17106934894,87
03232172441,62
72358603529,1
98125271255,92
11815386375,27
68732384588,91
88890635861,31
48744611416,58
26457632065,66
21340942723,86
74148132369,43
68710364478,49
26991551742,5
55967480838,30
60775218408,37
03445244232,96
55993246813,33
85015360156,75
86712036173,16
07869368806,43
75357156410,94
59498999204,27
79794124065,67
37238362933,50
94026444288,67
74175987700,16
98847226724,53
01033309301,18
16141359230,72
73584173482,39
11061421861,65
49206453922,61
58249729923,27
58189305967,78
41771041491,71
37699001820,29
09006213265,81
06482136362,83
05424304219,86
79891024809,5
24313524782,37
93091265050,88
87830353212,97
14001137096,81
15920259122,29
64603757846,40
83360917634,56
07176392193,69
96702710754,67
46261305594,68
